[2026-09-08 18:47:39Z INFO HostContext] No proxy settings were found based on environmental variables (http_proxy/https_proxy/HTTP_PROXY/HTTPS_PROXY)
[2026-09-08 18:47:40Z INFO HostContext] Well known directory 'Bin': 'C:\Users\Bhuwan\Desktop\New folder\actions-runner\bin'
[2026-09-08 18:47:40Z INFO HostContext] Well known directory 'Root': 'C:\Users\Bhuwan\Desktop\New folder\actions-runner'
[2026-09-08 18:47:40Z INFO HostContext] Well known config file 'Credentials': 'C:\Users\Bhuwan\Desktop\New folder\actions-runner\.credentials'
[2026-09-08 18:47:40Z INFO HostContext] Well known directory 'Bin': 'C:\Users\Bhuwan\Desktop\New folder\actions-runner\bin'
[2026-09-08 18:47:40Z INFO HostContext] Well known directory 'Root': 'C:\Users\Bhuwan\Desktop\New folder\actions-runner'
[2026-09-08 18:47:40Z INFO HostContext] Well known config file 'Runner': 'C:\Users\Bhuwan\Desktop\New folder\actions-runner\.runner'
[2026-09-08 18:47:40Z INFO Worker] Version: 2.337.0
[2026-09-08 18:47:40Z INFO Worker] Commit: 397b032cbf865e9c3ddfab89d533ec19325e1273
[2026-09-08 18:47:40Z INFO Worker] Culture: en-US
[2026-09-08 18:47:40Z INFO Worker] UI Culture: en-US
[2026-09-08 18:47:40Z INFO Worker] Waiting to receive the job message from the channel.
[2026-09-08 18:47:40Z INFO ProcessChannel] Receiving message of length 23144, with hash '1143b0dba408a9b2f99f7c6ad0c06aba06af9fd2340aab4e7362d3a37ee32e2f'
[2026-09-08 18:47:40Z INFO Worker] Message received.
[2026-09-08 18:47:40Z INFO Worker] Job message:
 {
  "fileTable": [
    ".github/workflows/cicd.yml"
  ],
  "mask": [
    {
      "type": "regex",
      "value": "***"
    },
    {
      "type": "regex",
      "value": "***"
    },
    {
      "type": "regex",
      "value": "***"
    },
    {
      "type": "regex",
      "value": "***"
    },
    {
      "type": "regex",
      "value": "***"
    },
    {
      "type": "regex",
      "value": "***"
    },
    {
      "type": "regex",
      "value": "***"
    },
    {
      "type": "regex",
      "value": "***"
    },
    {
      "type": "regex",
      "value": "***"
    },
    {
      "type": "regex",
      "value": "***"
    },
    {
      "type": "regex",
      "value": "***"
    },
    {
      "type": "regex",
      "value": "***"
    },
    {
      "type": "regex",
      "value": "***"
    },
    {
      "type": "regex",
      "value": "***"
    },
    {
      "type": "regex",
      "value": "***"
    },
    {
      "type": "regex",
      "value": "***"
    },
    {
      "type": "regex",
      "value": "***"
    },
    {
      "type": "regex",
      "value": "***"
    },
    {
      "type": "regex",
      "value": "***"
    },
    {
      "type": "regex",
      "value": "***"
    },
    {
      "type": "regex",
      "value": "***"
    },
    {
      "type": "regex",
      "value": "***"
    },
    {
      "type": "regex",
      "value": "***"
    },
    {
      "type": "regex",
      "value": "***"
    }
  ],
  "steps": [
    {
      "type": "action",
      "reference": {
        "type": "repository",
        "name": "actions/checkout",
        "ref": "v4",
        "repositoryType": "GitHub"
      },
      "displayNameToken": {
        "type": 0,
        "file": 1,
        "line": 15,
        "col": 15,
        "lit": "Checkout code"
      },
      "contextName": "__actions_checkout",
      "condition": "success()",
      "id": "a3a5180f-7c9e-4f4b-acd8-35f2cba0bd52",
      "name": "__actions_checkout"
    },
    {
      "type": "action",
      "reference": {
        "type": "repository",
        "name": "actions/setup-java",
        "ref": "v4",
        "repositoryType": "GitHub"
      },
      "displayNameToken": {
        "type": 0,
        "file": 1,
        "line": 18,
        "col": 15,
        "lit": "Set up JDK 17"
      },
      "contextName": "__actions_setup-java",
      "inputs": {
        "type": 2,
        "file": 1,
        "line": 21,
        "col": 11,
        "map": [
          {
            "key": {
              "type": 0,
              "file": 1,
              "line": 21,
              "col": 11,
              "lit": "java-version"
            },
            "value": {
              "type": 0,
              "file": 1,
              "line": 21,
              "col": 25,
              "lit": "17"
            }
          },
          {
            "key": {
              "type": 0,
              "file": 1,
              "line": 22,
              "col": 11,
              "lit": "distribution"
            },
            "value": {
              "type": 0,
              "file": 1,
              "line": 22,
              "col": 25,
              "lit": "temurin"
            }
          },
          {
            "key": {
              "type": 0,
              "file": 1,
              "line": 23,
              "col": 11,
              "lit": "cache"
            },
            "value": {
              "type": 0,
              "file": 1,
              "line": 23,
              "col": 18,
              "lit": "maven"
            }
          }
        ]
      },
      "condition": "success()",
      "id": "ea7c80f5-51d5-4b8d-b78e-dd0c3e20db88",
      "name": "__actions_setup-java"
    },
    {
      "type": "action",
      "reference": {
        "type": "script"
      },
      "displayNameToken": {
        "type": 0,
        "file": 1,
        "line": 25,
        "col": 15,
        "lit": "Build with Maven"
      },
      "contextName": "__run",
      "inputs": {
        "type": 2,
        "map": [
          {
            "key": "script",
            "value": {
              "type": 0,
              "file": 1,
              "line": 26,
              "col": 14,
              "lit": "mvn compile"
            }
          }
        ]
      },
      "condition": "success()",
      "id": "724f7b3f-9fa4-453a-8d03-57beffb54149",
      "name": "__run"
    }
  ],
  "variables": {
    "Actions.EnableHttpRedirects": {
      "value": "true"
    },
    "DistributedTask.AddWarningToNode12Action": {
      "value": "true"
    },
    "DistributedTask.AddWarningToNode16Action": {
      "value": "true"
    },
    "DistributedTask.AllowRunnerContainerHooks": {
      "value": "true"
    },
    "DistributedTask.DeprecateStepOutputCommands": {
      "value": "true"
    },
    "DistributedTask.DetailUntarFailure": {
      "value": "true"
    },
    "DistributedTask.EnableCompositeActions": {
      "value": "true"
    },
    "DistributedTask.EnableJobServerQueueTelemetry": {
      "value": "true"
    },
    "DistributedTask.EnhancedAnnotations": {
      "value": "true"
    },
    "DistributedTask.ForceGithubJavascriptActionsToNode16": {
      "value": "true"
    },
    "DistributedTask.ForceGithubJavascriptActionsToNode20": {
      "value": "true"
    },
    "DistributedTask.LogTemplateErrorsAsDebugMessages": {
      "value": "true"
    },
    "DistributedTask.MarkJobAsFailedOnWorkerCrash": {
      "value": "true"
    },
    "DistributedTask.NewActionMetadata": {
      "value": "true"
    },
    "DistributedTask.UploadStepSummary": {
      "value": "true"
    },
    "DistributedTask.UseActionArchiveCache": {
      "value": "true"
    },
    "DistributedTask.UseWhich2": {
      "value": "true"
    },
    "RunService.FixEmbeddedIssues": {
      "value": "true"
    },
    "actions.runner.requirenode24": {
      "value": "false"
    },
    "actions.runner.usenode24bydefault": {
      "value": "true"
    },
    "actions.runner.warnonnode20": {
      "value": "true"
    },
    "actions_add_check_run_id_to_job_context": {
      "value": "true"
    },
    "actions_batch_action_resolution": {
      "value": "false"
    },
    "actions_container_action_runner_temp": {
      "value": "true"
    },
    "actions_display_helpful_actions_download_errors": {
      "value": "true"
    },
    "actions_runner_allow_artifacts_file": {
      "value": "false"
    },
    "actions_runner_compare_workflow_parser": {
      "value": "false"
    },
    "actions_runner_deprecate_linux_arm32": {
      "value": "true"
    },
    "actions_runner_emit_composite_markers": {
      "value": "true"
    },
    "actions_runner_kill_linux_arm32": {
      "value": "false"
    },
    "actions_runner_node20_removal_date": {
      "value": ""
    },
    "actions_runner_node24_default_date": {
      "value": "June 16th, 2026"
    },
    "actions_self_repository": {
      "value": "true"
    },
    "actions_service_container_command": {
      "value": "true"
    },
    "actions_set_orchestration_id_env_for_actions": {
      "value": "true"
    },
    "actions_skip_retry_complete_job_upon_known_errors": {
      "value": "true"
    },
    "actions_snapshot_preflight_hosted_runner_check": {
      "value": "false"
    },
    "actions_snapshot_preflight_image_gen_pool_check": {
      "value": "false"
    },
    "actions_use_bearer_token_for_codeload": {
      "value": "false"
    },
    "actions_uses_cache_service_v2": {
      "value": "true"
    },
    "github_token": {
      "value": "***",
      "isSecret": true
    },
    "system.from_run_service": {
      "value": "true"
    },
    "system.github.job": {
      "value": "compile"
    },
    "system.github.launch_endpoint": {
      "value": "https://launch.actions.githubusercontent.com"
    },
    "system.github.results_endpoint": {
      "value": "https://results-receiver.actions.githubusercontent.com/"
    },
    "system.github.results_upload_with_sdk": {
      "value": "true"
    },
    "system.github.token": {
      "value": "***",
      "isSecret": true
    },
    "system.github.token.permissions": {
      "value": "{\"Contents\":\"read\",\"Metadata\":\"read\",\"Packages\":\"read\"}"
    },
    "system.orchestrationId": {
      "value": "43ca3f32-b643-4c60-a306-afa2d01780ca.compile.__default"
    },
    "system.phaseDisplayName": {
      "value": "compile"
    },
    "system.runner.lowdiskspacethreshold": {
      "value": "100"
    },
    "system.runnerEnvironment": {
      "value": "self-hosted"
    },
    "system.runnerGroupName": {
      "value": "Default"
    }
  },
  "messageType": "RunnerJobRequest",
  "plan": {
    "scopeIdentifier": "00000000-0000-0000-0000-000000000000",
    "planType": "actions",
    "version": 0,
    "planId": "43ca3f32-b643-4c60-a306-afa2d01780ca",
    "planGroup": null,
    "artifactUri": null,
    "artifactLocation": null,
    "definition": null,
    "owner": null
  },
  "timeline": {
    "id": "43ca3f32-b643-4c60-a306-afa2d01780ca",
    "changeId": 0,
    "location": null
  },
  "jobId": "8a4a043a-9532-5073-a499-0701481293ec",
  "jobDisplayName": "compile",
  "jobName": "__default",
  "requestId": 0,
  "lockedUntil": "0001-01-01T00:00:00",
  "resources": {
    "endpoints": [
      {
        "data": {
          "ServerId": "",
          "ServerName": "",
          "CacheServerUrl": "https://artifactcache.actions.githubusercontent.com/fgpwAyjT6x6hl5EQmnS8Sh0eHJbJVIsJGuHTP7IkIRVJtP51yA/",
          "FeedStreamUrl": "wss://results-receiver.actions.githubusercontent.com/_ws/ingest.sock",
          "ResultsServiceUrl": "https://results-receiver.actions.githubusercontent.com/",
          "PipelinesServiceUrl": "https://pipelinesghubeus2.actions.githubusercontent.com/fgpwAyjT6x6hl5EQmnS8Sh0eHJbJVIsJGuHTP7IkIRVJtP51yA/",
          "GenerateIdTokenUrl": "",
          "ConnectivityChecks": "[\"https://broker.actions.githubusercontent.com/health\",\"https://token.actions.githubusercontent.com/ready\",\"https://run.actions.githubusercontent.com/health\"]",
          "ConnectivityAndDNSChecks": ""
        },
        "name": "SystemVssConnection",
        "url": "https://run-actions-3-azure-eastus.actions.githubusercontent.com/95/",
        "authorization": {
          "parameters": {
            "AccessToken": "***"
          },
          "scheme": "OAuth"
        },
        "isShared": false,
        "isReady": true
      }
    ]
  },
  "contextData": {
    "github": {
      "t": 2,
      "d": [
        {
          "k": "ref",
          "v": "refs/heads/main"
        },
        {
          "k": "sha",
          "v": "df0d204c773f646264550cb0dc27ffc8204dc474"
        },
        {
          "k": "repository",
          "v": "bhuwan1233/Github-action-project"
        },
        {
          "k": "repository_owner",
          "v": "bhuwan1233"
        },
        {
          "k": "repository_owner_id",
          "v": "98870773"
        },
        {
          "k": "repositoryUrl",
          "v": "git://github.com/bhuwan1233/Github-action-project.git"
        },
        {
          "k": "run_id",
          "v": "34263489982"
        },
        {
          "k": "run_number",
          "v": "11"
        },
        {
          "k": "retention_days",
          "v": "90"
        },
        {
          "k": "run_attempt",
          "v": "2"
        },
        {
          "k": "artifact_cache_size_limit",
          "v": "10"
        },
        {
          "k": "repository_visibility",
          "v": "public"
        },
        {
          "k": "actor_id",
          "v": "98870773"
        },
        {
          "k": "actor",
          "v": "bhuwan1233"
        },
        {
          "k": "workflow",
          "v": "CICD pipeline"
        },
        {
          "k": "head_ref",
          "v": ""
        },
        {
          "k": "base_ref",
          "v": ""
        },
        {
          "k": "event_name",
          "v": "push"
        },
        {
          "k": "server_url",
          "v": "https://github.com"
        },
        {
          "k": "api_url",
          "v": "https://api.github.com"
        },
        {
          "k": "graphql_url",
          "v": "https://api.github.com/graphql"
        },
        {
          "k": "ref_name",
          "v": "main"
        },
        {
          "k": "ref_protected",
          "v": false
        },
        {
          "k": "ref_type",
          "v": "branch"
        },
        {
          "k": "secret_source",
          "v": "Actions"
        },
        {
          "k": "event",
          "v": {
            "t": 2,
            "d": [
              {
                "k": "after",
                "v": "df0d204c773f646264550cb0dc27ffc8204dc474"
              },
              {
                "k": "base_ref",
                "v": null
              },
              {
                "k": "before",
                "v": "02919ae248d29502c5858514ab55e4d71ae61866"
              },
              {
                "k": "commits",
                "v": {
                  "t": 1,
                  "a": [
                    {
                      "t": 2,
                      "d": [
                        {
                          "k": "author",
                          "v": {
                            "t": 2,
                            "d": [
                              {
                                "k": "email",
                                "v": "98870773+bhuwan1233@users.noreply.github.com"
                              },
                              {
                                "k": "name",
                                "v": "Bhuwan Bohara"
                              },
                              {
                                "k": "username",
                                "v": "bhuwan1233"
                              }
                            ]
                          }
                        },
                        {
                          "k": "committer",
                          "v": {
                            "t": 2,
                            "d": [
                              {
                                "k": "email",
                                "v": "noreply@github.com"
                              },
                              {
                                "k": "name",
                                "v": "GitHub"
                              },
                              {
                                "k": "username",
                                "v": "web-flow"
                              }
                            ]
                          }
                        },
                        {
                          "k": "distinct",
                          "v": true
                        },
                        {
                          "k": "id",
                          "v": "df0d204c773f646264550cb0dc27ffc8204dc474"
                        },
                        {
                          "k": "message",
                          "v": "Update cicd.yml"
                        },
                        {
                          "k": "timestamp",
                          "v": "2026-09-09T00:15:54+05:45"
                        },
                        {
                          "k": "tree_id",
                          "v": "d6d954236151ba5178640db3484387581a4400d6"
                        },
                        {
                          "k": "url",
                          "v": "https://github.com/bhuwan1233/Github-action-project/commit/df0d204c773f646264550cb0dc27ffc8204dc474"
                        }
                      ]
                    }
                  ]
                }
              },
              {
                "k": "compare",
                "v": "https://github.com/bhuwan1233/Github-action-project/compare/02919ae248d2...df0d204c773f"
              },
              {
                "k": "created",
                "v": false
              },
              {
                "k": "deleted",
                "v": false
              },
              {
                "k": "forced",
                "v": false
              },
              {
                "k": "head_commit",
                "v": {
                  "t": 2,
                  "d": [
                    {
                      "k": "author",
                      "v": {
                        "t": 2,
                        "d": [
                          {
                            "k": "email",
                            "v": "98870773+bhuwan1233@users.noreply.github.com"
                          },
                          {
                            "k": "name",
                            "v": "Bhuwan Bohara"
                          },
                          {
                            "k": "username",
                            "v": "bhuwan1233"
                          }
                        ]
                      }
                    },
                    {
                      "k": "committer",
                      "v": {
                        "t": 2,
                        "d": [
                          {
                            "k": "email",
                            "v": "noreply@github.com"
                          },
                          {
                            "k": "name",
                            "v": "GitHub"
                          },
                          {
                            "k": "username",
                            "v": "web-flow"
                          }
                        ]
                      }
                    },
                    {
                      "k": "distinct",
                      "v": true
                    },
                    {
                      "k": "id",
                      "v": "df0d204c773f646264550cb0dc27ffc8204dc474"
                    },
                    {
                      "k": "message",
                      "v": "Update cicd.yml"
                    },
                    {
                      "k": "timestamp",
                      "v": "2026-09-09T00:15:54+05:45"
                    },
                    {
                      "k": "tree_id",
                      "v": "d6d954236151ba5178640db3484387581a4400d6"
                    },
                    {
                      "k": "url",
                      "v": "https://github.com/bhuwan1233/Github-action-project/commit/df0d204c773f646264550cb0dc27ffc8204dc474"
                    }
                  ]
                }
              },
              {
                "k": "pusher",
                "v": {
                  "t": 2,
                  "d": [
                    {
                      "k": "email",
                      "v": "98870773+bhuwan1233@users.noreply.github.com"
                    },
                    {
                      "k": "name",
                      "v": "bhuwan1233"
                    }
                  ]
                }
              },
              {
                "k": "ref",
                "v": "refs/heads/main"
              },
              {
                "k": "repository",
                "v": {
                  "t": 2,
                  "d": [
                    {
                      "k": "allow_forking",
                      "v": true
                    },
                    {
                      "k": "archive_url",
                      "v": "https://api.github.com/repos/bhuwan1233/Github-action-project/{archive_format}{/ref}"
                    },
                    {
                      "k": "archived",
                      "v": false
                    },
                    {
                      "k": "assignees_url",
                      "v": "https://api.github.com/repos/bhuwan1233/Github-action-project/assignees{/user}"
                    },
                    {
                      "k": "blobs_url",
                      "v": "https://api.github.com/repos/bhuwan1233/Github-action-project/git/blobs{/sha}"
                    },
                    {
                      "k": "branches_url",
                      "v": "https://api.github.com/repos/bhuwan1233/Github-action-project/branches{/branch}"
                    },
                    {
                      "k": "clone_url",
                      "v": "https://github.com/bhuwan1233/Github-action-project.git"
                    },
                    {
                      "k": "collaborators_url",
                      "v": "https://api.github.com/repos/bhuwan1233/Github-action-project/collaborators{/collaborator}"
                    },
                    {
                      "k": "comments_url",
                      "v": "https://api.github.com/repos/bhuwan1233/Github-action-project/comments{/number}"
                    },
                    {
                      "k": "commits_url",
                      "v": "https://api.github.com/repos/bhuwan1233/Github-action-project/commits{/sha}"
                    },
                    {
                      "k": "compare_url",
                      "v": "https://api.github.com/repos/bhuwan1233/Github-action-project/compare/{base}...{head}"
                    },
                    {
                      "k": "contents_url",
                      "v": "https://api.github.com/repos/bhuwan1233/Github-action-project/contents/{+path}"
                    },
                    {
                      "k": "contributors_url",
                      "v": "https://api.github.com/repos/bhuwan1233/Github-action-project/contributors"
                    },
                    {
                      "k": "created_at",
                      "v": 1788858498.0
                    },
                    {
                      "k": "default_branch",
                      "v": "main"
                    },
                    {
                      "k": "deployments_url",
                      "v": "https://api.github.com/repos/bhuwan1233/Github-action-project/deployments"
                    },
                    {
                      "k": "description",
                      "v": null
                    },
                    {
                      "k": "disabled",
                      "v": false
                    },
                    {
                      "k": "downloads_url",
                      "v": "https://api.github.com/repos/bhuwan1233/Github-action-project/downloads"
                    },
                    {
                      "k": "events_url",
                      "v": "https://api.github.com/repos/bhuwan1233/Github-action-project/events"
                    },
                    {
                      "k": "fork",
                      "v": false
                    },
                    {
                      "k": "forks",
                      "v": 0.0
                    },
                    {
                      "k": "forks_count",
                      "v": 0.0
                    },
                    {
                      "k": "forks_url",
                      "v": "https://api.github.com/repos/bhuwan1233/Github-action-project/forks"
                    },
                    {
                      "k": "full_name",
                      "v": "bhuwan1233/Github-action-project"
                    },
                    {
                      "k": "git_commits_url",
                      "v": "https://api.github.com/repos/bhuwan1233/Github-action-project/git/commits{/sha}"
                    },
                    {
                      "k": "git_refs_url",
                      "v": "https://api.github.com/repos/bhuwan1233/Github-action-project/git/refs{/sha}"
                    },
                    {
                      "k": "git_tags_url",
                      "v": "https://api.github.com/repos/bhuwan1233/Github-action-project/git/tags{/sha}"
                    },
                    {
                      "k": "git_url",
                      "v": "git://github.com/bhuwan1233/Github-action-project.git"
                    },
                    {
                      "k": "has_discussions",
                      "v": false
                    },
                    {
                      "k": "has_downloads",
                      "v": true
                    },
                    {
                      "k": "has_issues",
                      "v": true
                    },
                    {
                      "k": "has_pages",
                      "v": false
                    },
                    {
                      "k": "has_projects",
                      "v": true
                    },
                    {
                      "k": "has_pull_requests",
                      "v": true
                    },
                    {
                      "k": "has_wiki",
                      "v": true
                    },
                    {
                      "k": "homepage",
                      "v": null
                    },
                    {
                      "k": "hooks_url",
                      "v": "https://api.github.com/repos/bhuwan1233/Github-action-project/hooks"
                    },
                    {
                      "k": "html_url",
                      "v": "https://github.com/bhuwan1233/Github-action-project"
                    },
                    {
                      "k": "id",
                      "v": 1361157473.0
                    },
                    {
                      "k": "is_template",
                      "v": false
                    },
                    {
                      "k": "issue_comment_url",
                      "v": "https://api.github.com/repos/bhuwan1233/Github-action-project/issues/comments{/number}"
                    },
                    {
                      "k": "issue_events_url",
                      "v": "https://api.github.com/repos/bhuwan1233/Github-action-project/issues/events{/number}"
                    },
                    {
                      "k": "issues_url",
                      "v": "https://api.github.com/repos/bhuwan1233/Github-action-project/issues{/number}"
                    },
                    {
                      "k": "keys_url",
                      "v": "https://api.github.com/repos/bhuwan1233/Github-action-project/keys{/key_id}"
                    },
                    {
                      "k": "labels_url",
                      "v": "https://api.github.com/repos/bhuwan1233/Github-action-project/labels{/name}"
                    },
                    {
                      "k": "language",
                      "v": "HTML"
                    },
                    {
                      "k": "languages_url",
                      "v": "https://api.github.com/repos/bhuwan1233/Github-action-project/languages"
                    },
                    {
                      "k": "license",
                      "v": null
                    },
                    {
                      "k": "master_branch",
                      "v": "main"
                    },
                    {
                      "k": "merges_url",
                      "v": "https://api.github.com/repos/bhuwan1233/Github-action-project/merges"
                    },
                    {
                      "k": "milestones_url",
                      "v": "https://api.github.com/repos/bhuwan1233/Github-action-project/milestones{/number}"
                    },
                    {
                      "k": "mirror_url",
                      "v": null
                    },
                    {
                      "k": "name",
                      "v": "Github-action-project"
                    },
                    {
                      "k": "node_id",
                      "v": "R_kgDOUSGdYQ"
                    },
                    {
                      "k": "notifications_url",
                      "v": "https://api.github.com/repos/bhuwan1233/Github-action-project/notifications{?since,all,participating}"
                    },
                    {
                      "k": "open_issues",
                      "v": 0.0
                    },
                    {
                      "k": "open_issues_count",
                      "v": 0.0
                    },
                    {
                      "k": "owner",
                      "v": {
                        "t": 2,
                        "d": [
                          {
                            "k": "avatar_url",
                            "v": "https://avatars.githubusercontent.com/u/98870773?v=4"
                          },
                          {
                            "k": "email",
                            "v": "98870773+bhuwan1233@users.noreply.github.com"
                          },
                          {
                            "k": "events_url",
                            "v": "https://api.github.com/users/bhuwan1233/events{/privacy}"
                          },
                          {
                            "k": "followers_url",
                            "v": "https://api.github.com/users/bhuwan1233/followers"
                          },
                          {
                            "k": "following_url",
                            "v": "https://api.github.com/users/bhuwan1233/following{/other_user}"
                          },
                          {
                            "k": "gists_url",
                            "v": "https://api.github.com/users/bhuwan1233/gists{/gist_id}"
                          },
                          {
                            "k": "gravatar_id",
                            "v": ""
                          },
                          {
                            "k": "html_url",
                            "v": "https://github.com/bhuwan1233"
                          },
                          {
                            "k": "id",
                            "v": 98870773.0
                          },
                          {
                            "k": "login",
                            "v": "bhuwan1233"
                          },
                          {
                            "k": "name",
                            "v": "bhuwan1233"
                          },
                          {
                            "k": "node_id",
                            "v": "U_kgDOBeSl9Q"
                          },
                          {
                            "k": "organizations_url",
                            "v": "https://api.github.com/users/bhuwan1233/orgs"
                          },
                          {
                            "k": "received_events_url",
                            "v": "https://api.github.com/users/bhuwan1233/received_events"
                          },
                          {
                            "k": "repos_url",
                            "v": "https://api.github.com/users/bhuwan1233/repos"
                          },
                          {
                            "k": "site_admin",
                            "v": false
                          },
                          {
                            "k": "starred_url",
                            "v": "https://api.github.com/users/bhuwan1233/starred{/owner}{/repo}"
                          },
                          {
                            "k": "subscriptions_url",
                            "v": "https://api.github.com/users/bhuwan1233/subscriptions"
                          },
                          {
                            "k": "type",
                            "v": "User"
                          },
                          {
                            "k": "url",
                            "v": "https://api.github.com/users/bhuwan1233"
                          },
                          {
                            "k": "user_view_type",
                            "v": "public"
                          }
                        ]
                      }
                    },
                    {
                      "k": "private",
                      "v": false
                    },
                    {
                      "k": "pull_request_creation_policy",
                      "v": "all"
                    },
                    {
                      "k": "pulls_url",
                      "v": "https://api.github.com/repos/bhuwan1233/Github-action-project/pulls{/number}"
                    },
                    {
                      "k": "pushed_at",
                      "v": 1788892254.0
                    },
                    {
                      "k": "releases_url",
                      "v": "https://api.github.com/repos/bhuwan1233/Github-action-project/releases{/id}"
                    },
                    {
                      "k": "size",
                      "v": 526.0
                    },
                    {
                      "k": "ssh_url",
                      "v": "git@github.com:bhuwan1233/Github-action-project.git"
                    },
                    {
                      "k": "stargazers",
                      "v": 0.0
                    },
                    {
                      "k": "stargazers_count",
                      "v": 0.0
                    },
                    {
                      "k": "stargazers_url",
                      "v": "https://api.github.com/repos/bhuwan1233/Github-action-project/stargazers"
                    },
                    {
                      "k": "statuses_url",
                      "v": "https://api.github.com/repos/bhuwan1233/Github-action-project/statuses/{sha}"
                    },
                    {
                      "k": "subscribers_url",
                      "v": "https://api.github.com/repos/bhuwan1233/Github-action-project/subscribers"
                    },
                    {
                      "k": "subscription_url",
                      "v": "https://api.github.com/repos/bhuwan1233/Github-action-project/subscription"
                    },
                    {
                      "k": "svn_url",
                      "v": "https://github.com/bhuwan1233/Github-action-project"
                    },
                    {
                      "k": "tags_url",
                      "v": "https://api.github.com/repos/bhuwan1233/Github-action-project/tags"
                    },
                    {
                      "k": "teams_url",
                      "v": "https://api.github.com/repos/bhuwan1233/Github-action-project/teams"
                    },
                    {
                      "k": "topics",
                      "v": {
                        "t": 1
                      }
                    },
                    {
                      "k": "trees_url",
                      "v": "https://api.github.com/repos/bhuwan1233/Github-action-project/git/trees{/sha}"
                    },
                    {
                      "k": "updated_at",
                      "v": "2026-09-08T18:16:50Z"
                    },
                    {
                      "k": "url",
                      "v": "https://api.github.com/repos/bhuwan1233/Github-action-project"
                    },
                    {
                      "k": "visibility",
                      "v": "public"
                    },
                    {
                      "k": "watchers",
                      "v": 0.0
                    },
                    {
                      "k": "watchers_count",
                      "v": 0.0
                    },
                    {
                      "k": "web_commit_signoff_required",
                      "v": false
                    }
                  ]
                }
              },
              {
                "k": "sender",
                "v": {
                  "t": 2,
                  "d": [
                    {
                      "k": "avatar_url",
                      "v": "https://avatars.githubusercontent.com/u/98870773?v=4"
                    },
                    {
                      "k": "events_url",
                      "v": "https://api.github.com/users/bhuwan1233/events{/privacy}"
                    },
                    {
                      "k": "followers_url",
                      "v": "https://api.github.com/users/bhuwan1233/followers"
                    },
                    {
                      "k": "following_url",
                      "v": "https://api.github.com/users/bhuwan1233/following{/other_user}"
                    },
                    {
                      "k": "gists_url",
                      "v": "https://api.github.com/users/bhuwan1233/gists{/gist_id}"
                    },
                    {
                      "k": "gravatar_id",
                      "v": ""
                    },
                    {
                      "k": "html_url",
                      "v": "https://github.com/bhuwan1233"
                    },
                    {
                      "k": "id",
                      "v": 98870773.0
                    },
                    {
                      "k": "login",
                      "v": "bhuwan1233"
                    },
                    {
                      "k": "node_id",
                      "v": "U_kgDOBeSl9Q"
                    },
                    {
                      "k": "organizations_url",
                      "v": "https://api.github.com/users/bhuwan1233/orgs"
                    },
                    {
                      "k": "received_events_url",
                      "v": "https://api.github.com/users/bhuwan1233/received_events"
                    },
                    {
                      "k": "repos_url",
                      "v": "https://api.github.com/users/bhuwan1233/repos"
                    },
                    {
                      "k": "site_admin",
                      "v": false
                    },
                    {
                      "k": "starred_url",
                      "v": "https://api.github.com/users/bhuwan1233/starred{/owner}{/repo}"
                    },
                    {
                      "k": "subscriptions_url",
                      "v": "https://api.github.com/users/bhuwan1233/subscriptions"
                    },
                    {
                      "k": "type",
                      "v": "User"
                    },
                    {
                      "k": "url",
                      "v": "https://api.github.com/users/bhuwan1233"
                    },
                    {
                      "k": "user_view_type",
                      "v": "public"
                    }
                  ]
                }
              }
            ]
          }
        },
        {
          "k": "workflow_ref",
          "v": "bhuwan1233/Github-action-project/.github/workflows/cicd.yml@refs/heads/main"
        },
        {
          "k": "workflow_sha",
          "v": "df0d204c773f646264550cb0dc27ffc8204dc474"
        },
        {
          "k": "repository_id",
          "v": "1361157473"
        },
        {
          "k": "triggering_actor",
          "v": "bhuwan1233"
        }
      ]
    },
    "inputs": {
      "t": 2
    },
    "job": {
      "t": 2,
      "d": [
        {
          "k": "check_run_id",
          "v": 102192493656.0
        },
        {
          "k": "workflow_ref",
          "v": "bhuwan1233/Github-action-project/.github/workflows/cicd.yml@refs/heads/main"
        },
        {
          "k": "workflow_sha",
          "v": "df0d204c773f646264550cb0dc27ffc8204dc474"
        },
        {
          "k": "workflow_repository",
          "v": "bhuwan1233/Github-action-project"
        },
        {
          "k": "workflow_file_path",
          "v": ".github/workflows/cicd.yml"
        }
      ]
    },
    "matrix": null,
    "needs": {
      "t": 2
    },
    "strategy": {
      "t": 2,
      "d": [
        {
          "k": "fail-fast",
          "v": true
        },
        {
          "k": "job-index",
          "v": 0.0
        },
        {
          "k": "job-total",
          "v": 1.0
        },
        {
          "k": "max-parallel",
          "v": 1.0
        }
      ]
    },
    "vars": {
      "t": 2
    }
  },
  "billingOwnerId": "U_kgDOBeSl9Q"
}
[2026-09-08 18:47:40Z INFO JobRunner] Job ID 8a4a043a-9532-5073-a499-0701481293ec
[2026-09-08 18:47:40Z INFO ConfigurationStore] currentAssemblyLocation: C:\Users\Bhuwan\Desktop\New folder\actions-runner\bin\Runner.Worker.dll
[2026-09-08 18:47:40Z INFO HostContext] Well known directory 'Bin': 'C:\Users\Bhuwan\Desktop\New folder\actions-runner\bin'
[2026-09-08 18:47:40Z INFO ConfigurationStore] binPath: C:\Users\Bhuwan\Desktop\New folder\actions-runner\bin
[2026-09-08 18:47:40Z INFO HostContext] Well known directory 'Bin': 'C:\Users\Bhuwan\Desktop\New folder\actions-runner\bin'
[2026-09-08 18:47:40Z INFO HostContext] Well known directory 'Root': 'C:\Users\Bhuwan\Desktop\New folder\actions-runner'
[2026-09-08 18:47:40Z INFO ConfigurationStore] RootFolder: C:\Users\Bhuwan\Desktop\New folder\actions-runner
[2026-09-08 18:47:40Z INFO HostContext] Well known directory 'Bin': 'C:\Users\Bhuwan\Desktop\New folder\actions-runner\bin'
[2026-09-08 18:47:40Z INFO HostContext] Well known directory 'Root': 'C:\Users\Bhuwan\Desktop\New folder\actions-runner'
[2026-09-08 18:47:40Z INFO HostContext] Well known config file 'Runner': 'C:\Users\Bhuwan\Desktop\New folder\actions-runner\.runner'
[2026-09-08 18:47:40Z INFO ConfigurationStore] ConfigFilePath: C:\Users\Bhuwan\Desktop\New folder\actions-runner\.runner
[2026-09-08 18:47:40Z INFO HostContext] Well known directory 'Bin': 'C:\Users\Bhuwan\Desktop\New folder\actions-runner\bin'
[2026-09-08 18:47:40Z INFO HostContext] Well known directory 'Root': 'C:\Users\Bhuwan\Desktop\New folder\actions-runner'
[2026-09-08 18:47:40Z INFO HostContext] Well known config file 'MigratedRunner': 'C:\Users\Bhuwan\Desktop\New folder\actions-runner\.runner_migrated'
[2026-09-08 18:47:40Z INFO ConfigurationStore] MigratedConfigFilePath: C:\Users\Bhuwan\Desktop\New folder\actions-runner\.runner_migrated
[2026-09-08 18:47:40Z INFO HostContext] Well known directory 'Bin': 'C:\Users\Bhuwan\Desktop\New folder\actions-runner\bin'
[2026-09-08 18:47:40Z INFO HostContext] Well known directory 'Root': 'C:\Users\Bhuwan\Desktop\New folder\actions-runner'
[2026-09-08 18:47:40Z INFO HostContext] Well known config file 'Credentials': 'C:\Users\Bhuwan\Desktop\New folder\actions-runner\.credentials'
[2026-09-08 18:47:40Z INFO ConfigurationStore] CredFilePath: C:\Users\Bhuwan\Desktop\New folder\actions-runner\.credentials
[2026-09-08 18:47:40Z INFO HostContext] Well known directory 'Bin': 'C:\Users\Bhuwan\Desktop\New folder\actions-runner\bin'
[2026-09-08 18:47:40Z INFO HostContext] Well known directory 'Root': 'C:\Users\Bhuwan\Desktop\New folder\actions-runner'
[2026-09-08 18:47:40Z INFO HostContext] Well known config file 'MigratedCredentials': 'C:\Users\Bhuwan\Desktop\New folder\actions-runner\.credentials_migrated'
[2026-09-08 18:47:40Z INFO ConfigurationStore] MigratedCredFilePath: C:\Users\Bhuwan\Desktop\New folder\actions-runner\.credentials_migrated
[2026-09-08 18:47:40Z INFO HostContext] Well known directory 'Bin': 'C:\Users\Bhuwan\Desktop\New folder\actions-runner\bin'
[2026-09-08 18:47:40Z INFO HostContext] Well known directory 'Root': 'C:\Users\Bhuwan\Desktop\New folder\actions-runner'
[2026-09-08 18:47:40Z INFO HostContext] Well known config file 'Service': 'C:\Users\Bhuwan\Desktop\New folder\actions-runner\.service'
[2026-09-08 18:47:40Z INFO ConfigurationStore] ServiceConfigFilePath: C:\Users\Bhuwan\Desktop\New folder\actions-runner\.service
[2026-09-08 18:47:40Z INFO ConfigurationStore] Read setting file: 406 chars
[2026-09-08 18:47:40Z INFO JobRunner] Initializing launch client
[2026-09-08 18:47:40Z INFO JobServerQueue] Initializing results client
[2026-09-08 18:47:40Z INFO ResultServer] Creating websocket client ...wss://results-receiver.actions.githubusercontent.com/_ws/ingest.sock
[2026-09-08 18:47:40Z INFO ResultServer] Attempting to start websocket client with delay 00:00:00.
[2026-09-08 18:47:40Z INFO JobServerQueue] Start process web console line queue.
[2026-09-08 18:47:40Z INFO JobServerQueue] Start process file upload queue.
[2026-09-08 18:47:40Z INFO JobServerQueue] Start results file upload queue.
[2026-09-08 18:47:40Z INFO JobServerQueue] Starting results-based upload queue...
[2026-09-08 18:47:40Z INFO JobServerQueue] Start process timeline update queue.
[2026-09-08 18:47:40Z INFO ExecutionContext] Initializing Job context
[2026-09-08 18:47:40Z INFO ExecutionContext] Initialize GitHub context
[2026-09-08 18:47:40Z INFO ExecutionContext] Initialize Env context
[2026-09-08 18:47:40Z INFO HostContext] Well known directory 'Bin': 'C:\Users\Bhuwan\Desktop\New folder\actions-runner\bin'
[2026-09-08 18:47:40Z INFO HostContext] Well known directory 'Root': 'C:\Users\Bhuwan\Desktop\New folder\actions-runner'
[2026-09-08 18:47:40Z INFO HostContext] Well known directory 'Diag': 'C:\Users\Bhuwan\Desktop\New folder\actions-runner\_diag'
[2026-09-08 18:47:40Z INFO HostContext] Well known directory 'Bin': 'C:\Users\Bhuwan\Desktop\New folder\actions-runner\bin'
[2026-09-08 18:47:40Z INFO HostContext] Well known directory 'Root': 'C:\Users\Bhuwan\Desktop\New folder\actions-runner'
[2026-09-08 18:47:40Z INFO HostContext] Well known directory 'Diag': 'C:\Users\Bhuwan\Desktop\New folder\actions-runner\_diag'
[2026-09-08 18:47:40Z INFO JobRunner] Starting the job execution context.
[2026-09-08 18:47:40Z INFO HostContext] Well known directory 'Bin': 'C:\Users\Bhuwan\Desktop\New folder\actions-runner\bin'
[2026-09-08 18:47:40Z INFO HostContext] Well known directory 'Root': 'C:\Users\Bhuwan\Desktop\New folder\actions-runner'
[2026-09-08 18:47:40Z INFO HostContext] Well known directory 'Work': 'C:\Users\Bhuwan\Desktop\New folder\actions-runner\_work'
[2026-09-08 18:47:40Z INFO JobRunner] Validating directory permissions for: 'C:\Users\Bhuwan\Desktop\New folder\actions-runner\_work'
[2026-09-08 18:47:40Z INFO HostContext] Well known directory 'Bin': 'C:\Users\Bhuwan\Desktop\New folder\actions-runner\bin'
[2026-09-08 18:47:40Z INFO HostContext] Well known directory 'Root': 'C:\Users\Bhuwan\Desktop\New folder\actions-runner'
[2026-09-08 18:47:40Z INFO HostContext] Well known directory 'Work': 'C:\Users\Bhuwan\Desktop\New folder\actions-runner\_work'
[2026-09-08 18:47:40Z INFO HostContext] Well known directory 'Tools': 'C:\Users\Bhuwan\Desktop\New folder\actions-runner\_work\_tool'
[2026-09-08 18:47:40Z INFO HostContext] Well known directory 'Bin': 'C:\Users\Bhuwan\Desktop\New folder\actions-runner\bin'
[2026-09-08 18:47:40Z INFO HostContext] Well known directory 'Root': 'C:\Users\Bhuwan\Desktop\New folder\actions-runner'
[2026-09-08 18:47:40Z INFO HostContext] Well known directory 'Work': 'C:\Users\Bhuwan\Desktop\New folder\actions-runner\_work'
[2026-09-08 18:47:40Z INFO HostContext] Well known directory 'Temp': 'C:\Users\Bhuwan\Desktop\New folder\actions-runner\_work\_temp'
[2026-09-08 18:47:40Z INFO JobRunner] Getting job extension.
[2026-09-08 18:47:40Z INFO JobRunner] Initialize job. Getting all job steps.
[2026-09-08 18:47:40Z INFO HostContext] Well known directory 'Bin': 'C:\Users\Bhuwan\Desktop\New folder\actions-runner\bin'
[2026-09-08 18:47:40Z INFO HostContext] Well known directory 'Root': 'C:\Users\Bhuwan\Desktop\New folder\actions-runner'
[2026-09-08 18:47:40Z INFO HostContext] Well known directory 'Diag': 'C:\Users\Bhuwan\Desktop\New folder\actions-runner\_diag'
[2026-09-08 18:47:40Z INFO HostContext] Well known directory 'Bin': 'C:\Users\Bhuwan\Desktop\New folder\actions-runner\bin'
[2026-09-08 18:47:40Z INFO HostContext] Well known directory 'Root': 'C:\Users\Bhuwan\Desktop\New folder\actions-runner'
[2026-09-08 18:47:40Z INFO HostContext] Well known directory 'Diag': 'C:\Users\Bhuwan\Desktop\New folder\actions-runner\_diag'
[2026-09-08 18:47:40Z INFO HostContext] Well known directory 'Bin': 'C:\Users\Bhuwan\Desktop\New folder\actions-runner\bin'
[2026-09-08 18:47:40Z INFO HostContext] Well known directory 'Root': 'C:\Users\Bhuwan\Desktop\New folder\actions-runner'
[2026-09-08 18:47:40Z INFO HostContext] Well known config file 'Credentials': 'C:\Users\Bhuwan\Desktop\New folder\actions-runner\.credentials'
[2026-09-08 18:47:40Z INFO HostContext] Well known directory 'Bin': 'C:\Users\Bhuwan\Desktop\New folder\actions-runner\bin'
[2026-09-08 18:47:40Z INFO HostContext] Well known directory 'Root': 'C:\Users\Bhuwan\Desktop\New folder\actions-runner'
[2026-09-08 18:47:40Z INFO HostContext] Well known config file 'SetupInfo': 'C:\Users\Bhuwan\Desktop\New folder\actions-runner\.setup_info'
[2026-09-08 18:47:40Z INFO HostContext] Well known directory 'Bin': 'C:\Users\Bhuwan\Desktop\New folder\actions-runner\bin'
[2026-09-08 18:47:40Z INFO HostContext] Well known directory 'Root': 'C:\Users\Bhuwan\Desktop\New folder\actions-runner'
[2026-09-08 18:47:40Z INFO HostContext] Well known directory 'Work': 'C:\Users\Bhuwan\Desktop\New folder\actions-runner\_work'
[2026-09-08 18:47:40Z INFO PipelineDirectoryManager] Loading tracking config if exists: C:\Users\Bhuwan\Desktop\New folder\actions-runner\_work\_PipelineMapping\bhuwan1233/Github-action-project\PipelineFolder.json
[2026-09-08 18:47:40Z INFO PipelineDirectoryManager] Updating job run properties.
[2026-09-08 18:47:40Z INFO HostContext] Well known directory 'Bin': 'C:\Users\Bhuwan\Desktop\New folder\actions-runner\bin'
[2026-09-08 18:47:40Z INFO HostContext] Well known directory 'Root': 'C:\Users\Bhuwan\Desktop\New folder\actions-runner'
[2026-09-08 18:47:40Z INFO HostContext] Well known directory 'Work': 'C:\Users\Bhuwan\Desktop\New folder\actions-runner\_work'
[2026-09-08 18:47:40Z INFO HostContext] Well known directory 'Bin': 'C:\Users\Bhuwan\Desktop\New folder\actions-runner\bin'
[2026-09-08 18:47:40Z INFO HostContext] Well known directory 'Root': 'C:\Users\Bhuwan\Desktop\New folder\actions-runner'
[2026-09-08 18:47:40Z INFO HostContext] Well known directory 'Work': 'C:\Users\Bhuwan\Desktop\New folder\actions-runner\_work'
[2026-09-08 18:47:40Z INFO HostContext] Well known directory 'Bin': 'C:\Users\Bhuwan\Desktop\New folder\actions-runner\bin'
[2026-09-08 18:47:40Z INFO HostContext] Well known directory 'Root': 'C:\Users\Bhuwan\Desktop\New folder\actions-runner'
[2026-09-08 18:47:40Z INFO HostContext] Well known directory 'Work': 'C:\Users\Bhuwan\Desktop\New folder\actions-runner\_work'
[2026-09-08 18:47:40Z INFO JobExtension] Downloading actions
[2026-09-08 18:47:40Z INFO HostContext] Well known directory 'Bin': 'C:\Users\Bhuwan\Desktop\New folder\actions-runner\bin'
[2026-09-08 18:47:40Z INFO HostContext] Well known directory 'Root': 'C:\Users\Bhuwan\Desktop\New folder\actions-runner'
[2026-09-08 18:47:40Z INFO HostContext] Well known directory 'Work': 'C:\Users\Bhuwan\Desktop\New folder\actions-runner\_work'
[2026-09-08 18:47:40Z INFO HostContext] Well known directory 'Actions': 'C:\Users\Bhuwan\Desktop\New folder\actions-runner\_work\_actions'
[2026-09-08 18:47:41Z INFO Worker] Listening for cancel message from the channel.
[2026-09-08 18:47:41Z INFO Worker] Waiting for the job to complete or for a cancel message from the channel.
[2026-09-08 18:47:42Z INFO ResultServer] Successfully started websocket client.
[2026-09-08 18:47:42Z INFO JobServerQueue] Try to append 1 batches web console lines for record 'babefe97-058a-42d4-9b8d-60ab3563d2a5', success rate: 1/1.
[2026-09-08 18:47:42Z INFO JobServerQueue] Try to append 1 batches web console lines for record 'babefe97-058a-42d4-9b8d-60ab3563d2a5', success rate: 1/1.
[2026-09-08 18:47:42Z INFO JobServerQueue] Job timeline record has been updated for the first time.
[2026-09-08 18:47:42Z INFO HostContext] Well known directory 'Bin': 'C:\Users\Bhuwan\Desktop\New folder\actions-runner\bin'
[2026-09-08 18:47:42Z INFO HostContext] Well known directory 'Root': 'C:\Users\Bhuwan\Desktop\New folder\actions-runner'
[2026-09-08 18:47:42Z INFO HostContext] Well known directory 'Work': 'C:\Users\Bhuwan\Desktop\New folder\actions-runner\_work'
[2026-09-08 18:47:42Z INFO HostContext] Well known directory 'Actions': 'C:\Users\Bhuwan\Desktop\New folder\actions-runner\_work\_actions'
[2026-09-08 18:47:42Z INFO HostContext] Well known directory 'Bin': 'C:\Users\Bhuwan\Desktop\New folder\actions-runner\bin'
[2026-09-08 18:47:42Z INFO HostContext] Well known directory 'Root': 'C:\Users\Bhuwan\Desktop\New folder\actions-runner'
[2026-09-08 18:47:42Z INFO HostContext] Well known directory 'Work': 'C:\Users\Bhuwan\Desktop\New folder\actions-runner\_work'
[2026-09-08 18:47:42Z INFO HostContext] Well known directory 'Actions': 'C:\Users\Bhuwan\Desktop\New folder\actions-runner\_work\_actions'
[2026-09-08 18:47:42Z INFO ActionManager] Save archive 'https://codeload.github.com/actions/checkout/zip/11d5960a326750d5838078e36cf38b85af677262' into C:\Users\Bhuwan\Desktop\New folder\actions-runner\_work\_actions\_temp_427758e8-6288-4492-b708-90ddd182dc1a\012b21fc-986e-4a48-9a7d-fb51736470df.zip.
[2026-09-08 18:47:42Z INFO ActionManager] Using Basic token for action archive download.
[2026-09-08 18:47:43Z INFO JobServerQueue] Try to append 1 batches web console lines for record 'babefe97-058a-42d4-9b8d-60ab3563d2a5', success rate: 1/1.
[2026-09-08 18:47:44Z INFO ActionManager] Request URL: https://codeload.github.com/actions/checkout/zip/11d5960a326750d5838078e36cf38b85af677262 X-GitHub-Request-Id: EB77:3FF2AC:391491:C171E9:6AA0584F Http Status: OK
[2026-09-08 18:47:45Z INFO ActionManager] Finished getting action repository.
[2026-09-08 18:47:45Z INFO HostContext] Well known directory 'Bin': 'C:\Users\Bhuwan\Desktop\New folder\actions-runner\bin'
[2026-09-08 18:47:45Z INFO HostContext] Well known directory 'Root': 'C:\Users\Bhuwan\Desktop\New folder\actions-runner'
[2026-09-08 18:47:45Z INFO HostContext] Well known directory 'Work': 'C:\Users\Bhuwan\Desktop\New folder\actions-runner\_work'
[2026-09-08 18:47:45Z INFO HostContext] Well known directory 'Actions': 'C:\Users\Bhuwan\Desktop\New folder\actions-runner\_work\_actions'
[2026-09-08 18:47:45Z INFO HostContext] Well known directory 'Bin': 'C:\Users\Bhuwan\Desktop\New folder\actions-runner\bin'
[2026-09-08 18:47:45Z INFO HostContext] Well known directory 'Root': 'C:\Users\Bhuwan\Desktop\New folder\actions-runner'
[2026-09-08 18:47:45Z INFO HostContext] Well known directory 'Work': 'C:\Users\Bhuwan\Desktop\New folder\actions-runner\_work'
[2026-09-08 18:47:45Z INFO HostContext] Well known directory 'Actions': 'C:\Users\Bhuwan\Desktop\New folder\actions-runner\_work\_actions'
[2026-09-08 18:47:45Z INFO ActionManager] Save archive 'https://codeload.github.com/actions/setup-java/zip/cf277c60eb25467037889841efdb72551f06f6c3' into C:\Users\Bhuwan\Desktop\New folder\actions-runner\_work\_actions\_temp_e8a9963e-aea9-41aa-a579-2a6a27ec0d1e\8d7a8aa0-91c2-4034-9bbb-37f4ae63f640.zip.
[2026-09-08 18:47:45Z INFO JobServerQueue] Try to append 1 batches web console lines for record 'babefe97-058a-42d4-9b8d-60ab3563d2a5', success rate: 1/1.
[2026-09-08 18:47:46Z INFO ActionManager] Using Basic token for action archive download.
[2026-09-08 18:47:48Z INFO ActionManager] Request URL: https://codeload.github.com/actions/setup-java/zip/cf277c60eb25467037889841efdb72551f06f6c3 X-GitHub-Request-Id: 1CBE:0B95:2AE84C:88325A:6AA05852 Http Status: OK
[2026-09-08 18:47:54Z INFO ActionManager] Finished getting action repository.
[2026-09-08 18:47:55Z INFO HostContext] Well known directory 'Bin': 'C:\Users\Bhuwan\Desktop\New folder\actions-runner\bin'
[2026-09-08 18:47:55Z INFO HostContext] Well known directory 'Root': 'C:\Users\Bhuwan\Desktop\New folder\actions-runner'
[2026-09-08 18:47:55Z INFO HostContext] Well known directory 'Work': 'C:\Users\Bhuwan\Desktop\New folder\actions-runner\_work'
[2026-09-08 18:47:55Z INFO HostContext] Well known directory 'Actions': 'C:\Users\Bhuwan\Desktop\New folder\actions-runner\_work\_actions'
[2026-09-08 18:47:55Z INFO ActionManifestManagerLegacy] Load schema file with definitions: [
  "null",
  "boolean",
  "number",
  "string",
  "sequence",
  "mapping",
  "any",
  "action-root",
  "inputs",
  "input",
  "outputs",
  "output-definition",
  "runs",
  "container-runs",
  "container-runs-args",
  "container-runs-env",
  "node-runs",
  "plugin-runs",
  "composite-runs",
  "composite-steps",
  "composite-step",
  "run-step",
  "uses-step",
  "container-runs-context",
  "output-value",
  "input-default-context",
  "non-empty-string",
  "string-steps-context",
  "boolean-steps-context",
  "step-env",
  "step-if",
  "step-with"
]
[2026-09-08 18:47:56Z INFO ActionManifestManager] Load schema file with definitions: [
  "null",
  "boolean",
  "number",
  "string",
  "sequence",
  "mapping",
  "any",
  "action-root",
  "inputs",
  "input",
  "outputs",
  "output-definition",
  "runs",
  "container-runs",
  "container-runs-args",
  "container-runs-env",
  "node-runs",
  "plugin-runs",
  "composite-runs",
  "composite-steps",
  "composite-step",
  "run-step",
  "uses-step",
  "container-runs-context",
  "output-value",
  "input-default-context",
  "non-empty-string",
  "string-steps-context",
  "boolean-steps-context",
  "step-env",
  "step-if",
  "step-with"
]
[2026-09-08 18:47:56Z INFO HostContext] Well known directory 'Bin': 'C:\Users\Bhuwan\Desktop\New folder\actions-runner\bin'
[2026-09-08 18:47:56Z INFO HostContext] Well known directory 'Root': 'C:\Users\Bhuwan\Desktop\New folder\actions-runner'
[2026-09-08 18:47:56Z INFO HostContext] Well known directory 'Work': 'C:\Users\Bhuwan\Desktop\New folder\actions-runner\_work'
[2026-09-08 18:47:56Z INFO HostContext] Well known directory 'Actions': 'C:\Users\Bhuwan\Desktop\New folder\actions-runner\_work\_actions'
[2026-09-08 18:48:00Z INFO ActionManifestManagerLegacy] Loaded action.yml file: {
  "name": "Checkout",
  "description": "Checkout a Git repository at a particular version",
  "inputs": {
    "type": 2,
    "map": [
      {
        "key": {
          "type": 0,
          "file": 2,
          "line": 4,
          "col": 3,
          "lit": "repository"
        },
        "value": {
          "type": 3,
          "file": 2,
          "line": 6,
          "col": 14,
          "expr": "github.repository"
        }
      },
      {
        "key": {
          "type": 0,
          "file": 2,
          "line": 7,
          "col": 3,
          "lit": "ref"
        },
        "value": ""
      },
      {
        "key": {
          "type": 0,
          "file": 2,
          "line": 12,
          "col": 3,
          "lit": "token"
        },
        "value": {
          "type": 3,
          "file": 2,
          "line": 24,
          "col": 14,
          "expr": "github.token"
        }
      },
      {
        "key": {
          "type": 0,
          "file": 2,
          "line": 25,
          "col": 3,
          "lit": "ssh-key"
        },
        "value": ""
      },
      {
        "key": {
          "type": 0,
          "file": 2,
          "line": 37,
          "col": 3,
          "lit": "ssh-known-hosts"
        },
        "value": ""
      },
      {
        "key": {
          "type": 0,
          "file": 2,
          "line": 42,
          "col": 3,
          "lit": "ssh-strict"
        },
        "value": {
          "type": 0,
          "file": 2,
          "line": 47,
          "col": 14,
          "lit": "true"
        }
      },
      {
        "key": {
          "type": 0,
          "file": 2,
          "line": 48,
          "col": 3,
          "lit": "ssh-user"
        },
        "value": {
          "type": 0,
          "file": 2,
          "line": 51,
          "col": 14,
          "lit": "git"
        }
      },
      {
        "key": {
          "type": 0,
          "file": 2,
          "line": 52,
          "col": 3,
          "lit": "persist-credentials"
        },
        "value": {
          "type": 0,
          "file": 2,
          "line": 54,
          "col": 14,
          "lit": "true"
        }
      },
      {
        "key": {
          "type": 0,
          "file": 2,
          "line": 55,
          "col": 3,
          "lit": "path"
        },
        "value": ""
      },
      {
        "key": {
          "type": 0,
          "file": 2,
          "line": 57,
          "col": 3,
          "lit": "clean"
        },
        "value": {
          "type": 0,
          "file": 2,
          "line": 59,
          "col": 14,
          "lit": "true"
        }
      },
      {
        "key": {
          "type": 0,
          "file": 2,
          "line": 60,
          "col": 3,
          "lit": "filter"
        },
        "value": {
          "type": 0,
          "file": 2,
          "line": 64,
          "col": 14,
          "lit": ""
        }
      },
      {
        "key": {
          "type": 0,
          "file": 2,
          "line": 65,
          "col": 3,
          "lit": "sparse-checkout"
        },
        "value": {
          "type": 0,
          "file": 2,
          "line": 69,
          "col": 14,
          "lit": ""
        }
      },
      {
        "key": {
          "type": 0,
          "file": 2,
          "line": 70,
          "col": 3,
          "lit": "sparse-checkout-cone-mode"
        },
        "value": {
          "type": 0,
          "file": 2,
          "line": 73,
          "col": 14,
          "lit": "true"
        }
      },
      {
        "key": {
          "type": 0,
          "file": 2,
          "line": 74,
          "col": 3,
          "lit": "fetch-depth"
        },
        "value": {
          "type": 0,
          "file": 2,
          "line": 76,
          "col": 14,
          "lit": "1"
        }
      },
      {
        "key": {
          "type": 0,
          "file": 2,
          "line": 77,
          "col": 3,
          "lit": "fetch-tags"
        },
        "value": {
          "type": 0,
          "file": 2,
          "line": 79,
          "col": 14,
          "lit": "false"
        }
      },
      {
        "key": {
          "type": 0,
          "file": 2,
          "line": 80,
          "col": 3,
          "lit": "show-progress"
        },
        "value": {
          "type": 0,
          "file": 2,
          "line": 82,
          "col": 14,
          "lit": "true"
        }
      },
      {
        "key": {
          "type": 0,
          "file": 2,
          "line": 83,
          "col": 3,
          "lit": "lfs"
        },
        "value": {
          "type": 0,
          "file": 2,
          "line": 85,
          "col": 14,
          "lit": "false"
        }
      },
      {
        "key": {
          "type": 0,
          "file": 2,
          "line": 86,
          "col": 3,
          "lit": "submodules"
        },
        "value": {
          "type": 0,
          "file": 2,
          "line": 94,
          "col": 14,
          "lit": "false"
        }
      },
      {
        "key": {
          "type": 0,
          "file": 2,
          "line": 95,
          "col": 3,
          "lit": "set-safe-directory"
        },
        "value": {
          "type": 0,
          "file": 2,
          "line": 97,
          "col": 14,
          "lit": "true"
        }
      },
      {
        "key": {
          "type": 0,
          "file": 2,
          "line": 98,
          "col": 3,
          "lit": "github-server-url"
        },
        "value": ""
      },
      {
        "key": {
          "type": 0,
          "file": 2,
          "line": 101,
          "col": 3,
          "lit": "allow-unsafe-pr-checkout"
        },
        "value": {
          "type": 0,
          "file": 2,
          "line": 109,
          "col": 14,
          "lit": "false"
        }
      }
    ]
  },
  "execution": {
    "executionType": "nodeJS",
    "hasPre": false,
    "hasPost": true,
    "script": "dist/index.js",
    "pre": null,
    "post": "dist/index.js",
    "nodeVersion": "node20",
    "cleanupCondition": "always()",
    "initCondition": "always()"
  },
  "deprecated": null
}
[2026-09-08 18:48:00Z INFO ActionManager] Action node.js file: dist/index.js, no more preparation.
[2026-09-08 18:48:00Z INFO HostContext] Well known directory 'Bin': 'C:\Users\Bhuwan\Desktop\New folder\actions-runner\bin'
[2026-09-08 18:48:00Z INFO HostContext] Well known directory 'Root': 'C:\Users\Bhuwan\Desktop\New folder\actions-runner'
[2026-09-08 18:48:00Z INFO HostContext] Well known directory 'Work': 'C:\Users\Bhuwan\Desktop\New folder\actions-runner\_work'
[2026-09-08 18:48:00Z INFO HostContext] Well known directory 'Actions': 'C:\Users\Bhuwan\Desktop\New folder\actions-runner\_work\_actions'
[2026-09-08 18:48:00Z INFO ActionManager] Load action that reference repository from 'C:\Users\Bhuwan\Desktop\New folder\actions-runner\_work\_actions\actions\checkout\v4'
[2026-09-08 18:48:00Z INFO HostContext] Well known directory 'Bin': 'C:\Users\Bhuwan\Desktop\New folder\actions-runner\bin'
[2026-09-08 18:48:00Z INFO HostContext] Well known directory 'Root': 'C:\Users\Bhuwan\Desktop\New folder\actions-runner'
[2026-09-08 18:48:00Z INFO HostContext] Well known directory 'Work': 'C:\Users\Bhuwan\Desktop\New folder\actions-runner\_work'
[2026-09-08 18:48:00Z INFO HostContext] Well known directory 'Actions': 'C:\Users\Bhuwan\Desktop\New folder\actions-runner\_work\_actions'
[2026-09-08 18:48:00Z INFO ActionManifestManagerLegacy] Loaded action.yml file: {
  "name": "Checkout",
  "description": "Checkout a Git repository at a particular version",
  "inputs": {
    "type": 2,
    "map": [
      {
        "key": {
          "type": 0,
          "file": 2,
          "line": 4,
          "col": 3,
          "lit": "repository"
        },
        "value": {
          "type": 3,
          "file": 2,
          "line": 6,
          "col": 14,
          "expr": "github.repository"
        }
      },
      {
        "key": {
          "type": 0,
          "file": 2,
          "line": 7,
          "col": 3,
          "lit": "ref"
        },
        "value": ""
      },
      {
        "key": {
          "type": 0,
          "file": 2,
          "line": 12,
          "col": 3,
          "lit": "token"
        },
        "value": {
          "type": 3,
          "file": 2,
          "line": 24,
          "col": 14,
          "expr": "github.token"
        }
      },
      {
        "key": {
          "type": 0,
          "file": 2,
          "line": 25,
          "col": 3,
          "lit": "ssh-key"
        },
        "value": ""
      },
      {
        "key": {
          "type": 0,
          "file": 2,
          "line": 37,
          "col": 3,
          "lit": "ssh-known-hosts"
        },
        "value": ""
      },
      {
        "key": {
          "type": 0,
          "file": 2,
          "line": 42,
          "col": 3,
          "lit": "ssh-strict"
        },
        "value": {
          "type": 0,
          "file": 2,
          "line": 47,
          "col": 14,
          "lit": "true"
        }
      },
      {
        "key": {
          "type": 0,
          "file": 2,
          "line": 48,
          "col": 3,
          "lit": "ssh-user"
        },
        "value": {
          "type": 0,
          "file": 2,
          "line": 51,
          "col": 14,
          "lit": "git"
        }
      },
      {
        "key": {
          "type": 0,
          "file": 2,
          "line": 52,
          "col": 3,
          "lit": "persist-credentials"
        },
        "value": {
          "type": 0,
          "file": 2,
          "line": 54,
          "col": 14,
          "lit": "true"
        }
      },
      {
        "key": {
          "type": 0,
          "file": 2,
          "line": 55,
          "col": 3,
          "lit": "path"
        },
        "value": ""
      },
      {
        "key": {
          "type": 0,
          "file": 2,
          "line": 57,
          "col": 3,
          "lit": "clean"
        },
        "value": {
          "type": 0,
          "file": 2,
          "line": 59,
          "col": 14,
          "lit": "true"
        }
      },
      {
        "key": {
          "type": 0,
          "file": 2,
          "line": 60,
          "col": 3,
          "lit": "filter"
        },
        "value": {
          "type": 0,
          "file": 2,
          "line": 64,
          "col": 14,
          "lit": ""
        }
      },
      {
        "key": {
          "type": 0,
          "file": 2,
          "line": 65,
          "col": 3,
          "lit": "sparse-checkout"
        },
        "value": {
          "type": 0,
          "file": 2,
          "line": 69,
          "col": 14,
          "lit": ""
        }
      },
      {
        "key": {
          "type": 0,
          "file": 2,
          "line": 70,
          "col": 3,
          "lit": "sparse-checkout-cone-mode"
        },
        "value": {
          "type": 0,
          "file": 2,
          "line": 73,
          "col": 14,
          "lit": "true"
        }
      },
      {
        "key": {
          "type": 0,
          "file": 2,
          "line": 74,
          "col": 3,
          "lit": "fetch-depth"
        },
        "value": {
          "type": 0,
          "file": 2,
          "line": 76,
          "col": 14,
          "lit": "1"
        }
      },
      {
        "key": {
          "type": 0,
          "file": 2,
          "line": 77,
          "col": 3,
          "lit": "fetch-tags"
        },
        "value": {
          "type": 0,
          "file": 2,
          "line": 79,
          "col": 14,
          "lit": "false"
        }
      },
      {
        "key": {
          "type": 0,
          "file": 2,
          "line": 80,
          "col": 3,
          "lit": "show-progress"
        },
        "value": {
          "type": 0,
          "file": 2,
          "line": 82,
          "col": 14,
          "lit": "true"
        }
      },
      {
        "key": {
          "type": 0,
          "file": 2,
          "line": 83,
          "col": 3,
          "lit": "lfs"
        },
        "value": {
          "type": 0,
          "file": 2,
          "line": 85,
          "col": 14,
          "lit": "false"
        }
      },
      {
        "key": {
          "type": 0,
          "file": 2,
          "line": 86,
          "col": 3,
          "lit": "submodules"
        },
        "value": {
          "type": 0,
          "file": 2,
          "line": 94,
          "col": 14,
          "lit": "false"
        }
      },
      {
        "key": {
          "type": 0,
          "file": 2,
          "line": 95,
          "col": 3,
          "lit": "set-safe-directory"
        },
        "value": {
          "type": 0,
          "file": 2,
          "line": 97,
          "col": 14,
          "lit": "true"
        }
      },
      {
        "key": {
          "type": 0,
          "file": 2,
          "line": 98,
          "col": 3,
          "lit": "github-server-url"
        },
        "value": ""
      },
      {
        "key": {
          "type": 0,
          "file": 2,
          "line": 101,
          "col": 3,
          "lit": "allow-unsafe-pr-checkout"
        },
        "value": {
          "type": 0,
          "file": 2,
          "line": 109,
          "col": 14,
          "lit": "false"
        }
      }
    ]
  },
  "execution": {
    "executionType": "nodeJS",
    "hasPre": false,
    "hasPost": true,
    "script": "dist/index.js",
    "pre": null,
    "post": "dist/index.js",
    "nodeVersion": "node20",
    "cleanupCondition": "always()",
    "initCondition": "always()"
  },
  "deprecated": null
}
[2026-09-08 18:48:00Z INFO ActionManager] Action pre node.js file: N/A.
[2026-09-08 18:48:00Z INFO ActionManager] Action node.js file: dist/index.js.
[2026-09-08 18:48:00Z INFO ActionManager] Action post node.js file: dist/index.js.
[2026-09-08 18:48:00Z INFO HostContext] Well known directory 'Bin': 'C:\Users\Bhuwan\Desktop\New folder\actions-runner\bin'
[2026-09-08 18:48:00Z INFO HostContext] Well known directory 'Root': 'C:\Users\Bhuwan\Desktop\New folder\actions-runner'
[2026-09-08 18:48:00Z INFO HostContext] Well known directory 'Work': 'C:\Users\Bhuwan\Desktop\New folder\actions-runner\_work'
[2026-09-08 18:48:00Z INFO HostContext] Well known directory 'Actions': 'C:\Users\Bhuwan\Desktop\New folder\actions-runner\_work\_actions'
[2026-09-08 18:48:00Z INFO HostContext] Well known directory 'Bin': 'C:\Users\Bhuwan\Desktop\New folder\actions-runner\bin'
[2026-09-08 18:48:00Z INFO HostContext] Well known directory 'Root': 'C:\Users\Bhuwan\Desktop\New folder\actions-runner'
[2026-09-08 18:48:00Z INFO HostContext] Well known directory 'Work': 'C:\Users\Bhuwan\Desktop\New folder\actions-runner\_work'
[2026-09-08 18:48:00Z INFO HostContext] Well known directory 'Actions': 'C:\Users\Bhuwan\Desktop\New folder\actions-runner\_work\_actions'
[2026-09-08 18:48:01Z INFO ActionManifestManagerLegacy] Ignore action property deprecationMessage.
[2026-09-08 18:48:01Z INFO ActionManifestManagerLegacy] Ignore action property author.
[2026-09-08 18:48:01Z INFO ActionManifestManagerLegacy] Loaded action.yml file: {
  "name": "Setup Java JDK",
  "description": "Set up a specific version of the Java JDK and add the command-line tools to the PATH",
  "inputs": {
    "type": 2,
    "map": [
      {
        "key": {
          "type": 0,
          "file": 3,
          "line": 7,
          "col": 3,
          "lit": "java-version"
        },
        "value": ""
      },
      {
        "key": {
          "type": 0,
          "file": 3,
          "line": 9,
          "col": 3,
          "lit": "java-version-file"
        },
        "value": ""
      },
      {
        "key": {
          "type": 0,
          "file": 3,
          "line": 11,
          "col": 3,
          "lit": "distribution"
        },
        "value": ""
      },
      {
        "key": {
          "type": 0,
          "file": 3,
          "line": 14,
          "col": 3,
          "lit": "java-package"
        },
        "value": {
          "type": 0,
          "file": 3,
          "line": 17,
          "col": 14,
          "lit": "jdk"
        }
      },
      {
        "key": {
          "type": 0,
          "file": 3,
          "line": 18,
          "col": 3,
          "lit": "architecture"
        },
        "value": ""
      },
      {
        "key": {
          "type": 0,
          "file": 3,
          "line": 21,
          "col": 3,
          "lit": "jdkFile"
        },
        "value": ""
      },
      {
        "key": {
          "type": 0,
          "file": 3,
          "line": 24,
          "col": 3,
          "lit": "check-latest"
        },
        "value": {
          "type": 0,
          "file": 3,
          "line": 27,
          "col": 14,
          "lit": "false"
        }
      },
      {
        "key": {
          "type": 0,
          "file": 3,
          "line": 28,
          "col": 3,
          "lit": "server-id"
        },
        "value": {
          "type": 0,
          "file": 3,
          "line": 32,
          "col": 14,
          "lit": "github"
        }
      },
      {
        "key": {
          "type": 0,
          "file": 3,
          "line": 33,
          "col": 3,
          "lit": "server-username"
        },
        "value": {
          "type": 0,
          "file": 3,
          "line": 37,
          "col": 14,
          "lit": "GITHUB_ACTOR"
        }
      },
      {
        "key": {
          "type": 0,
          "file": 3,
          "line": 38,
          "col": 3,
          "lit": "server-password"
        },
        "value": {
          "type": 0,
          "file": 3,
          "line": 42,
          "col": 14,
          "lit": "GITHUB_TOKEN"
        }
      },
      {
        "key": {
          "type": 0,
          "file": 3,
          "line": 43,
          "col": 3,
          "lit": "settings-path"
        },
        "value": ""
      },
      {
        "key": {
          "type": 0,
          "file": 3,
          "line": 46,
          "col": 3,
          "lit": "overwrite-settings"
        },
        "value": {
          "type": 0,
          "file": 3,
          "line": 49,
          "col": 14,
          "lit": "true"
        }
      },
      {
        "key": {
          "type": 0,
          "file": 3,
          "line": 50,
          "col": 3,
          "lit": "gpg-private-key"
        },
        "value": ""
      },
      {
        "key": {
          "type": 0,
          "file": 3,
          "line": 53,
          "col": 3,
          "lit": "gpg-passphrase"
        },
        "value": ""
      },
      {
        "key": {
          "type": 0,
          "file": 3,
          "line": 57,
          "col": 3,
          "lit": "cache"
        },
        "value": ""
      },
      {
        "key": {
          "type": 0,
          "file": 3,
          "line": 60,
          "col": 3,
          "lit": "cache-dependency-path"
        },
        "value": ""
      },
      {
        "key": {
          "type": 0,
          "file": 3,
          "line": 63,
          "col": 3,
          "lit": "job-status"
        },
        "value": {
          "type": 3,
          "file": 3,
          "line": 65,
          "col": 14,
          "expr": "job.status"
        }
      },
      {
        "key": {
          "type": 0,
          "file": 3,
          "line": 66,
          "col": 3,
          "lit": "token"
        },
        "value": {
          "type": 3,
          "file": 3,
          "line": 68,
          "col": 14,
          "expr": "github.server_url == 'https://github.com' && github.token || ''"
        }
      },
      {
        "key": {
          "type": 0,
          "file": 3,
          "line": 69,
          "col": 3,
          "lit": "mvn-toolchain-id"
        },
        "value": ""
      },
      {
        "key": {
          "type": 0,
          "file": 3,
          "line": 72,
          "col": 3,
          "lit": "mvn-toolchain-vendor"
        },
        "value": ""
      }
    ]
  },
  "execution": {
    "executionType": "nodeJS",
    "hasPre": false,
    "hasPost": true,
    "script": "dist/setup/index.js",
    "pre": null,
    "post": "dist/cleanup/index.js",
    "nodeVersion": "node20",
    "cleanupCondition": "always()",
    "initCondition": "always()"
  },
  "deprecated": null
}
[2026-09-08 18:48:01Z INFO ActionManager] Action node.js file: dist/setup/index.js, no more preparation.
[2026-09-08 18:48:01Z INFO HostContext] Well known directory 'Bin': 'C:\Users\Bhuwan\Desktop\New folder\actions-runner\bin'
[2026-09-08 18:48:01Z INFO HostContext] Well known directory 'Root': 'C:\Users\Bhuwan\Desktop\New folder\actions-runner'
[2026-09-08 18:48:01Z INFO HostContext] Well known directory 'Work': 'C:\Users\Bhuwan\Desktop\New folder\actions-runner\_work'
[2026-09-08 18:48:01Z INFO HostContext] Well known directory 'Actions': 'C:\Users\Bhuwan\Desktop\New folder\actions-runner\_work\_actions'
[2026-09-08 18:48:01Z INFO ActionManager] Load action that reference repository from 'C:\Users\Bhuwan\Desktop\New folder\actions-runner\_work\_actions\actions\setup-java\v4'
[2026-09-08 18:48:01Z INFO HostContext] Well known directory 'Bin': 'C:\Users\Bhuwan\Desktop\New folder\actions-runner\bin'
[2026-09-08 18:48:01Z INFO HostContext] Well known directory 'Root': 'C:\Users\Bhuwan\Desktop\New folder\actions-runner'
[2026-09-08 18:48:01Z INFO HostContext] Well known directory 'Work': 'C:\Users\Bhuwan\Desktop\New folder\actions-runner\_work'
[2026-09-08 18:48:01Z INFO HostContext] Well known directory 'Actions': 'C:\Users\Bhuwan\Desktop\New folder\actions-runner\_work\_actions'
[2026-09-08 18:48:01Z INFO ActionManifestManagerLegacy] Ignore action property deprecationMessage.
[2026-09-08 18:48:01Z INFO ActionManifestManagerLegacy] Ignore action property author.
[2026-09-08 18:48:01Z INFO ActionManifestManagerLegacy] Loaded action.yml file: {
  "name": "Setup Java JDK",
  "description": "Set up a specific version of the Java JDK and add the command-line tools to the PATH",
  "inputs": {
    "type": 2,
    "map": [
      {
        "key": {
          "type": 0,
          "file": 3,
          "line": 7,
          "col": 3,
          "lit": "java-version"
        },
        "value": ""
      },
      {
        "key": {
          "type": 0,
          "file": 3,
          "line": 9,
          "col": 3,
          "lit": "java-version-file"
        },
        "value": ""
      },
      {
        "key": {
          "type": 0,
          "file": 3,
          "line": 11,
          "col": 3,
          "lit": "distribution"
        },
        "value": ""
      },
      {
        "key": {
          "type": 0,
          "file": 3,
          "line": 14,
          "col": 3,
          "lit": "java-package"
        },
        "value": {
          "type": 0,
          "file": 3,
          "line": 17,
          "col": 14,
          "lit": "jdk"
        }
      },
      {
        "key": {
          "type": 0,
          "file": 3,
          "line": 18,
          "col": 3,
          "lit": "architecture"
        },
        "value": ""
      },
      {
        "key": {
          "type": 0,
          "file": 3,
          "line": 21,
          "col": 3,
          "lit": "jdkFile"
        },
        "value": ""
      },
      {
        "key": {
          "type": 0,
          "file": 3,
          "line": 24,
          "col": 3,
          "lit": "check-latest"
        },
        "value": {
          "type": 0,
          "file": 3,
          "line": 27,
          "col": 14,
          "lit": "false"
        }
      },
      {
        "key": {
          "type": 0,
          "file": 3,
          "line": 28,
          "col": 3,
          "lit": "server-id"
        },
        "value": {
          "type": 0,
          "file": 3,
          "line": 32,
          "col": 14,
          "lit": "github"
        }
      },
      {
        "key": {
          "type": 0,
          "file": 3,
          "line": 33,
          "col": 3,
          "lit": "server-username"
        },
        "value": {
          "type": 0,
          "file": 3,
          "line": 37,
          "col": 14,
          "lit": "GITHUB_ACTOR"
        }
      },
      {
        "key": {
          "type": 0,
          "file": 3,
          "line": 38,
          "col": 3,
          "lit": "server-password"
        },
        "value": {
          "type": 0,
          "file": 3,
          "line": 42,
          "col": 14,
          "lit": "GITHUB_TOKEN"
        }
      },
      {
        "key": {
          "type": 0,
          "file": 3,
          "line": 43,
          "col": 3,
          "lit": "settings-path"
        },
        "value": ""
      },
      {
        "key": {
          "type": 0,
          "file": 3,
          "line": 46,
          "col": 3,
          "lit": "overwrite-settings"
        },
        "value": {
          "type": 0,
          "file": 3,
          "line": 49,
          "col": 14,
          "lit": "true"
        }
      },
      {
        "key": {
          "type": 0,
          "file": 3,
          "line": 50,
          "col": 3,
          "lit": "gpg-private-key"
        },
        "value": ""
      },
      {
        "key": {
          "type": 0,
          "file": 3,
          "line": 53,
          "col": 3,
          "lit": "gpg-passphrase"
        },
        "value": ""
      },
      {
        "key": {
          "type": 0,
          "file": 3,
          "line": 57,
          "col": 3,
          "lit": "cache"
        },
        "value": ""
      },
      {
        "key": {
          "type": 0,
          "file": 3,
          "line": 60,
          "col": 3,
          "lit": "cache-dependency-path"
        },
        "value": ""
      },
      {
        "key": {
          "type": 0,
          "file": 3,
          "line": 63,
          "col": 3,
          "lit": "job-status"
        },
        "value": {
          "type": 3,
          "file": 3,
          "line": 65,
          "col": 14,
          "expr": "job.status"
        }
      },
      {
        "key": {
          "type": 0,
          "file": 3,
          "line": 66,
          "col": 3,
          "lit": "token"
        },
        "value": {
          "type": 3,
          "file": 3,
          "line": 68,
          "col": 14,
          "expr": "github.server_url == 'https://github.com' && github.token || ''"
        }
      },
      {
        "key": {
          "type": 0,
          "file": 3,
          "line": 69,
          "col": 3,
          "lit": "mvn-toolchain-id"
        },
        "value": ""
      },
      {
        "key": {
          "type": 0,
          "file": 3,
          "line": 72,
          "col": 3,
          "lit": "mvn-toolchain-vendor"
        },
        "value": ""
      }
    ]
  },
  "execution": {
    "executionType": "nodeJS",
    "hasPre": false,
    "hasPost": true,
    "script": "dist/setup/index.js",
    "pre": null,
    "post": "dist/cleanup/index.js",
    "nodeVersion": "node20",
    "cleanupCondition": "always()",
    "initCondition": "always()"
  },
  "deprecated": null
}
[2026-09-08 18:48:01Z INFO ActionManager] Action pre node.js file: N/A.
[2026-09-08 18:48:01Z INFO ActionManager] Action node.js file: dist/setup/index.js.
[2026-09-08 18:48:01Z INFO ActionManager] Action post node.js file: dist/cleanup/index.js.
[2026-09-08 18:48:01Z INFO JobExtension] Adding .
[2026-09-08 18:48:01Z INFO JobExtension] Adding .
[2026-09-08 18:48:01Z INFO JobExtension] Adding .
[2026-09-08 18:48:01Z INFO HostContext] Well known directory 'Bin': 'C:\Users\Bhuwan\Desktop\New folder\actions-runner\bin'
[2026-09-08 18:48:01Z INFO HostContext] Well known directory 'Root': 'C:\Users\Bhuwan\Desktop\New folder\actions-runner'
[2026-09-08 18:48:01Z INFO HostContext] Well known directory 'Diag': 'C:\Users\Bhuwan\Desktop\New folder\actions-runner\_diag'
[2026-09-08 18:48:01Z INFO HostContext] Well known directory 'Bin': 'C:\Users\Bhuwan\Desktop\New folder\actions-runner\bin'
[2026-09-08 18:48:01Z INFO HostContext] Well known directory 'Root': 'C:\Users\Bhuwan\Desktop\New folder\actions-runner'
[2026-09-08 18:48:01Z INFO HostContext] Well known directory 'Diag': 'C:\Users\Bhuwan\Desktop\New folder\actions-runner\_diag'
[2026-09-08 18:48:01Z INFO HostContext] Well known directory 'Bin': 'C:\Users\Bhuwan\Desktop\New folder\actions-runner\bin'
[2026-09-08 18:48:01Z INFO HostContext] Well known directory 'Root': 'C:\Users\Bhuwan\Desktop\New folder\actions-runner'
[2026-09-08 18:48:01Z INFO HostContext] Well known directory 'Diag': 'C:\Users\Bhuwan\Desktop\New folder\actions-runner\_diag'
[2026-09-08 18:48:01Z INFO HostContext] Well known directory 'Bin': 'C:\Users\Bhuwan\Desktop\New folder\actions-runner\bin'
[2026-09-08 18:48:01Z INFO HostContext] Well known directory 'Root': 'C:\Users\Bhuwan\Desktop\New folder\actions-runner'
[2026-09-08 18:48:01Z INFO HostContext] Well known directory 'Diag': 'C:\Users\Bhuwan\Desktop\New folder\actions-runner\_diag'
[2026-09-08 18:48:01Z INFO HostContext] Well known directory 'Bin': 'C:\Users\Bhuwan\Desktop\New folder\actions-runner\bin'
[2026-09-08 18:48:01Z INFO HostContext] Well known directory 'Root': 'C:\Users\Bhuwan\Desktop\New folder\actions-runner'
[2026-09-08 18:48:01Z INFO HostContext] Well known directory 'Diag': 'C:\Users\Bhuwan\Desktop\New folder\actions-runner\_diag'
[2026-09-08 18:48:01Z INFO HostContext] Well known directory 'Bin': 'C:\Users\Bhuwan\Desktop\New folder\actions-runner\bin'
[2026-09-08 18:48:01Z INFO HostContext] Well known directory 'Root': 'C:\Users\Bhuwan\Desktop\New folder\actions-runner'
[2026-09-08 18:48:01Z INFO HostContext] Well known directory 'Diag': 'C:\Users\Bhuwan\Desktop\New folder\actions-runner\_diag'
[2026-09-08 18:48:01Z INFO JobServerQueue] Try to append 1 batches web console lines for record 'babefe97-058a-42d4-9b8d-60ab3563d2a5', success rate: 1/1.
[2026-09-08 18:48:01Z INFO JobExtension] Total accessible running process: 273.
[2026-09-08 18:48:01Z INFO HostContext] Well known directory 'Bin': 'C:\Users\Bhuwan\Desktop\New folder\actions-runner\bin'
[2026-09-08 18:48:01Z INFO HostContext] Well known directory 'Root': 'C:\Users\Bhuwan\Desktop\New folder\actions-runner'
[2026-09-08 18:48:01Z INFO HostContext] Well known directory 'Work': 'C:\Users\Bhuwan\Desktop\New folder\actions-runner\_work'
[2026-09-08 18:48:01Z INFO JobExtension] Start checking server connectivity.
[2026-09-08 18:48:01Z INFO JobExtension] Check server connectivity for https://broker.actions.githubusercontent.com/health.
[2026-09-08 18:48:01Z INFO JobExtension] Check server connectivity for https://token.actions.githubusercontent.com/ready.
[2026-09-08 18:48:01Z INFO JobExtension] Check server connectivity for https://run.actions.githubusercontent.com/health.
[2026-09-08 18:48:01Z INFO JobExtension] Start checking service connectivity in background.
[2026-09-08 18:48:01Z INFO ExecutionContext] Publish step telemetry for current step {
  "action": "setup_job",
  "type": "runner",
  "stage": "Pre",
  "stepId": "babefe97-058a-42d4-9b8d-60ab3563d2a5",
  "result": "succeeded",
  "errorMessages": [],
  "executionTimeInSeconds": 21,
  "startTime": "2026-09-08T18:47:40.6347254Z",
  "finishTime": "2026-09-08T18:48:01.283869Z"
}.
[2026-09-08 18:48:01Z INFO JobRunner] Total job steps: 3.
[2026-09-08 18:48:01Z INFO JobRunner] Run all job steps.
[2026-09-08 18:48:01Z INFO DapDebugger] DapDebugger initialized
[2026-09-08 18:48:01Z INFO StepsRunner] Processing step: DisplayName='Checkout code'
[2026-09-08 18:48:01Z INFO StepsRunner] Evaluating: success()
[2026-09-08 18:48:01Z INFO StepsRunner] Result: true
[2026-09-08 18:48:01Z INFO StepsRunner] Starting the step.
[2026-09-08 18:48:01Z INFO HostContext] Well known directory 'Bin': 'C:\Users\Bhuwan\Desktop\New folder\actions-runner\bin'
[2026-09-08 18:48:01Z INFO HostContext] Well known directory 'Root': 'C:\Users\Bhuwan\Desktop\New folder\actions-runner'
[2026-09-08 18:48:01Z INFO HostContext] Well known directory 'Work': 'C:\Users\Bhuwan\Desktop\New folder\actions-runner\_work'
[2026-09-08 18:48:01Z INFO StepsRunner] Which2: 'chcp'
[2026-09-08 18:48:01Z INFO StepsRunner] Location: 'C:\WINDOWS\system32\chcp.COM'
[2026-09-08 18:48:01Z INFO ProcessInvokerWrapper] Starting process:
[2026-09-08 18:48:01Z INFO ProcessInvokerWrapper]   File name: 'C:\WINDOWS\system32\chcp.COM'
[2026-09-08 18:48:01Z INFO ProcessInvokerWrapper]   Arguments: '65001'
[2026-09-08 18:48:01Z INFO ProcessInvokerWrapper]   Working directory: 'C:\Users\Bhuwan\Desktop\New folder\actions-runner\_work'
[2026-09-08 18:48:01Z INFO ProcessInvokerWrapper]   Require exit code zero: 'False'
[2026-09-08 18:48:01Z INFO ProcessInvokerWrapper]   Encoding web name:  ; code page: ''
[2026-09-08 18:48:01Z INFO ProcessInvokerWrapper]   Force kill process on cancellation: 'False'
[2026-09-08 18:48:01Z INFO ProcessInvokerWrapper]   Redirected STDIN: 'False'
[2026-09-08 18:48:01Z INFO ProcessInvokerWrapper]   Persist current code page: 'True'
[2026-09-08 18:48:01Z INFO ProcessInvokerWrapper]   Keep redirected STDIN open: 'False'
[2026-09-08 18:48:01Z INFO ProcessInvokerWrapper]   High priority process: 'False'
[2026-09-08 18:48:01Z INFO ProcessInvokerWrapper] Process started with process id 13448, waiting for process exit.
[2026-09-08 18:48:01Z INFO ProcessInvokerWrapper] STDOUT/STDERR stream read finished.
[2026-09-08 18:48:01Z INFO ProcessInvokerWrapper] STDOUT/STDERR stream read finished.
[2026-09-08 18:48:01Z INFO ProcessInvokerWrapper] Finished process 13448 with exit code 0, and elapsed time 00:00:00.0949272.
[2026-09-08 18:48:01Z INFO StepsRunner] Successfully returned to code page 65001 (UTF8)
[2026-09-08 18:48:01Z INFO HostContext] Well known directory 'Bin': 'C:\Users\Bhuwan\Desktop\New folder\actions-runner\bin'
[2026-09-08 18:48:01Z INFO HostContext] Well known directory 'Root': 'C:\Users\Bhuwan\Desktop\New folder\actions-runner'
[2026-09-08 18:48:01Z INFO HostContext] Well known directory 'Work': 'C:\Users\Bhuwan\Desktop\New folder\actions-runner\_work'
[2026-09-08 18:48:01Z INFO HostContext] Well known directory 'Actions': 'C:\Users\Bhuwan\Desktop\New folder\actions-runner\_work\_actions'
[2026-09-08 18:48:01Z INFO ActionManager] Load action that reference repository from 'C:\Users\Bhuwan\Desktop\New folder\actions-runner\_work\_actions\actions\checkout\v4'
[2026-09-08 18:48:01Z INFO HostContext] Well known directory 'Bin': 'C:\Users\Bhuwan\Desktop\New folder\actions-runner\bin'
[2026-09-08 18:48:01Z INFO HostContext] Well known directory 'Root': 'C:\Users\Bhuwan\Desktop\New folder\actions-runner'
[2026-09-08 18:48:01Z INFO HostContext] Well known directory 'Work': 'C:\Users\Bhuwan\Desktop\New folder\actions-runner\_work'
[2026-09-08 18:48:01Z INFO HostContext] Well known directory 'Actions': 'C:\Users\Bhuwan\Desktop\New folder\actions-runner\_work\_actions'
[2026-09-08 18:48:01Z INFO ActionManifestManagerLegacy] Loaded action.yml file: {
  "name": "Checkout",
  "description": "Checkout a Git repository at a particular version",
  "inputs": {
    "type": 2,
    "map": [
      {
        "key": {
          "type": 0,
          "file": 2,
          "line": 4,
          "col": 3,
          "lit": "repository"
        },
        "value": {
          "type": 3,
          "file": 2,
          "line": 6,
          "col": 14,
          "expr": "github.repository"
        }
      },
      {
        "key": {
          "type": 0,
          "file": 2,
          "line": 7,
          "col": 3,
          "lit": "ref"
        },
        "value": ""
      },
      {
        "key": {
          "type": 0,
          "file": 2,
          "line": 12,
          "col": 3,
          "lit": "token"
        },
        "value": {
          "type": 3,
          "file": 2,
          "line": 24,
          "col": 14,
          "expr": "github.token"
        }
      },
      {
        "key": {
          "type": 0,
          "file": 2,
          "line": 25,
          "col": 3,
          "lit": "ssh-key"
        },
        "value": ""
      },
      {
        "key": {
          "type": 0,
          "file": 2,
          "line": 37,
          "col": 3,
          "lit": "ssh-known-hosts"
        },
        "value": ""
      },
      {
        "key": {
          "type": 0,
          "file": 2,
          "line": 42,
          "col": 3,
          "lit": "ssh-strict"
        },
        "value": {
          "type": 0,
          "file": 2,
          "line": 47,
          "col": 14,
          "lit": "true"
        }
      },
      {
        "key": {
          "type": 0,
          "file": 2,
          "line": 48,
          "col": 3,
          "lit": "ssh-user"
        },
        "value": {
          "type": 0,
          "file": 2,
          "line": 51,
          "col": 14,
          "lit": "git"
        }
      },
      {
        "key": {
          "type": 0,
          "file": 2,
          "line": 52,
          "col": 3,
          "lit": "persist-credentials"
        },
        "value": {
          "type": 0,
          "file": 2,
          "line": 54,
          "col": 14,
          "lit": "true"
        }
      },
      {
        "key": {
          "type": 0,
          "file": 2,
          "line": 55,
          "col": 3,
          "lit": "path"
        },
        "value": ""
      },
      {
        "key": {
          "type": 0,
          "file": 2,
          "line": 57,
          "col": 3,
          "lit": "clean"
        },
        "value": {
          "type": 0,
          "file": 2,
          "line": 59,
          "col": 14,
          "lit": "true"
        }
      },
      {
        "key": {
          "type": 0,
          "file": 2,
          "line": 60,
          "col": 3,
          "lit": "filter"
        },
        "value": {
          "type": 0,
          "file": 2,
          "line": 64,
          "col": 14,
          "lit": ""
        }
      },
      {
        "key": {
          "type": 0,
          "file": 2,
          "line": 65,
          "col": 3,
          "lit": "sparse-checkout"
        },
        "value": {
          "type": 0,
          "file": 2,
          "line": 69,
          "col": 14,
          "lit": ""
        }
      },
      {
        "key": {
          "type": 0,
          "file": 2,
          "line": 70,
          "col": 3,
          "lit": "sparse-checkout-cone-mode"
        },
        "value": {
          "type": 0,
          "file": 2,
          "line": 73,
          "col": 14,
          "lit": "true"
        }
      },
      {
        "key": {
          "type": 0,
          "file": 2,
          "line": 74,
          "col": 3,
          "lit": "fetch-depth"
        },
        "value": {
          "type": 0,
          "file": 2,
          "line": 76,
          "col": 14,
          "lit": "1"
        }
      },
      {
        "key": {
          "type": 0,
          "file": 2,
          "line": 77,
          "col": 3,
          "lit": "fetch-tags"
        },
        "value": {
          "type": 0,
          "file": 2,
          "line": 79,
          "col": 14,
          "lit": "false"
        }
      },
      {
        "key": {
          "type": 0,
          "file": 2,
          "line": 80,
          "col": 3,
          "lit": "show-progress"
        },
        "value": {
          "type": 0,
          "file": 2,
          "line": 82,
          "col": 14,
          "lit": "true"
        }
      },
      {
        "key": {
          "type": 0,
          "file": 2,
          "line": 83,
          "col": 3,
          "lit": "lfs"
        },
        "value": {
          "type": 0,
          "file": 2,
          "line": 85,
          "col": 14,
          "lit": "false"
        }
      },
      {
        "key": {
          "type": 0,
          "file": 2,
          "line": 86,
          "col": 3,
          "lit": "submodules"
        },
        "value": {
          "type": 0,
          "file": 2,
          "line": 94,
          "col": 14,
          "lit": "false"
        }
      },
      {
        "key": {
          "type": 0,
          "file": 2,
          "line": 95,
          "col": 3,
          "lit": "set-safe-directory"
        },
        "value": {
          "type": 0,
          "file": 2,
          "line": 97,
          "col": 14,
          "lit": "true"
        }
      },
      {
        "key": {
          "type": 0,
          "file": 2,
          "line": 98,
          "col": 3,
          "lit": "github-server-url"
        },
        "value": ""
      },
      {
        "key": {
          "type": 0,
          "file": 2,
          "line": 101,
          "col": 3,
          "lit": "allow-unsafe-pr-checkout"
        },
        "value": {
          "type": 0,
          "file": 2,
          "line": 109,
          "col": 14,
          "lit": "false"
        }
      }
    ]
  },
  "execution": {
    "executionType": "nodeJS",
    "hasPre": false,
    "hasPost": true,
    "script": "dist/index.js",
    "pre": null,
    "post": "dist/index.js",
    "nodeVersion": "node20",
    "cleanupCondition": "always()",
    "initCondition": "always()"
  },
  "deprecated": null
}
[2026-09-08 18:48:01Z INFO ActionManager] Action pre node.js file: N/A.
[2026-09-08 18:48:01Z INFO ActionManager] Action node.js file: dist/index.js.
[2026-09-08 18:48:01Z INFO ActionManager] Action post node.js file: dist/index.js.
[2026-09-08 18:48:01Z INFO ExecutionContext] Reserve record order 5 to 8 for post job actions.
[2026-09-08 18:48:01Z INFO HostContext] Well known directory 'Bin': 'C:\Users\Bhuwan\Desktop\New folder\actions-runner\bin'
[2026-09-08 18:48:01Z INFO HostContext] Well known directory 'Root': 'C:\Users\Bhuwan\Desktop\New folder\actions-runner'
[2026-09-08 18:48:01Z INFO HostContext] Well known directory 'Diag': 'C:\Users\Bhuwan\Desktop\New folder\actions-runner\_diag'
[2026-09-08 18:48:01Z INFO HostContext] Well known directory 'Bin': 'C:\Users\Bhuwan\Desktop\New folder\actions-runner\bin'
[2026-09-08 18:48:01Z INFO HostContext] Well known directory 'Root': 'C:\Users\Bhuwan\Desktop\New folder\actions-runner'
[2026-09-08 18:48:01Z INFO HostContext] Well known directory 'Diag': 'C:\Users\Bhuwan\Desktop\New folder\actions-runner\_diag'
[2026-09-08 18:48:01Z INFO HostContext] Well known directory 'Bin': 'C:\Users\Bhuwan\Desktop\New folder\actions-runner\bin'
[2026-09-08 18:48:01Z INFO HostContext] Well known directory 'Root': 'C:\Users\Bhuwan\Desktop\New folder\actions-runner'
[2026-09-08 18:48:01Z INFO HostContext] Well known directory 'Work': 'C:\Users\Bhuwan\Desktop\New folder\actions-runner\_work'
[2026-09-08 18:48:01Z INFO HostContext] Well known directory 'Temp': 'C:\Users\Bhuwan\Desktop\New folder\actions-runner\_work\_temp'
[2026-09-08 18:48:01Z INFO ExecutionContext] Write event payload to C:\Users\Bhuwan\Desktop\New folder\actions-runner\_work\_temp\_github_workflow\event.json
[2026-09-08 18:48:01Z INFO HostContext] Well known directory 'Bin': 'C:\Users\Bhuwan\Desktop\New folder\actions-runner\bin'
[2026-09-08 18:48:01Z INFO HostContext] Well known directory 'Root': 'C:\Users\Bhuwan\Desktop\New folder\actions-runner'
[2026-09-08 18:48:01Z INFO HostContext] Well known directory 'Work': 'C:\Users\Bhuwan\Desktop\New folder\actions-runner\_work'
[2026-09-08 18:48:01Z INFO HostContext] Well known directory 'Temp': 'C:\Users\Bhuwan\Desktop\New folder\actions-runner\_work\_temp'
[2026-09-08 18:48:01Z INFO ExtensionManager] Getting extensions for interface: 'GitHub.Runner.Worker.IFileCommandExtension'
[2026-09-08 18:48:01Z INFO ExtensionManager] Creating instance: GitHub.Runner.Worker.AddPathFileCommand, Runner.Worker
[2026-09-08 18:48:01Z INFO ExtensionManager] Creating instance: GitHub.Runner.Worker.SetEnvFileCommand, Runner.Worker
[2026-09-08 18:48:01Z INFO ExtensionManager] Creating instance: GitHub.Runner.Worker.CreateStepSummaryCommand, Runner.Worker
[2026-09-08 18:48:01Z INFO ExtensionManager] Creating instance: GitHub.Runner.Worker.SaveStateFileCommand, Runner.Worker
[2026-09-08 18:48:01Z INFO ExtensionManager] Creating instance: GitHub.Runner.Worker.SetOutputFileCommand, Runner.Worker
[2026-09-08 18:48:01Z INFO ExtensionManager] Creating instance: GitHub.Runner.Worker.CreateArtifactsFileCommand, Runner.Worker
[2026-09-08 18:48:01Z INFO ExtensionManager] Creating instance: GitHub.Runner.Worker.ArtifactsListFileCommand, Runner.Worker
[2026-09-08 18:48:01Z INFO ActionManifestManagerLegacy] Input 'repository': default value evaluate result: {
  "type": 0,
  "file": 2,
  "line": 6,
  "col": 14,
  "lit": "bhuwan1233/Github-action-project"
}
[2026-09-08 18:48:01Z INFO ActionManifestManagerLegacy] Input 'ref': default value evaluate result: ""
[2026-09-08 18:48:01Z INFO ActionManifestManagerLegacy] Input 'token': default value evaluate result: {
  "type": 0,
  "file": 2,
  "line": 24,
  "col": 14,
  "lit": "***"
}
[2026-09-08 18:48:01Z INFO ActionManifestManagerLegacy] Input 'ssh-key': default value evaluate result: ""
[2026-09-08 18:48:01Z INFO ActionManifestManagerLegacy] Input 'ssh-known-hosts': default value evaluate result: ""
[2026-09-08 18:48:01Z INFO ActionManifestManagerLegacy] Input 'ssh-strict': default value evaluate result: {
  "type": 0,
  "file": 2,
  "line": 47,
  "col": 14,
  "lit": "true"
}
[2026-09-08 18:48:01Z INFO ActionManifestManagerLegacy] Input 'ssh-user': default value evaluate result: {
  "type": 0,
  "file": 2,
  "line": 51,
  "col": 14,
  "lit": "git"
}
[2026-09-08 18:48:01Z INFO ActionManifestManagerLegacy] Input 'persist-credentials': default value evaluate result: {
  "type": 0,
  "file": 2,
  "line": 54,
  "col": 14,
  "lit": "true"
}
[2026-09-08 18:48:01Z INFO ActionManifestManagerLegacy] Input 'path': default value evaluate result: ""
[2026-09-08 18:48:01Z INFO ActionManifestManagerLegacy] Input 'clean': default value evaluate result: {
  "type": 0,
  "file": 2,
  "line": 59,
  "col": 14,
  "lit": "true"
}
[2026-09-08 18:48:01Z INFO ActionManifestManagerLegacy] Input 'filter': default value evaluate result: {
  "type": 0,
  "file": 2,
  "line": 64,
  "col": 14,
  "lit": ""
}
[2026-09-08 18:48:01Z INFO ActionManifestManagerLegacy] Input 'sparse-checkout': default value evaluate result: {
  "type": 0,
  "file": 2,
  "line": 69,
  "col": 14,
  "lit": ""
}
[2026-09-08 18:48:01Z INFO ActionManifestManagerLegacy] Input 'sparse-checkout-cone-mode': default value evaluate result: {
  "type": 0,
  "file": 2,
  "line": 73,
  "col": 14,
  "lit": "true"
}
[2026-09-08 18:48:01Z INFO ActionManifestManagerLegacy] Input 'fetch-depth': default value evaluate result: {
  "type": 0,
  "file": 2,
  "line": 76,
  "col": 14,
  "lit": "1"
}
[2026-09-08 18:48:01Z INFO ActionManifestManagerLegacy] Input 'fetch-tags': default value evaluate result: {
  "type": 0,
  "file": 2,
  "line": 79,
  "col": 14,
  "lit": "false"
}
[2026-09-08 18:48:01Z INFO ActionManifestManagerLegacy] Input 'show-progress': default value evaluate result: {
  "type": 0,
  "file": 2,
  "line": 82,
  "col": 14,
  "lit": "true"
}
[2026-09-08 18:48:01Z INFO ActionManifestManagerLegacy] Input 'lfs': default value evaluate result: {
  "type": 0,
  "file": 2,
  "line": 85,
  "col": 14,
  "lit": "false"
}
[2026-09-08 18:48:01Z INFO ActionManifestManagerLegacy] Input 'submodules': default value evaluate result: {
  "type": 0,
  "file": 2,
  "line": 94,
  "col": 14,
  "lit": "false"
}
[2026-09-08 18:48:01Z INFO ActionManifestManagerLegacy] Input 'set-safe-directory': default value evaluate result: {
  "type": 0,
  "file": 2,
  "line": 97,
  "col": 14,
  "lit": "true"
}
[2026-09-08 18:48:01Z INFO ActionManifestManagerLegacy] Input 'github-server-url': default value evaluate result: ""
[2026-09-08 18:48:01Z INFO ActionManifestManagerLegacy] Input 'allow-unsafe-pr-checkout': default value evaluate result: {
  "type": 0,
  "file": 2,
  "line": 109,
  "col": 14,
  "lit": "false"
}
[2026-09-08 18:48:01Z INFO ExtensionManager] Getting extensions for interface: 'GitHub.Runner.Worker.IActionCommandExtension'
[2026-09-08 18:48:01Z INFO ExtensionManager] Creating instance: GitHub.Runner.Worker.InternalPluginSetRepoPathCommandExtension, Runner.Worker
[2026-09-08 18:48:01Z INFO ExtensionManager] Creating instance: GitHub.Runner.Worker.SetEnvCommandExtension, Runner.Worker
[2026-09-08 18:48:01Z INFO ExtensionManager] Creating instance: GitHub.Runner.Worker.SetOutputCommandExtension, Runner.Worker
[2026-09-08 18:48:01Z INFO ExtensionManager] Creating instance: GitHub.Runner.Worker.SaveStateCommandExtension, Runner.Worker
[2026-09-08 18:48:01Z INFO ExtensionManager] Creating instance: GitHub.Runner.Worker.AddPathCommandExtension, Runner.Worker
[2026-09-08 18:48:01Z INFO ExtensionManager] Creating instance: GitHub.Runner.Worker.AddMaskCommandExtension, Runner.Worker
[2026-09-08 18:48:01Z INFO ExtensionManager] Creating instance: GitHub.Runner.Worker.AddMatcherCommandExtension, Runner.Worker
[2026-09-08 18:48:01Z INFO ExtensionManager] Creating instance: GitHub.Runner.Worker.RemoveMatcherCommandExtension, Runner.Worker
[2026-09-08 18:48:01Z INFO ExtensionManager] Creating instance: GitHub.Runner.Worker.WarningCommandExtension, Runner.Worker
[2026-09-08 18:48:01Z INFO ExtensionManager] Creating instance: GitHub.Runner.Worker.ErrorCommandExtension, Runner.Worker
[2026-09-08 18:48:01Z INFO ExtensionManager] Creating instance: GitHub.Runner.Worker.NoticeCommandExtension, Runner.Worker
[2026-09-08 18:48:01Z INFO ExtensionManager] Creating instance: GitHub.Runner.Worker.DebugCommandExtension, Runner.Worker
[2026-09-08 18:48:01Z INFO ExtensionManager] Creating instance: GitHub.Runner.Worker.GroupCommandExtension, Runner.Worker
[2026-09-08 18:48:01Z INFO ExtensionManager] Creating instance: GitHub.Runner.Worker.EndGroupCommandExtension, Runner.Worker
[2026-09-08 18:48:01Z INFO ExtensionManager] Creating instance: GitHub.Runner.Worker.EchoCommandExtension, Runner.Worker
[2026-09-08 18:48:01Z INFO ActionCommandManager] Register action command extension for command internal-set-repo-path
[2026-09-08 18:48:01Z INFO ActionCommandManager] Register action command extension for command set-env
[2026-09-08 18:48:01Z INFO ActionCommandManager] Register action command extension for command set-output
[2026-09-08 18:48:01Z INFO ActionCommandManager] Register action command extension for command save-state
[2026-09-08 18:48:01Z INFO ActionCommandManager] Register action command extension for command add-path
[2026-09-08 18:48:01Z INFO ActionCommandManager] Register action command extension for command add-mask
[2026-09-08 18:48:01Z INFO ActionCommandManager] Register action command extension for command add-matcher
[2026-09-08 18:48:01Z INFO ActionCommandManager] Register action command extension for command remove-matcher
[2026-09-08 18:48:01Z INFO ActionCommandManager] Register action command extension for command warning
[2026-09-08 18:48:01Z INFO ActionCommandManager] Register action command extension for command error
[2026-09-08 18:48:01Z INFO ActionCommandManager] Register action command extension for command notice
[2026-09-08 18:48:01Z INFO ActionCommandManager] Register action command extension for command debug
[2026-09-08 18:48:01Z INFO ActionCommandManager] Register action command extension for command group
[2026-09-08 18:48:01Z INFO ActionCommandManager] Register action command extension for command endgroup
[2026-09-08 18:48:01Z INFO ActionCommandManager] Register action command extension for command echo
[2026-09-08 18:48:01Z INFO HostContext] Well known directory 'Bin': 'C:\Users\Bhuwan\Desktop\New folder\actions-runner\bin'
[2026-09-08 18:48:01Z INFO HostContext] Well known directory 'Root': 'C:\Users\Bhuwan\Desktop\New folder\actions-runner'
[2026-09-08 18:48:01Z INFO HostContext] Well known directory 'Externals': 'C:\Users\Bhuwan\Desktop\New folder\actions-runner\externals'
[2026-09-08 18:48:01Z INFO ProcessInvokerWrapper] Starting process:
[2026-09-08 18:48:01Z INFO ProcessInvokerWrapper]   File name: 'C:\Users\Bhuwan\Desktop\New folder\actions-runner\externals\node24\bin\node.exe'
[2026-09-08 18:48:01Z INFO ProcessInvokerWrapper]   Arguments: '"C:\Users\Bhuwan\Desktop\New folder\actions-runner\_work\_actions\actions\checkout\v4\dist/index.js"'
[2026-09-08 18:48:01Z INFO ProcessInvokerWrapper]   Working directory: 'C:\Users\Bhuwan\Desktop\New folder\actions-runner\_work\Github-action-project\Github-action-project'
[2026-09-08 18:48:01Z INFO ProcessInvokerWrapper]   Require exit code zero: 'False'
[2026-09-08 18:48:01Z INFO ProcessInvokerWrapper]   Encoding web name: utf-8 ; code page: '65001'
[2026-09-08 18:48:01Z INFO ProcessInvokerWrapper]   Force kill process on cancellation: 'False'
[2026-09-08 18:48:01Z INFO ProcessInvokerWrapper]   Redirected STDIN: 'False'
[2026-09-08 18:48:01Z INFO ProcessInvokerWrapper]   Persist current code page: 'True'
[2026-09-08 18:48:01Z INFO ProcessInvokerWrapper]   Keep redirected STDIN open: 'False'
[2026-09-08 18:48:01Z INFO ProcessInvokerWrapper]   High priority process: 'False'
[2026-09-08 18:48:01Z INFO ProcessInvokerWrapper] Process started with process id 20112, waiting for process exit.
[2026-09-08 18:48:01Z INFO JobServerQueue] Got a step log file to send to results service.
[2026-09-08 18:48:01Z INFO JobServerQueue] Starting upload of step log file to results service ResultsLog, C:\Users\Bhuwan\Desktop\New folder\actions-runner\_diag\blocks\43ca3f32-b643-4c60-a306-afa2d01780ca_babefe97-058a-42d4-9b8d-60ab3563d2a5.1
[2026-09-08 18:48:01Z INFO JobServerQueue] Try to upload 1 log files or attachments, success rate: 1/1.
[2026-09-08 18:48:01Z INFO JobServerQueue] Try to append 1 batches web console lines for record 'a3a5180f-7c9e-4f4b-acd8-35f2cba0bd52', success rate: 1/1.
[2026-09-08 18:48:02Z INFO JobServerQueue] Try to append 1 batches web console lines for record 'a3a5180f-7c9e-4f4b-acd8-35f2cba0bd52', success rate: 1/1.
[2026-09-08 18:48:02Z INFO AddMaskCommandExtension] Add new secret mask with length of 524
[2026-09-08 18:48:02Z INFO JobServerQueue] Try to append 1 batches web console lines for record 'a3a5180f-7c9e-4f4b-acd8-35f2cba0bd52', success rate: 1/1.
[2026-09-08 18:48:03Z INFO JobServerQueue] Try to append 1 batches web console lines for record 'a3a5180f-7c9e-4f4b-acd8-35f2cba0bd52', success rate: 1/1.
[2026-09-08 18:48:03Z INFO JobServerQueue] Try to append 1 batches web console lines for record 'a3a5180f-7c9e-4f4b-acd8-35f2cba0bd52', success rate: 1/1.
[2026-09-08 18:48:03Z INFO JobServerQueue] Try to append 1 batches web console lines for record 'a3a5180f-7c9e-4f4b-acd8-35f2cba0bd52', success rate: 1/1.
[2026-09-08 18:48:03Z INFO JobServerQueue] Tried to upload 1 file(s) to results, success rate: 1/1.
[2026-09-08 18:48:03Z INFO JobServerQueue] Try to append 1 batches web console lines for record 'a3a5180f-7c9e-4f4b-acd8-35f2cba0bd52', success rate: 1/1.
[2026-09-08 18:48:04Z INFO JobServerQueue] Try to append 1 batches web console lines for record 'a3a5180f-7c9e-4f4b-acd8-35f2cba0bd52', success rate: 1/1.
[2026-09-08 18:48:09Z INFO JobServerQueue] Try to append 1 batches web console lines for record 'a3a5180f-7c9e-4f4b-acd8-35f2cba0bd52', success rate: 1/1.
[2026-09-08 18:48:09Z INFO JobServerQueue] Try to append 1 batches web console lines for record 'a3a5180f-7c9e-4f4b-acd8-35f2cba0bd52', success rate: 1/1.
[2026-09-08 18:48:10Z INFO JobServerQueue] Try to append 1 batches web console lines for record 'a3a5180f-7c9e-4f4b-acd8-35f2cba0bd52', success rate: 1/1.
[2026-09-08 18:48:10Z INFO JobServerQueue] Try to append 1 batches web console lines for record 'a3a5180f-7c9e-4f4b-acd8-35f2cba0bd52', success rate: 1/1.
[2026-09-08 18:48:11Z INFO HostContext] Well known directory 'Bin': 'C:\Users\Bhuwan\Desktop\New folder\actions-runner\bin'
[2026-09-08 18:48:11Z INFO HostContext] Well known directory 'Root': 'C:\Users\Bhuwan\Desktop\New folder\actions-runner'
[2026-09-08 18:48:11Z INFO HostContext] Well known directory 'Work': 'C:\Users\Bhuwan\Desktop\New folder\actions-runner\_work'
[2026-09-08 18:48:15Z INFO JobServerQueue] Try to append 1 batches web console lines for record 'a3a5180f-7c9e-4f4b-acd8-35f2cba0bd52', success rate: 1/1.
[2026-09-08 18:48:15Z INFO JobServerQueue] Try to append 1 batches web console lines for record 'a3a5180f-7c9e-4f4b-acd8-35f2cba0bd52', success rate: 1/1.
[2026-09-08 18:48:20Z INFO JobServerQueue] Try to append 1 batches web console lines for record 'a3a5180f-7c9e-4f4b-acd8-35f2cba0bd52', success rate: 1/1.
[2026-09-08 18:48:20Z INFO JobServerQueue] Try to append 1 batches web console lines for record 'a3a5180f-7c9e-4f4b-acd8-35f2cba0bd52', success rate: 1/1.
[2026-09-08 18:48:21Z INFO HostContext] Well known directory 'Bin': 'C:\Users\Bhuwan\Desktop\New folder\actions-runner\bin'
[2026-09-08 18:48:21Z INFO HostContext] Well known directory 'Root': 'C:\Users\Bhuwan\Desktop\New folder\actions-runner'
[2026-09-08 18:48:21Z INFO HostContext] Well known directory 'Work': 'C:\Users\Bhuwan\Desktop\New folder\actions-runner\_work'
[2026-09-08 18:48:30Z INFO JobServerQueue] Try to append 1 batches web console lines for record 'a3a5180f-7c9e-4f4b-acd8-35f2cba0bd52', success rate: 1/1.
[2026-09-08 18:48:31Z INFO HostContext] Well known directory 'Bin': 'C:\Users\Bhuwan\Desktop\New folder\actions-runner\bin'
[2026-09-08 18:48:31Z INFO HostContext] Well known directory 'Root': 'C:\Users\Bhuwan\Desktop\New folder\actions-runner'
[2026-09-08 18:48:31Z INFO HostContext] Well known directory 'Work': 'C:\Users\Bhuwan\Desktop\New folder\actions-runner\_work'
[2026-09-08 18:48:32Z INFO JobServerQueue] Try to append 1 batches web console lines for record 'a3a5180f-7c9e-4f4b-acd8-35f2cba0bd52', success rate: 1/1.
[2026-09-08 18:48:32Z INFO JobServerQueue] Try to append 1 batches web console lines for record 'a3a5180f-7c9e-4f4b-acd8-35f2cba0bd52', success rate: 1/1.
[2026-09-08 18:48:32Z INFO JobServerQueue] Try to append 1 batches web console lines for record 'a3a5180f-7c9e-4f4b-acd8-35f2cba0bd52', success rate: 1/1.
[2026-09-08 18:48:33Z INFO JobServerQueue] Try to append 1 batches web console lines for record 'a3a5180f-7c9e-4f4b-acd8-35f2cba0bd52', success rate: 1/1.
[2026-09-08 18:48:33Z INFO ProcessInvokerWrapper] STDOUT/STDERR stream read finished.
[2026-09-08 18:48:33Z INFO ProcessInvokerWrapper] STDOUT/STDERR stream read finished.
[2026-09-08 18:48:33Z INFO ProcessInvokerWrapper] Finished process 20112 with exit code 0, and elapsed time 00:00:31.6310118.
[2026-09-08 18:48:33Z INFO CreateStepSummaryCommand] Step Summary file (C:\Users\Bhuwan\Desktop\New folder\actions-runner\_work\_temp\_runner_file_commands\step_summary_83d6e4dc-ef7d-409e-8218-446cea132f1b) is empty; skipping attachment upload
[2026-09-08 18:48:33Z INFO StepsRunner] Step result: 
[2026-09-08 18:48:33Z INFO ExecutionContext] Publish step telemetry for current step {
  "action": "actions/checkout",
  "ref": "v4",
  "type": "node24",
  "stage": "Main",
  "stepId": "a3a5180f-7c9e-4f4b-acd8-35f2cba0bd52",
  "stepContextName": "__actions_checkout",
  "hasPreStep": false,
  "hasPostStep": true,
  "result": "succeeded",
  "errorMessages": [],
  "executionTimeInSeconds": 32,
  "startTime": "2026-09-08T18:48:01.3291863Z",
  "finishTime": "2026-09-08T18:48:33.2792807Z"
}.
[2026-09-08 18:48:33Z INFO StepsRunner] No need for updating job result with current step result 'Succeeded'.
[2026-09-08 18:48:33Z INFO StepsRunner] Current state: job state = ''
[2026-09-08 18:48:33Z INFO StepsRunner] Processing step: DisplayName='Set up JDK 17'
[2026-09-08 18:48:33Z INFO StepsRunner] Evaluating: success()
[2026-09-08 18:48:33Z INFO StepsRunner] Result: true
[2026-09-08 18:48:33Z INFO StepsRunner] Starting the step.
[2026-09-08 18:48:33Z INFO HostContext] Well known directory 'Bin': 'C:\Users\Bhuwan\Desktop\New folder\actions-runner\bin'
[2026-09-08 18:48:33Z INFO HostContext] Well known directory 'Root': 'C:\Users\Bhuwan\Desktop\New folder\actions-runner'
[2026-09-08 18:48:33Z INFO HostContext] Well known directory 'Work': 'C:\Users\Bhuwan\Desktop\New folder\actions-runner\_work'
[2026-09-08 18:48:33Z INFO StepsRunner] Which2: 'chcp'
[2026-09-08 18:48:33Z INFO StepsRunner] Location: 'C:\WINDOWS\system32\chcp.COM'
[2026-09-08 18:48:33Z INFO ProcessInvokerWrapper] Starting process:
[2026-09-08 18:48:33Z INFO ProcessInvokerWrapper]   File name: 'C:\WINDOWS\system32\chcp.COM'
[2026-09-08 18:48:33Z INFO ProcessInvokerWrapper]   Arguments: '65001'
[2026-09-08 18:48:33Z INFO ProcessInvokerWrapper]   Working directory: 'C:\Users\Bhuwan\Desktop\New folder\actions-runner\_work'
[2026-09-08 18:48:33Z INFO ProcessInvokerWrapper]   Require exit code zero: 'False'
[2026-09-08 18:48:33Z INFO ProcessInvokerWrapper]   Encoding web name:  ; code page: ''
[2026-09-08 18:48:33Z INFO ProcessInvokerWrapper]   Force kill process on cancellation: 'False'
[2026-09-08 18:48:33Z INFO ProcessInvokerWrapper]   Redirected STDIN: 'False'
[2026-09-08 18:48:33Z INFO ProcessInvokerWrapper]   Persist current code page: 'True'
[2026-09-08 18:48:33Z INFO ProcessInvokerWrapper]   Keep redirected STDIN open: 'False'
[2026-09-08 18:48:33Z INFO ProcessInvokerWrapper]   High priority process: 'False'
[2026-09-08 18:48:33Z INFO JobServerQueue] Try to upload 1 log files or attachments, success rate: 1/1.
[2026-09-08 18:48:33Z INFO ProcessInvokerWrapper] Process started with process id 23260, waiting for process exit.
[2026-09-08 18:48:33Z INFO JobServerQueue] Try to append 1 batches web console lines for record 'a3a5180f-7c9e-4f4b-acd8-35f2cba0bd52', success rate: 1/1.
[2026-09-08 18:48:33Z INFO ProcessInvokerWrapper] STDOUT/STDERR stream read finished.
[2026-09-08 18:48:33Z INFO ProcessInvokerWrapper] STDOUT/STDERR stream read finished.
[2026-09-08 18:48:33Z INFO ProcessInvokerWrapper] Finished process 23260 with exit code 0, and elapsed time 00:00:00.0542252.
[2026-09-08 18:48:33Z INFO StepsRunner] Successfully returned to code page 65001 (UTF8)
[2026-09-08 18:48:33Z INFO HostContext] Well known directory 'Bin': 'C:\Users\Bhuwan\Desktop\New folder\actions-runner\bin'
[2026-09-08 18:48:33Z INFO HostContext] Well known directory 'Root': 'C:\Users\Bhuwan\Desktop\New folder\actions-runner'
[2026-09-08 18:48:33Z INFO HostContext] Well known directory 'Work': 'C:\Users\Bhuwan\Desktop\New folder\actions-runner\_work'
[2026-09-08 18:48:33Z INFO HostContext] Well known directory 'Actions': 'C:\Users\Bhuwan\Desktop\New folder\actions-runner\_work\_actions'
[2026-09-08 18:48:33Z INFO ActionManager] Load action that reference repository from 'C:\Users\Bhuwan\Desktop\New folder\actions-runner\_work\_actions\actions\setup-java\v4'
[2026-09-08 18:48:33Z INFO HostContext] Well known directory 'Bin': 'C:\Users\Bhuwan\Desktop\New folder\actions-runner\bin'
[2026-09-08 18:48:33Z INFO HostContext] Well known directory 'Root': 'C:\Users\Bhuwan\Desktop\New folder\actions-runner'
[2026-09-08 18:48:33Z INFO HostContext] Well known directory 'Work': 'C:\Users\Bhuwan\Desktop\New folder\actions-runner\_work'
[2026-09-08 18:48:33Z INFO HostContext] Well known directory 'Actions': 'C:\Users\Bhuwan\Desktop\New folder\actions-runner\_work\_actions'
[2026-09-08 18:48:33Z INFO ActionManifestManagerLegacy] Ignore action property deprecationMessage.
[2026-09-08 18:48:33Z INFO ActionManifestManagerLegacy] Ignore action property author.
[2026-09-08 18:48:33Z INFO ActionManifestManagerLegacy] Loaded action.yml file: {
  "name": "Setup Java JDK",
  "description": "Set up a specific version of the Java JDK and add the command-line tools to the PATH",
  "inputs": {
    "type": 2,
    "map": [
      {
        "key": {
          "type": 0,
          "file": 3,
          "line": 7,
          "col": 3,
          "lit": "java-version"
        },
        "value": ""
      },
      {
        "key": {
          "type": 0,
          "file": 3,
          "line": 9,
          "col": 3,
          "lit": "java-version-file"
        },
        "value": ""
      },
      {
        "key": {
          "type": 0,
          "file": 3,
          "line": 11,
          "col": 3,
          "lit": "distribution"
        },
        "value": ""
      },
      {
        "key": {
          "type": 0,
          "file": 3,
          "line": 14,
          "col": 3,
          "lit": "java-package"
        },
        "value": {
          "type": 0,
          "file": 3,
          "line": 17,
          "col": 14,
          "lit": "jdk"
        }
      },
      {
        "key": {
          "type": 0,
          "file": 3,
          "line": 18,
          "col": 3,
          "lit": "architecture"
        },
        "value": ""
      },
      {
        "key": {
          "type": 0,
          "file": 3,
          "line": 21,
          "col": 3,
          "lit": "jdkFile"
        },
        "value": ""
      },
      {
        "key": {
          "type": 0,
          "file": 3,
          "line": 24,
          "col": 3,
          "lit": "check-latest"
        },
        "value": {
          "type": 0,
          "file": 3,
          "line": 27,
          "col": 14,
          "lit": "false"
        }
      },
      {
        "key": {
          "type": 0,
          "file": 3,
          "line": 28,
          "col": 3,
          "lit": "server-id"
        },
        "value": {
          "type": 0,
          "file": 3,
          "line": 32,
          "col": 14,
          "lit": "github"
        }
      },
      {
        "key": {
          "type": 0,
          "file": 3,
          "line": 33,
          "col": 3,
          "lit": "server-username"
        },
        "value": {
          "type": 0,
          "file": 3,
          "line": 37,
          "col": 14,
          "lit": "GITHUB_ACTOR"
        }
      },
      {
        "key": {
          "type": 0,
          "file": 3,
          "line": 38,
          "col": 3,
          "lit": "server-password"
        },
        "value": {
          "type": 0,
          "file": 3,
          "line": 42,
          "col": 14,
          "lit": "GITHUB_TOKEN"
        }
      },
      {
        "key": {
          "type": 0,
          "file": 3,
          "line": 43,
          "col": 3,
          "lit": "settings-path"
        },
        "value": ""
      },
      {
        "key": {
          "type": 0,
          "file": 3,
          "line": 46,
          "col": 3,
          "lit": "overwrite-settings"
        },
        "value": {
          "type": 0,
          "file": 3,
          "line": 49,
          "col": 14,
          "lit": "true"
        }
      },
      {
        "key": {
          "type": 0,
          "file": 3,
          "line": 50,
          "col": 3,
          "lit": "gpg-private-key"
        },
        "value": ""
      },
      {
        "key": {
          "type": 0,
          "file": 3,
          "line": 53,
          "col": 3,
          "lit": "gpg-passphrase"
        },
        "value": ""
      },
      {
        "key": {
          "type": 0,
          "file": 3,
          "line": 57,
          "col": 3,
          "lit": "cache"
        },
        "value": ""
      },
      {
        "key": {
          "type": 0,
          "file": 3,
          "line": 60,
          "col": 3,
          "lit": "cache-dependency-path"
        },
        "value": ""
      },
      {
        "key": {
          "type": 0,
          "file": 3,
          "line": 63,
          "col": 3,
          "lit": "job-status"
        },
        "value": {
          "type": 3,
          "file": 3,
          "line": 65,
          "col": 14,
          "expr": "job.status"
        }
      },
      {
        "key": {
          "type": 0,
          "file": 3,
          "line": 66,
          "col": 3,
          "lit": "token"
        },
        "value": {
          "type": 3,
          "file": 3,
          "line": 68,
          "col": 14,
          "expr": "github.server_url == 'https://github.com' && github.token || ''"
        }
      },
      {
        "key": {
          "type": 0,
          "file": 3,
          "line": 69,
          "col": 3,
          "lit": "mvn-toolchain-id"
        },
        "value": ""
      },
      {
        "key": {
          "type": 0,
          "file": 3,
          "line": 72,
          "col": 3,
          "lit": "mvn-toolchain-vendor"
        },
        "value": ""
      }
    ]
  },
  "execution": {
    "executionType": "nodeJS",
    "hasPre": false,
    "hasPost": true,
    "script": "dist/setup/index.js",
    "pre": null,
    "post": "dist/cleanup/index.js",
    "nodeVersion": "node20",
    "cleanupCondition": "always()",
    "initCondition": "always()"
  },
  "deprecated": null
}
[2026-09-08 18:48:33Z INFO ActionManager] Action pre node.js file: N/A.
[2026-09-08 18:48:33Z INFO ActionManager] Action node.js file: dist/setup/index.js.
[2026-09-08 18:48:33Z INFO ActionManager] Action post node.js file: dist/cleanup/index.js.
[2026-09-08 18:48:33Z INFO HostContext] Well known directory 'Bin': 'C:\Users\Bhuwan\Desktop\New folder\actions-runner\bin'
[2026-09-08 18:48:33Z INFO HostContext] Well known directory 'Root': 'C:\Users\Bhuwan\Desktop\New folder\actions-runner'
[2026-09-08 18:48:33Z INFO HostContext] Well known directory 'Diag': 'C:\Users\Bhuwan\Desktop\New folder\actions-runner\_diag'
[2026-09-08 18:48:33Z INFO HostContext] Well known directory 'Bin': 'C:\Users\Bhuwan\Desktop\New folder\actions-runner\bin'
[2026-09-08 18:48:33Z INFO HostContext] Well known directory 'Root': 'C:\Users\Bhuwan\Desktop\New folder\actions-runner'
[2026-09-08 18:48:33Z INFO HostContext] Well known directory 'Diag': 'C:\Users\Bhuwan\Desktop\New folder\actions-runner\_diag'
[2026-09-08 18:48:33Z INFO HostContext] Well known directory 'Bin': 'C:\Users\Bhuwan\Desktop\New folder\actions-runner\bin'
[2026-09-08 18:48:33Z INFO HostContext] Well known directory 'Root': 'C:\Users\Bhuwan\Desktop\New folder\actions-runner'
[2026-09-08 18:48:33Z INFO HostContext] Well known directory 'Work': 'C:\Users\Bhuwan\Desktop\New folder\actions-runner\_work'
[2026-09-08 18:48:33Z INFO HostContext] Well known directory 'Temp': 'C:\Users\Bhuwan\Desktop\New folder\actions-runner\_work\_temp'
[2026-09-08 18:48:33Z INFO ExecutionContext] Write event payload to C:\Users\Bhuwan\Desktop\New folder\actions-runner\_work\_temp\_github_workflow\event.json
[2026-09-08 18:48:33Z INFO HostContext] Well known directory 'Bin': 'C:\Users\Bhuwan\Desktop\New folder\actions-runner\bin'
[2026-09-08 18:48:33Z INFO HostContext] Well known directory 'Root': 'C:\Users\Bhuwan\Desktop\New folder\actions-runner'
[2026-09-08 18:48:33Z INFO HostContext] Well known directory 'Work': 'C:\Users\Bhuwan\Desktop\New folder\actions-runner\_work'
[2026-09-08 18:48:33Z INFO HostContext] Well known directory 'Temp': 'C:\Users\Bhuwan\Desktop\New folder\actions-runner\_work\_temp'
[2026-09-08 18:48:33Z INFO ExtensionManager] Getting extensions for interface: 'GitHub.Runner.Worker.IFileCommandExtension'
[2026-09-08 18:48:33Z INFO ActionManifestManagerLegacy] Input 'java-version-file': default value evaluate result: ""
[2026-09-08 18:48:33Z INFO ActionManifestManagerLegacy] Input 'java-package': default value evaluate result: {
  "type": 0,
  "file": 3,
  "line": 17,
  "col": 14,
  "lit": "jdk"
}
[2026-09-08 18:48:33Z INFO ActionManifestManagerLegacy] Input 'architecture': default value evaluate result: ""
[2026-09-08 18:48:33Z INFO ActionManifestManagerLegacy] Input 'jdkFile': default value evaluate result: ""
[2026-09-08 18:48:33Z INFO ActionManifestManagerLegacy] Input 'check-latest': default value evaluate result: {
  "type": 0,
  "file": 3,
  "line": 27,
  "col": 14,
  "lit": "false"
}
[2026-09-08 18:48:33Z INFO ActionManifestManagerLegacy] Input 'server-id': default value evaluate result: {
  "type": 0,
  "file": 3,
  "line": 32,
  "col": 14,
  "lit": "github"
}
[2026-09-08 18:48:33Z INFO ActionManifestManagerLegacy] Input 'server-username': default value evaluate result: {
  "type": 0,
  "file": 3,
  "line": 37,
  "col": 14,
  "lit": "GITHUB_ACTOR"
}
[2026-09-08 18:48:33Z INFO ActionManifestManagerLegacy] Input 'server-password': default value evaluate result: {
  "type": 0,
  "file": 3,
  "line": 42,
  "col": 14,
  "lit": "GITHUB_TOKEN"
}
[2026-09-08 18:48:33Z INFO ActionManifestManagerLegacy] Input 'settings-path': default value evaluate result: ""
[2026-09-08 18:48:33Z INFO ActionManifestManagerLegacy] Input 'overwrite-settings': default value evaluate result: {
  "type": 0,
  "file": 3,
  "line": 49,
  "col": 14,
  "lit": "true"
}
[2026-09-08 18:48:33Z INFO ActionManifestManagerLegacy] Input 'gpg-private-key': default value evaluate result: ""
[2026-09-08 18:48:33Z INFO ActionManifestManagerLegacy] Input 'gpg-passphrase': default value evaluate result: ""
[2026-09-08 18:48:33Z INFO ActionManifestManagerLegacy] Input 'cache-dependency-path': default value evaluate result: ""
[2026-09-08 18:48:33Z INFO ActionManifestManagerLegacy] Input 'job-status': default value evaluate result: {
  "type": 0,
  "file": 3,
  "line": 65,
  "col": 14,
  "lit": "success"
}
[2026-09-08 18:48:33Z INFO ActionManifestManagerLegacy] Input 'token': default value evaluate result: {
  "type": 0,
  "file": 3,
  "line": 68,
  "col": 14,
  "lit": "***"
}
[2026-09-08 18:48:33Z INFO ActionManifestManagerLegacy] Input 'mvn-toolchain-id': default value evaluate result: ""
[2026-09-08 18:48:33Z INFO ActionManifestManagerLegacy] Input 'mvn-toolchain-vendor': default value evaluate result: ""
[2026-09-08 18:48:33Z INFO ExtensionManager] Getting extensions for interface: 'GitHub.Runner.Worker.IActionCommandExtension'
[2026-09-08 18:48:33Z INFO ActionCommandManager] Register action command extension for command internal-set-repo-path
[2026-09-08 18:48:33Z INFO ActionCommandManager] Register action command extension for command set-env
[2026-09-08 18:48:33Z INFO ActionCommandManager] Register action command extension for command set-output
[2026-09-08 18:48:33Z INFO ActionCommandManager] Register action command extension for command save-state
[2026-09-08 18:48:33Z INFO ActionCommandManager] Register action command extension for command add-path
[2026-09-08 18:48:33Z INFO ActionCommandManager] Register action command extension for command add-mask
[2026-09-08 18:48:33Z INFO ActionCommandManager] Register action command extension for command add-matcher
[2026-09-08 18:48:33Z INFO ActionCommandManager] Register action command extension for command remove-matcher
[2026-09-08 18:48:33Z INFO ActionCommandManager] Register action command extension for command warning
[2026-09-08 18:48:33Z INFO ActionCommandManager] Register action command extension for command error
[2026-09-08 18:48:33Z INFO ActionCommandManager] Register action command extension for command notice
[2026-09-08 18:48:33Z INFO ActionCommandManager] Register action command extension for command debug
[2026-09-08 18:48:33Z INFO ActionCommandManager] Register action command extension for command group
[2026-09-08 18:48:33Z INFO ActionCommandManager] Register action command extension for command endgroup
[2026-09-08 18:48:33Z INFO ActionCommandManager] Register action command extension for command echo
[2026-09-08 18:48:33Z INFO HostContext] Well known directory 'Bin': 'C:\Users\Bhuwan\Desktop\New folder\actions-runner\bin'
[2026-09-08 18:48:33Z INFO HostContext] Well known directory 'Root': 'C:\Users\Bhuwan\Desktop\New folder\actions-runner'
[2026-09-08 18:48:33Z INFO HostContext] Well known directory 'Externals': 'C:\Users\Bhuwan\Desktop\New folder\actions-runner\externals'
[2026-09-08 18:48:33Z INFO ProcessInvokerWrapper] Starting process:
[2026-09-08 18:48:33Z INFO ProcessInvokerWrapper]   File name: 'C:\Users\Bhuwan\Desktop\New folder\actions-runner\externals\node24\bin\node.exe'
[2026-09-08 18:48:33Z INFO ProcessInvokerWrapper]   Arguments: '"C:\Users\Bhuwan\Desktop\New folder\actions-runner\_work\_actions\actions\setup-java\v4\dist/setup/index.js"'
[2026-09-08 18:48:33Z INFO ProcessInvokerWrapper]   Working directory: 'C:\Users\Bhuwan\Desktop\New folder\actions-runner\_work\Github-action-project\Github-action-project'
[2026-09-08 18:48:33Z INFO ProcessInvokerWrapper]   Require exit code zero: 'False'
[2026-09-08 18:48:33Z INFO ProcessInvokerWrapper]   Encoding web name: utf-8 ; code page: '65001'
[2026-09-08 18:48:33Z INFO ProcessInvokerWrapper]   Force kill process on cancellation: 'False'
[2026-09-08 18:48:33Z INFO ProcessInvokerWrapper]   Redirected STDIN: 'False'
[2026-09-08 18:48:33Z INFO ProcessInvokerWrapper]   Persist current code page: 'True'
[2026-09-08 18:48:33Z INFO ProcessInvokerWrapper]   Keep redirected STDIN open: 'False'
[2026-09-08 18:48:33Z INFO ProcessInvokerWrapper]   High priority process: 'False'
[2026-09-08 18:48:33Z INFO ProcessInvokerWrapper] Process started with process id 21672, waiting for process exit.
[2026-09-08 18:48:33Z INFO JobServerQueue] Try to append 1 batches web console lines for record 'ea7c80f5-51d5-4b8d-b78e-dd0c3e20db88', success rate: 1/1.
[2026-09-08 18:48:34Z INFO JobServerQueue] Got a step log file to send to results service.
[2026-09-08 18:48:34Z INFO JobServerQueue] Starting upload of step log file to results service ResultsLog, C:\Users\Bhuwan\Desktop\New folder\actions-runner\_diag\blocks\43ca3f32-b643-4c60-a306-afa2d01780ca_a3a5180f-7c9e-4f4b-acd8-35f2cba0bd52.1
[2026-09-08 18:48:34Z INFO JobServerQueue] Try to append 1 batches web console lines for record 'ea7c80f5-51d5-4b8d-b78e-dd0c3e20db88', success rate: 1/1.
[2026-09-08 18:48:34Z INFO JobServerQueue] Tried to upload 1 file(s) to results, success rate: 1/1.
[2026-09-08 18:48:35Z INFO ProcessInvokerWrapper] STDOUT/STDERR stream read finished.
[2026-09-08 18:48:35Z INFO ProcessInvokerWrapper] STDOUT/STDERR stream read finished.
[2026-09-08 18:48:35Z INFO ProcessInvokerWrapper] Finished process 21672 with exit code 0, and elapsed time 00:00:01.8911962.
[2026-09-08 18:48:35Z INFO CreateStepSummaryCommand] Step Summary file (C:\Users\Bhuwan\Desktop\New folder\actions-runner\_work\_temp\_runner_file_commands\step_summary_3c185168-43f0-4d32-8f95-471f6f43bf6b) is empty; skipping attachment upload
[2026-09-08 18:48:35Z INFO StepsRunner] Step result: 
[2026-09-08 18:48:35Z INFO ExecutionContext] Publish step telemetry for current step {
  "action": "actions/setup-java",
  "ref": "v4",
  "type": "node24",
  "stage": "Main",
  "stepId": "ea7c80f5-51d5-4b8d-b78e-dd0c3e20db88",
  "stepContextName": "__actions_setup-java",
  "hasPreStep": false,
  "hasPostStep": true,
  "result": "succeeded",
  "errorMessages": [
    "setup-java v4 is deprecated and will no longer receive updates. Please migrate to actions/setup-java@v5."
  ],
  "executionTimeInSeconds": 2,
  "startTime": "2026-09-08T18:48:33.285412Z",
  "finishTime": "2026-09-08T18:48:35.281395Z"
}.
[2026-09-08 18:48:35Z INFO StepsRunner] No need for updating job result with current step result 'Succeeded'.
[2026-09-08 18:48:35Z INFO StepsRunner] Current state: job state = ''
[2026-09-08 18:48:35Z INFO StepsRunner] Processing step: DisplayName='Build with Maven'
[2026-09-08 18:48:35Z INFO StepsRunner] Evaluating: success()
[2026-09-08 18:48:35Z INFO StepsRunner] Result: true
[2026-09-08 18:48:35Z INFO StepsRunner] Starting the step.
[2026-09-08 18:48:35Z INFO HostContext] Well known directory 'Bin': 'C:\Users\Bhuwan\Desktop\New folder\actions-runner\bin'
[2026-09-08 18:48:35Z INFO HostContext] Well known directory 'Root': 'C:\Users\Bhuwan\Desktop\New folder\actions-runner'
[2026-09-08 18:48:35Z INFO HostContext] Well known directory 'Work': 'C:\Users\Bhuwan\Desktop\New folder\actions-runner\_work'
[2026-09-08 18:48:35Z INFO StepsRunner] Which2: 'chcp'
[2026-09-08 18:48:35Z INFO StepsRunner] Location: 'C:\WINDOWS\system32\chcp.COM'
[2026-09-08 18:48:35Z INFO ProcessInvokerWrapper] Starting process:
[2026-09-08 18:48:35Z INFO ProcessInvokerWrapper]   File name: 'C:\WINDOWS\system32\chcp.COM'
[2026-09-08 18:48:35Z INFO ProcessInvokerWrapper]   Arguments: '65001'
[2026-09-08 18:48:35Z INFO ProcessInvokerWrapper]   Working directory: 'C:\Users\Bhuwan\Desktop\New folder\actions-runner\_work'
[2026-09-08 18:48:35Z INFO ProcessInvokerWrapper]   Require exit code zero: 'False'
[2026-09-08 18:48:35Z INFO ProcessInvokerWrapper]   Encoding web name:  ; code page: ''
[2026-09-08 18:48:35Z INFO ProcessInvokerWrapper]   Force kill process on cancellation: 'False'
[2026-09-08 18:48:35Z INFO ProcessInvokerWrapper]   Redirected STDIN: 'False'
[2026-09-08 18:48:35Z INFO ProcessInvokerWrapper]   Persist current code page: 'True'
[2026-09-08 18:48:35Z INFO ProcessInvokerWrapper]   Keep redirected STDIN open: 'False'
[2026-09-08 18:48:35Z INFO ProcessInvokerWrapper]   High priority process: 'False'
[2026-09-08 18:48:35Z INFO ProcessInvokerWrapper] Process started with process id 23688, waiting for process exit.
[2026-09-08 18:48:35Z INFO ProcessInvokerWrapper] STDOUT/STDERR stream read finished.
[2026-09-08 18:48:35Z INFO ProcessInvokerWrapper] STDOUT/STDERR stream read finished.
[2026-09-08 18:48:35Z INFO ProcessInvokerWrapper] Finished process 23688 with exit code 0, and elapsed time 00:00:00.0532239.
[2026-09-08 18:48:35Z INFO StepsRunner] Successfully returned to code page 65001 (UTF8)
[2026-09-08 18:48:35Z INFO HostContext] Well known directory 'Bin': 'C:\Users\Bhuwan\Desktop\New folder\actions-runner\bin'
[2026-09-08 18:48:35Z INFO HostContext] Well known directory 'Root': 'C:\Users\Bhuwan\Desktop\New folder\actions-runner'
[2026-09-08 18:48:35Z INFO HostContext] Well known directory 'Work': 'C:\Users\Bhuwan\Desktop\New folder\actions-runner\_work'
[2026-09-08 18:48:35Z INFO HostContext] Well known directory 'Temp': 'C:\Users\Bhuwan\Desktop\New folder\actions-runner\_work\_temp'
[2026-09-08 18:48:35Z INFO ExecutionContext] Write event payload to C:\Users\Bhuwan\Desktop\New folder\actions-runner\_work\_temp\_github_workflow\event.json
[2026-09-08 18:48:35Z INFO HostContext] Well known directory 'Bin': 'C:\Users\Bhuwan\Desktop\New folder\actions-runner\bin'
[2026-09-08 18:48:35Z INFO HostContext] Well known directory 'Root': 'C:\Users\Bhuwan\Desktop\New folder\actions-runner'
[2026-09-08 18:48:35Z INFO HostContext] Well known directory 'Work': 'C:\Users\Bhuwan\Desktop\New folder\actions-runner\_work'
[2026-09-08 18:48:35Z INFO HostContext] Well known directory 'Temp': 'C:\Users\Bhuwan\Desktop\New folder\actions-runner\_work\_temp'
[2026-09-08 18:48:35Z INFO ExtensionManager] Getting extensions for interface: 'GitHub.Runner.Worker.IFileCommandExtension'
[2026-09-08 18:48:35Z INFO JobServerQueue] Try to upload 1 log files or attachments, success rate: 1/1.
[2026-09-08 18:48:35Z INFO ExtensionManager] Getting extensions for interface: 'GitHub.Runner.Worker.IActionCommandExtension'
[2026-09-08 18:48:35Z INFO ActionCommandManager] Register action command extension for command internal-set-repo-path
[2026-09-08 18:48:35Z INFO ActionCommandManager] Register action command extension for command set-env
[2026-09-08 18:48:35Z INFO ActionCommandManager] Register action command extension for command set-output
[2026-09-08 18:48:35Z INFO ActionCommandManager] Register action command extension for command save-state
[2026-09-08 18:48:35Z INFO ActionCommandManager] Register action command extension for command add-path
[2026-09-08 18:48:35Z INFO ActionCommandManager] Register action command extension for command add-mask
[2026-09-08 18:48:35Z INFO ActionCommandManager] Register action command extension for command add-matcher
[2026-09-08 18:48:35Z INFO ActionCommandManager] Register action command extension for command remove-matcher
[2026-09-08 18:48:35Z INFO ActionCommandManager] Register action command extension for command warning
[2026-09-08 18:48:35Z INFO ActionCommandManager] Register action command extension for command error
[2026-09-08 18:48:35Z INFO ActionCommandManager] Register action command extension for command notice
[2026-09-08 18:48:35Z INFO ActionCommandManager] Register action command extension for command debug
[2026-09-08 18:48:35Z INFO ActionCommandManager] Register action command extension for command group
[2026-09-08 18:48:35Z INFO ActionCommandManager] Register action command extension for command endgroup
[2026-09-08 18:48:35Z INFO ActionCommandManager] Register action command extension for command echo
[2026-09-08 18:48:35Z INFO ScriptHandler] Which2: 'pwsh'
[2026-09-08 18:48:35Z INFO ScriptHandler] pwsh: command not found. Make sure 'pwsh' is installed and its location included in the 'Path' environment variable.
[2026-09-08 18:48:35Z INFO ScriptHandler] Defaulting to powershell
[2026-09-08 18:48:35Z INFO ScriptHandler] Which2: 'powershell'
[2026-09-08 18:48:35Z INFO ScriptHandler] Location: 'C:\WINDOWS\System32\WindowsPowerShell\v1.0\powershell.EXE'
[2026-09-08 18:48:35Z INFO HostContext] Well known directory 'Bin': 'C:\Users\Bhuwan\Desktop\New folder\actions-runner\bin'
[2026-09-08 18:48:35Z INFO HostContext] Well known directory 'Root': 'C:\Users\Bhuwan\Desktop\New folder\actions-runner'
[2026-09-08 18:48:35Z INFO HostContext] Well known directory 'Work': 'C:\Users\Bhuwan\Desktop\New folder\actions-runner\_work'
[2026-09-08 18:48:35Z INFO HostContext] Well known directory 'Temp': 'C:\Users\Bhuwan\Desktop\New folder\actions-runner\_work\_temp'
[2026-09-08 18:48:35Z INFO ScriptHandler] Which2: 'pwsh'
[2026-09-08 18:48:35Z INFO ScriptHandler] pwsh: command not found. Make sure 'pwsh' is installed and its location included in the 'Path' environment variable.
[2026-09-08 18:48:35Z INFO ScriptHandler] Defaulting to powershell
[2026-09-08 18:48:35Z INFO ScriptHandler] Which2: 'powershell'
[2026-09-08 18:48:35Z INFO ScriptHandler] Location: 'C:\WINDOWS\System32\WindowsPowerShell\v1.0\powershell.EXE'
[2026-09-08 18:48:35Z INFO JobServerQueue] Try to append 1 batches web console lines for record 'ea7c80f5-51d5-4b8d-b78e-dd0c3e20db88', success rate: 1/1.
[2026-09-08 18:48:35Z INFO JobServerQueue] Try to append 1 batches web console lines for record '724f7b3f-9fa4-453a-8d03-57beffb54149', success rate: 1/1.
[2026-09-08 18:48:35Z INFO ProcessInvokerWrapper] Starting process:
[2026-09-08 18:48:35Z INFO ProcessInvokerWrapper]   File name: 'C:\WINDOWS\System32\WindowsPowerShell\v1.0\powershell.EXE'
[2026-09-08 18:48:35Z INFO ProcessInvokerWrapper]   Arguments: '-command ". 'C:\Users\Bhuwan\Desktop\New folder\actions-runner\_work\_temp\e6708acd-21b9-4016-8311-15864a2f1184.ps1'"'
[2026-09-08 18:48:35Z INFO ProcessInvokerWrapper]   Working directory: 'C:\Users\Bhuwan\Desktop\New folder\actions-runner\_work\Github-action-project\Github-action-project'
[2026-09-08 18:48:35Z INFO ProcessInvokerWrapper]   Require exit code zero: 'False'
[2026-09-08 18:48:35Z INFO ProcessInvokerWrapper]   Encoding web name:  ; code page: ''
[2026-09-08 18:48:35Z INFO ProcessInvokerWrapper]   Force kill process on cancellation: 'False'
[2026-09-08 18:48:35Z INFO ProcessInvokerWrapper]   Redirected STDIN: 'False'
[2026-09-08 18:48:35Z INFO ProcessInvokerWrapper]   Persist current code page: 'True'
[2026-09-08 18:48:35Z INFO ProcessInvokerWrapper]   Keep redirected STDIN open: 'False'
[2026-09-08 18:48:35Z INFO ProcessInvokerWrapper]   High priority process: 'False'
[2026-09-08 18:48:35Z INFO ProcessInvokerWrapper] Process started with process id 23256, waiting for process exit.
[2026-09-08 18:48:36Z INFO JobServerQueue] Got a step log file to send to results service.
[2026-09-08 18:48:36Z INFO JobServerQueue] Starting upload of step log file to results service ResultsLog, C:\Users\Bhuwan\Desktop\New folder\actions-runner\_diag\blocks\43ca3f32-b643-4c60-a306-afa2d01780ca_ea7c80f5-51d5-4b8d-b78e-dd0c3e20db88.1
[2026-09-08 18:48:36Z INFO ProcessInvokerWrapper] STDOUT/STDERR stream read finished.
[2026-09-08 18:48:36Z INFO ProcessInvokerWrapper] STDOUT/STDERR stream read finished.
[2026-09-08 18:48:36Z INFO ProcessInvokerWrapper] Finished process 23256 with exit code 1, and elapsed time 00:00:01.0488962.
[2026-09-08 18:48:36Z INFO CreateStepSummaryCommand] Step Summary file (C:\Users\Bhuwan\Desktop\New folder\actions-runner\_work\_temp\_runner_file_commands\step_summary_38a13fdd-8b77-4c17-a712-1973e8fd9883) is empty; skipping attachment upload
[2026-09-08 18:48:36Z INFO StepsRunner] Step result: Failed
[2026-09-08 18:48:36Z INFO ExecutionContext] Publish step telemetry for current step {
  "action": "powershell",
  "type": "run",
  "stage": "Main",
  "stepId": "724f7b3f-9fa4-453a-8d03-57beffb54149",
  "stepContextName": "__run",
  "result": "failed",
  "errorMessages": [
    "Process completed with exit code 1."
  ],
  "executionTimeInSeconds": 2,
  "startTime": "2026-09-08T18:48:35.2872123Z",
  "finishTime": "2026-09-08T18:48:36.4740738Z"
}.
[2026-09-08 18:48:36Z INFO JobServerQueue] Try to append 1 batches web console lines for record '724f7b3f-9fa4-453a-8d03-57beffb54149', success rate: 1/1.
[2026-09-08 18:48:36Z INFO StepsRunner] Update job result with current step result 'Failed'.
[2026-09-08 18:48:36Z INFO StepsRunner] Current state: job state = 'Failed'
[2026-09-08 18:48:36Z INFO StepsRunner] Processing step: DisplayName='Post Set up JDK 17'
[2026-09-08 18:48:36Z INFO StepsRunner] Evaluating: always()
[2026-09-08 18:48:36Z INFO StepsRunner] Result: true
[2026-09-08 18:48:36Z INFO StepsRunner] Starting the step.
[2026-09-08 18:48:36Z INFO HostContext] Well known directory 'Bin': 'C:\Users\Bhuwan\Desktop\New folder\actions-runner\bin'
[2026-09-08 18:48:36Z INFO HostContext] Well known directory 'Root': 'C:\Users\Bhuwan\Desktop\New folder\actions-runner'
[2026-09-08 18:48:36Z INFO HostContext] Well known directory 'Work': 'C:\Users\Bhuwan\Desktop\New folder\actions-runner\_work'
[2026-09-08 18:48:36Z INFO StepsRunner] Which2: 'chcp'
[2026-09-08 18:48:36Z INFO StepsRunner] Location: 'C:\WINDOWS\system32\chcp.COM'
[2026-09-08 18:48:36Z INFO ProcessInvokerWrapper] Starting process:
[2026-09-08 18:48:36Z INFO ProcessInvokerWrapper]   File name: 'C:\WINDOWS\system32\chcp.COM'
[2026-09-08 18:48:36Z INFO ProcessInvokerWrapper]   Arguments: '65001'
[2026-09-08 18:48:36Z INFO ProcessInvokerWrapper]   Working directory: 'C:\Users\Bhuwan\Desktop\New folder\actions-runner\_work'
[2026-09-08 18:48:36Z INFO ProcessInvokerWrapper]   Require exit code zero: 'False'
[2026-09-08 18:48:36Z INFO ProcessInvokerWrapper]   Encoding web name:  ; code page: ''
[2026-09-08 18:48:36Z INFO ProcessInvokerWrapper]   Force kill process on cancellation: 'False'
[2026-09-08 18:48:36Z INFO ProcessInvokerWrapper]   Redirected STDIN: 'False'
[2026-09-08 18:48:36Z INFO ProcessInvokerWrapper]   Persist current code page: 'True'
[2026-09-08 18:48:36Z INFO ProcessInvokerWrapper]   Keep redirected STDIN open: 'False'
[2026-09-08 18:48:36Z INFO ProcessInvokerWrapper]   High priority process: 'False'
[2026-09-08 18:48:36Z INFO ProcessInvokerWrapper] Process started with process id 8396, waiting for process exit.
[2026-09-08 18:48:36Z INFO ProcessInvokerWrapper] STDOUT/STDERR stream read finished.
[2026-09-08 18:48:36Z INFO ProcessInvokerWrapper] STDOUT/STDERR stream read finished.
[2026-09-08 18:48:36Z INFO ProcessInvokerWrapper] Finished process 8396 with exit code 0, and elapsed time 00:00:00.0681236.
[2026-09-08 18:48:36Z INFO StepsRunner] Successfully returned to code page 65001 (UTF8)
[2026-09-08 18:48:36Z INFO HostContext] Well known directory 'Bin': 'C:\Users\Bhuwan\Desktop\New folder\actions-runner\bin'
[2026-09-08 18:48:36Z INFO HostContext] Well known directory 'Root': 'C:\Users\Bhuwan\Desktop\New folder\actions-runner'
[2026-09-08 18:48:36Z INFO HostContext] Well known directory 'Work': 'C:\Users\Bhuwan\Desktop\New folder\actions-runner\_work'
[2026-09-08 18:48:36Z INFO HostContext] Well known directory 'Actions': 'C:\Users\Bhuwan\Desktop\New folder\actions-runner\_work\_actions'
[2026-09-08 18:48:36Z INFO ActionManager] Load action that reference repository from 'C:\Users\Bhuwan\Desktop\New folder\actions-runner\_work\_actions\actions\setup-java\v4'
[2026-09-08 18:48:36Z INFO HostContext] Well known directory 'Bin': 'C:\Users\Bhuwan\Desktop\New folder\actions-runner\bin'
[2026-09-08 18:48:36Z INFO HostContext] Well known directory 'Root': 'C:\Users\Bhuwan\Desktop\New folder\actions-runner'
[2026-09-08 18:48:36Z INFO HostContext] Well known directory 'Work': 'C:\Users\Bhuwan\Desktop\New folder\actions-runner\_work'
[2026-09-08 18:48:36Z INFO HostContext] Well known directory 'Actions': 'C:\Users\Bhuwan\Desktop\New folder\actions-runner\_work\_actions'
[2026-09-08 18:48:36Z INFO ActionManifestManagerLegacy] Ignore action property deprecationMessage.
[2026-09-08 18:48:36Z INFO ActionManifestManagerLegacy] Ignore action property author.
[2026-09-08 18:48:36Z INFO ActionManifestManagerLegacy] Loaded action.yml file: {
  "name": "Setup Java JDK",
  "description": "Set up a specific version of the Java JDK and add the command-line tools to the PATH",
  "inputs": {
    "type": 2,
    "map": [
      {
        "key": {
          "type": 0,
          "file": 3,
          "line": 7,
          "col": 3,
          "lit": "java-version"
        },
        "value": ""
      },
      {
        "key": {
          "type": 0,
          "file": 3,
          "line": 9,
          "col": 3,
          "lit": "java-version-file"
        },
        "value": ""
      },
      {
        "key": {
          "type": 0,
          "file": 3,
          "line": 11,
          "col": 3,
          "lit": "distribution"
        },
        "value": ""
      },
      {
        "key": {
          "type": 0,
          "file": 3,
          "line": 14,
          "col": 3,
          "lit": "java-package"
        },
        "value": {
          "type": 0,
          "file": 3,
          "line": 17,
          "col": 14,
          "lit": "jdk"
        }
      },
      {
        "key": {
          "type": 0,
          "file": 3,
          "line": 18,
          "col": 3,
          "lit": "architecture"
        },
        "value": ""
      },
      {
        "key": {
          "type": 0,
          "file": 3,
          "line": 21,
          "col": 3,
          "lit": "jdkFile"
        },
        "value": ""
      },
      {
        "key": {
          "type": 0,
          "file": 3,
          "line": 24,
          "col": 3,
          "lit": "check-latest"
        },
        "value": {
          "type": 0,
          "file": 3,
          "line": 27,
          "col": 14,
          "lit": "false"
        }
      },
      {
        "key": {
          "type": 0,
          "file": 3,
          "line": 28,
          "col": 3,
          "lit": "server-id"
        },
        "value": {
          "type": 0,
          "file": 3,
          "line": 32,
          "col": 14,
          "lit": "github"
        }
      },
      {
        "key": {
          "type": 0,
          "file": 3,
          "line": 33,
          "col": 3,
          "lit": "server-username"
        },
        "value": {
          "type": 0,
          "file": 3,
          "line": 37,
          "col": 14,
          "lit": "GITHUB_ACTOR"
        }
      },
      {
        "key": {
          "type": 0,
          "file": 3,
          "line": 38,
          "col": 3,
          "lit": "server-password"
        },
        "value": {
          "type": 0,
          "file": 3,
          "line": 42,
          "col": 14,
          "lit": "GITHUB_TOKEN"
        }
      },
      {
        "key": {
          "type": 0,
          "file": 3,
          "line": 43,
          "col": 3,
          "lit": "settings-path"
        },
        "value": ""
      },
      {
        "key": {
          "type": 0,
          "file": 3,
          "line": 46,
          "col": 3,
          "lit": "overwrite-settings"
        },
        "value": {
          "type": 0,
          "file": 3,
          "line": 49,
          "col": 14,
          "lit": "true"
        }
      },
      {
        "key": {
          "type": 0,
          "file": 3,
          "line": 50,
          "col": 3,
          "lit": "gpg-private-key"
        },
        "value": ""
      },
      {
        "key": {
          "type": 0,
          "file": 3,
          "line": 53,
          "col": 3,
          "lit": "gpg-passphrase"
        },
        "value": ""
      },
      {
        "key": {
          "type": 0,
          "file": 3,
          "line": 57,
          "col": 3,
          "lit": "cache"
        },
        "value": ""
      },
      {
        "key": {
          "type": 0,
          "file": 3,
          "line": 60,
          "col": 3,
          "lit": "cache-dependency-path"
        },
        "value": ""
      },
      {
        "key": {
          "type": 0,
          "file": 3,
          "line": 63,
          "col": 3,
          "lit": "job-status"
        },
        "value": {
          "type": 3,
          "file": 3,
          "line": 65,
          "col": 14,
          "expr": "job.status"
        }
      },
      {
        "key": {
          "type": 0,
          "file": 3,
          "line": 66,
          "col": 3,
          "lit": "token"
        },
        "value": {
          "type": 3,
          "file": 3,
          "line": 68,
          "col": 14,
          "expr": "github.server_url == 'https://github.com' && github.token || ''"
        }
      },
      {
        "key": {
          "type": 0,
          "file": 3,
          "line": 69,
          "col": 3,
          "lit": "mvn-toolchain-id"
        },
        "value": ""
      },
      {
        "key": {
          "type": 0,
          "file": 3,
          "line": 72,
          "col": 3,
          "lit": "mvn-toolchain-vendor"
        },
        "value": ""
      }
    ]
  },
  "execution": {
    "executionType": "nodeJS",
    "hasPre": false,
    "hasPost": true,
    "script": "dist/setup/index.js",
    "pre": null,
    "post": "dist/cleanup/index.js",
    "nodeVersion": "node20",
    "cleanupCondition": "always()",
    "initCondition": "always()"
  },
  "deprecated": null
}
[2026-09-08 18:48:36Z INFO ActionManager] Action pre node.js file: N/A.
[2026-09-08 18:48:36Z INFO ActionManager] Action node.js file: dist/setup/index.js.
[2026-09-08 18:48:36Z INFO ActionManager] Action post node.js file: dist/cleanup/index.js.
[2026-09-08 18:48:36Z INFO HostContext] Well known directory 'Bin': 'C:\Users\Bhuwan\Desktop\New folder\actions-runner\bin'
[2026-09-08 18:48:36Z INFO HostContext] Well known directory 'Root': 'C:\Users\Bhuwan\Desktop\New folder\actions-runner'
[2026-09-08 18:48:36Z INFO HostContext] Well known directory 'Work': 'C:\Users\Bhuwan\Desktop\New folder\actions-runner\_work'
[2026-09-08 18:48:36Z INFO HostContext] Well known directory 'Temp': 'C:\Users\Bhuwan\Desktop\New folder\actions-runner\_work\_temp'
[2026-09-08 18:48:36Z INFO ExecutionContext] Write event payload to C:\Users\Bhuwan\Desktop\New folder\actions-runner\_work\_temp\_github_workflow\event.json
[2026-09-08 18:48:36Z INFO HostContext] Well known directory 'Bin': 'C:\Users\Bhuwan\Desktop\New folder\actions-runner\bin'
[2026-09-08 18:48:36Z INFO HostContext] Well known directory 'Root': 'C:\Users\Bhuwan\Desktop\New folder\actions-runner'
[2026-09-08 18:48:36Z INFO HostContext] Well known directory 'Work': 'C:\Users\Bhuwan\Desktop\New folder\actions-runner\_work'
[2026-09-08 18:48:36Z INFO HostContext] Well known directory 'Temp': 'C:\Users\Bhuwan\Desktop\New folder\actions-runner\_work\_temp'
[2026-09-08 18:48:36Z INFO ExtensionManager] Getting extensions for interface: 'GitHub.Runner.Worker.IFileCommandExtension'
[2026-09-08 18:48:36Z INFO ActionManifestManagerLegacy] Input 'java-version-file': default value evaluate result: ""
[2026-09-08 18:48:36Z INFO ActionManifestManagerLegacy] Input 'java-package': default value evaluate result: {
  "type": 0,
  "file": 3,
  "line": 17,
  "col": 14,
  "lit": "jdk"
}
[2026-09-08 18:48:36Z INFO ActionManifestManagerLegacy] Input 'architecture': default value evaluate result: ""
[2026-09-08 18:48:36Z INFO ActionManifestManagerLegacy] Input 'jdkFile': default value evaluate result: ""
[2026-09-08 18:48:36Z INFO ActionManifestManagerLegacy] Input 'check-latest': default value evaluate result: {
  "type": 0,
  "file": 3,
  "line": 27,
  "col": 14,
  "lit": "false"
}
[2026-09-08 18:48:36Z INFO ActionManifestManagerLegacy] Input 'server-id': default value evaluate result: {
  "type": 0,
  "file": 3,
  "line": 32,
  "col": 14,
  "lit": "github"
}
[2026-09-08 18:48:36Z INFO ActionManifestManagerLegacy] Input 'server-username': default value evaluate result: {
  "type": 0,
  "file": 3,
  "line": 37,
  "col": 14,
  "lit": "GITHUB_ACTOR"
}
[2026-09-08 18:48:36Z INFO ActionManifestManagerLegacy] Input 'server-password': default value evaluate result: {
  "type": 0,
  "file": 3,
  "line": 42,
  "col": 14,
  "lit": "GITHUB_TOKEN"
}
[2026-09-08 18:48:36Z INFO ActionManifestManagerLegacy] Input 'settings-path': default value evaluate result: ""
[2026-09-08 18:48:36Z INFO ActionManifestManagerLegacy] Input 'overwrite-settings': default value evaluate result: {
  "type": 0,
  "file": 3,
  "line": 49,
  "col": 14,
  "lit": "true"
}
[2026-09-08 18:48:36Z INFO ActionManifestManagerLegacy] Input 'gpg-private-key': default value evaluate result: ""
[2026-09-08 18:48:36Z INFO ActionManifestManagerLegacy] Input 'gpg-passphrase': default value evaluate result: ""
[2026-09-08 18:48:36Z INFO ActionManifestManagerLegacy] Input 'cache-dependency-path': default value evaluate result: ""
[2026-09-08 18:48:36Z INFO ActionManifestManagerLegacy] Input 'job-status': default value evaluate result: {
  "type": 0,
  "file": 3,
  "line": 65,
  "col": 14,
  "lit": "failure"
}
[2026-09-08 18:48:36Z INFO ActionManifestManagerLegacy] Input 'token': default value evaluate result: {
  "type": 0,
  "file": 3,
  "line": 68,
  "col": 14,
  "lit": "***"
}
[2026-09-08 18:48:36Z INFO ActionManifestManagerLegacy] Input 'mvn-toolchain-id': default value evaluate result: ""
[2026-09-08 18:48:36Z INFO ActionManifestManagerLegacy] Input 'mvn-toolchain-vendor': default value evaluate result: ""
[2026-09-08 18:48:36Z INFO ExtensionManager] Getting extensions for interface: 'GitHub.Runner.Worker.IActionCommandExtension'
[2026-09-08 18:48:36Z INFO ActionCommandManager] Register action command extension for command internal-set-repo-path
[2026-09-08 18:48:36Z INFO ActionCommandManager] Register action command extension for command set-env
[2026-09-08 18:48:36Z INFO ActionCommandManager] Register action command extension for command set-output
[2026-09-08 18:48:36Z INFO ActionCommandManager] Register action command extension for command save-state
[2026-09-08 18:48:36Z INFO ActionCommandManager] Register action command extension for command add-path
[2026-09-08 18:48:36Z INFO ActionCommandManager] Register action command extension for command add-mask
[2026-09-08 18:48:36Z INFO ActionCommandManager] Register action command extension for command add-matcher
[2026-09-08 18:48:36Z INFO ActionCommandManager] Register action command extension for command remove-matcher
[2026-09-08 18:48:36Z INFO ActionCommandManager] Register action command extension for command warning
[2026-09-08 18:48:36Z INFO ActionCommandManager] Register action command extension for command error
[2026-09-08 18:48:36Z INFO ActionCommandManager] Register action command extension for command notice
[2026-09-08 18:48:36Z INFO ActionCommandManager] Register action command extension for command debug
[2026-09-08 18:48:36Z INFO ActionCommandManager] Register action command extension for command group
[2026-09-08 18:48:36Z INFO ActionCommandManager] Register action command extension for command endgroup
[2026-09-08 18:48:36Z INFO ActionCommandManager] Register action command extension for command echo
[2026-09-08 18:48:36Z INFO HostContext] Well known directory 'Bin': 'C:\Users\Bhuwan\Desktop\New folder\actions-runner\bin'
[2026-09-08 18:48:36Z INFO HostContext] Well known directory 'Root': 'C:\Users\Bhuwan\Desktop\New folder\actions-runner'
[2026-09-08 18:48:36Z INFO HostContext] Well known directory 'Externals': 'C:\Users\Bhuwan\Desktop\New folder\actions-runner\externals'
[2026-09-08 18:48:36Z INFO ProcessInvokerWrapper] Starting process:
[2026-09-08 18:48:36Z INFO ProcessInvokerWrapper]   File name: 'C:\Users\Bhuwan\Desktop\New folder\actions-runner\externals\node24\bin\node.exe'
[2026-09-08 18:48:36Z INFO ProcessInvokerWrapper]   Arguments: '"C:\Users\Bhuwan\Desktop\New folder\actions-runner\_work\_actions\actions\setup-java\v4\dist/cleanup/index.js"'
[2026-09-08 18:48:36Z INFO ProcessInvokerWrapper]   Working directory: 'C:\Users\Bhuwan\Desktop\New folder\actions-runner\_work\Github-action-project\Github-action-project'
[2026-09-08 18:48:36Z INFO ProcessInvokerWrapper]   Require exit code zero: 'False'
[2026-09-08 18:48:36Z INFO ProcessInvokerWrapper]   Encoding web name: utf-8 ; code page: '65001'
[2026-09-08 18:48:36Z INFO ProcessInvokerWrapper]   Force kill process on cancellation: 'False'
[2026-09-08 18:48:36Z INFO ProcessInvokerWrapper]   Redirected STDIN: 'False'
[2026-09-08 18:48:36Z INFO ProcessInvokerWrapper]   Persist current code page: 'True'
[2026-09-08 18:48:36Z INFO ProcessInvokerWrapper]   Keep redirected STDIN open: 'False'
[2026-09-08 18:48:36Z INFO ProcessInvokerWrapper]   High priority process: 'False'
[2026-09-08 18:48:36Z INFO ProcessInvokerWrapper] Process started with process id 26132, waiting for process exit.
[2026-09-08 18:48:36Z INFO JobServerQueue] Try to append 1 batches web console lines for record '2d25d411-9913-4e5e-9654-985715bdf7ca', success rate: 1/1.
[2026-09-08 18:48:36Z INFO JobServerQueue] Tried to upload 1 file(s) to results, success rate: 1/1.
[2026-09-08 18:48:37Z INFO JobServerQueue] Try to upload 1 log files or attachments, success rate: 1/1.
[2026-09-08 18:48:37Z INFO ProcessInvokerWrapper] STDOUT/STDERR stream read finished.
[2026-09-08 18:48:37Z INFO ProcessInvokerWrapper] STDOUT/STDERR stream read finished.
[2026-09-08 18:48:37Z INFO ProcessInvokerWrapper] Finished process 26132 with exit code 0, and elapsed time 00:00:00.7746388.
[2026-09-08 18:48:37Z INFO CreateStepSummaryCommand] Step Summary file (C:\Users\Bhuwan\Desktop\New folder\actions-runner\_work\_temp\_runner_file_commands\step_summary_b4da7a0c-30c4-4163-8f27-402d9f03b169) is empty; skipping attachment upload
[2026-09-08 18:48:37Z INFO StepsRunner] Step result: 
[2026-09-08 18:48:37Z INFO ExecutionContext] Publish step telemetry for current step {
  "action": "actions/setup-java",
  "ref": "v4",
  "type": "node24",
  "stage": "Post",
  "stepId": "2d25d411-9913-4e5e-9654-985715bdf7ca",
  "result": "succeeded",
  "errorMessages": [],
  "executionTimeInSeconds": 1,
  "startTime": "2026-09-08T18:48:36.486687Z",
  "finishTime": "2026-09-08T18:48:37.3881286Z"
}.
[2026-09-08 18:48:37Z INFO StepsRunner] No need for updating job result with current step result 'Succeeded'.
[2026-09-08 18:48:37Z INFO StepsRunner] Current state: job state = 'Failed'
[2026-09-08 18:48:37Z INFO StepsRunner] Processing step: DisplayName='Post Checkout code'
[2026-09-08 18:48:37Z INFO StepsRunner] Evaluating: always()
[2026-09-08 18:48:37Z INFO StepsRunner] Result: true
[2026-09-08 18:48:37Z INFO StepsRunner] Starting the step.
[2026-09-08 18:48:37Z INFO HostContext] Well known directory 'Bin': 'C:\Users\Bhuwan\Desktop\New folder\actions-runner\bin'
[2026-09-08 18:48:37Z INFO HostContext] Well known directory 'Root': 'C:\Users\Bhuwan\Desktop\New folder\actions-runner'
[2026-09-08 18:48:37Z INFO HostContext] Well known directory 'Work': 'C:\Users\Bhuwan\Desktop\New folder\actions-runner\_work'
[2026-09-08 18:48:37Z INFO StepsRunner] Which2: 'chcp'
[2026-09-08 18:48:37Z INFO StepsRunner] Location: 'C:\WINDOWS\system32\chcp.COM'
[2026-09-08 18:48:37Z INFO ProcessInvokerWrapper] Starting process:
[2026-09-08 18:48:37Z INFO ProcessInvokerWrapper]   File name: 'C:\WINDOWS\system32\chcp.COM'
[2026-09-08 18:48:37Z INFO ProcessInvokerWrapper]   Arguments: '65001'
[2026-09-08 18:48:37Z INFO ProcessInvokerWrapper]   Working directory: 'C:\Users\Bhuwan\Desktop\New folder\actions-runner\_work'
[2026-09-08 18:48:37Z INFO ProcessInvokerWrapper]   Require exit code zero: 'False'
[2026-09-08 18:48:37Z INFO ProcessInvokerWrapper]   Encoding web name:  ; code page: ''
[2026-09-08 18:48:37Z INFO ProcessInvokerWrapper]   Force kill process on cancellation: 'False'
[2026-09-08 18:48:37Z INFO ProcessInvokerWrapper]   Redirected STDIN: 'False'
[2026-09-08 18:48:37Z INFO ProcessInvokerWrapper]   Persist current code page: 'True'
[2026-09-08 18:48:37Z INFO ProcessInvokerWrapper]   Keep redirected STDIN open: 'False'
[2026-09-08 18:48:37Z INFO ProcessInvokerWrapper]   High priority process: 'False'
[2026-09-08 18:48:37Z INFO ProcessInvokerWrapper] Process started with process id 3716, waiting for process exit.
[2026-09-08 18:48:37Z INFO ProcessInvokerWrapper] STDOUT/STDERR stream read finished.
[2026-09-08 18:48:37Z INFO ProcessInvokerWrapper] STDOUT/STDERR stream read finished.
[2026-09-08 18:48:37Z INFO ProcessInvokerWrapper] Finished process 3716 with exit code 0, and elapsed time 00:00:00.0623010.
[2026-09-08 18:48:37Z INFO StepsRunner] Successfully returned to code page 65001 (UTF8)
[2026-09-08 18:48:37Z INFO HostContext] Well known directory 'Bin': 'C:\Users\Bhuwan\Desktop\New folder\actions-runner\bin'
[2026-09-08 18:48:37Z INFO HostContext] Well known directory 'Root': 'C:\Users\Bhuwan\Desktop\New folder\actions-runner'
[2026-09-08 18:48:37Z INFO HostContext] Well known directory 'Work': 'C:\Users\Bhuwan\Desktop\New folder\actions-runner\_work'
[2026-09-08 18:48:37Z INFO HostContext] Well known directory 'Actions': 'C:\Users\Bhuwan\Desktop\New folder\actions-runner\_work\_actions'
[2026-09-08 18:48:37Z INFO ActionManager] Load action that reference repository from 'C:\Users\Bhuwan\Desktop\New folder\actions-runner\_work\_actions\actions\checkout\v4'
[2026-09-08 18:48:37Z INFO HostContext] Well known directory 'Bin': 'C:\Users\Bhuwan\Desktop\New folder\actions-runner\bin'
[2026-09-08 18:48:37Z INFO HostContext] Well known directory 'Root': 'C:\Users\Bhuwan\Desktop\New folder\actions-runner'
[2026-09-08 18:48:37Z INFO HostContext] Well known directory 'Work': 'C:\Users\Bhuwan\Desktop\New folder\actions-runner\_work'
[2026-09-08 18:48:37Z INFO HostContext] Well known directory 'Actions': 'C:\Users\Bhuwan\Desktop\New folder\actions-runner\_work\_actions'
[2026-09-08 18:48:37Z INFO ActionManifestManagerLegacy] Loaded action.yml file: {
  "name": "Checkout",
  "description": "Checkout a Git repository at a particular version",
  "inputs": {
    "type": 2,
    "map": [
      {
        "key": {
          "type": 0,
          "file": 2,
          "line": 4,
          "col": 3,
          "lit": "repository"
        },
        "value": {
          "type": 3,
          "file": 2,
          "line": 6,
          "col": 14,
          "expr": "github.repository"
        }
      },
      {
        "key": {
          "type": 0,
          "file": 2,
          "line": 7,
          "col": 3,
          "lit": "ref"
        },
        "value": ""
      },
      {
        "key": {
          "type": 0,
          "file": 2,
          "line": 12,
          "col": 3,
          "lit": "token"
        },
        "value": {
          "type": 3,
          "file": 2,
          "line": 24,
          "col": 14,
          "expr": "github.token"
        }
      },
      {
        "key": {
          "type": 0,
          "file": 2,
          "line": 25,
          "col": 3,
          "lit": "ssh-key"
        },
        "value": ""
      },
      {
        "key": {
          "type": 0,
          "file": 2,
          "line": 37,
          "col": 3,
          "lit": "ssh-known-hosts"
        },
        "value": ""
      },
      {
        "key": {
          "type": 0,
          "file": 2,
          "line": 42,
          "col": 3,
          "lit": "ssh-strict"
        },
        "value": {
          "type": 0,
          "file": 2,
          "line": 47,
          "col": 14,
          "lit": "true"
        }
      },
      {
        "key": {
          "type": 0,
          "file": 2,
          "line": 48,
          "col": 3,
          "lit": "ssh-user"
        },
        "value": {
          "type": 0,
          "file": 2,
          "line": 51,
          "col": 14,
          "lit": "git"
        }
      },
      {
        "key": {
          "type": 0,
          "file": 2,
          "line": 52,
          "col": 3,
          "lit": "persist-credentials"
        },
        "value": {
          "type": 0,
          "file": 2,
          "line": 54,
          "col": 14,
          "lit": "true"
        }
      },
      {
        "key": {
          "type": 0,
          "file": 2,
          "line": 55,
          "col": 3,
          "lit": "path"
        },
        "value": ""
      },
      {
        "key": {
          "type": 0,
          "file": 2,
          "line": 57,
          "col": 3,
          "lit": "clean"
        },
        "value": {
          "type": 0,
          "file": 2,
          "line": 59,
          "col": 14,
          "lit": "true"
        }
      },
      {
        "key": {
          "type": 0,
          "file": 2,
          "line": 60,
          "col": 3,
          "lit": "filter"
        },
        "value": {
          "type": 0,
          "file": 2,
          "line": 64,
          "col": 14,
          "lit": ""
        }
      },
      {
        "key": {
          "type": 0,
          "file": 2,
          "line": 65,
          "col": 3,
          "lit": "sparse-checkout"
        },
        "value": {
          "type": 0,
          "file": 2,
          "line": 69,
          "col": 14,
          "lit": ""
        }
      },
      {
        "key": {
          "type": 0,
          "file": 2,
          "line": 70,
          "col": 3,
          "lit": "sparse-checkout-cone-mode"
        },
        "value": {
          "type": 0,
          "file": 2,
          "line": 73,
          "col": 14,
          "lit": "true"
        }
      },
      {
        "key": {
          "type": 0,
          "file": 2,
          "line": 74,
          "col": 3,
          "lit": "fetch-depth"
        },
        "value": {
          "type": 0,
          "file": 2,
          "line": 76,
          "col": 14,
          "lit": "1"
        }
      },
      {
        "key": {
          "type": 0,
          "file": 2,
          "line": 77,
          "col": 3,
          "lit": "fetch-tags"
        },
        "value": {
          "type": 0,
          "file": 2,
          "line": 79,
          "col": 14,
          "lit": "false"
        }
      },
      {
        "key": {
          "type": 0,
          "file": 2,
          "line": 80,
          "col": 3,
          "lit": "show-progress"
        },
        "value": {
          "type": 0,
          "file": 2,
          "line": 82,
          "col": 14,
          "lit": "true"
        }
      },
      {
        "key": {
          "type": 0,
          "file": 2,
          "line": 83,
          "col": 3,
          "lit": "lfs"
        },
        "value": {
          "type": 0,
          "file": 2,
          "line": 85,
          "col": 14,
          "lit": "false"
        }
      },
      {
        "key": {
          "type": 0,
          "file": 2,
          "line": 86,
          "col": 3,
          "lit": "submodules"
        },
        "value": {
          "type": 0,
          "file": 2,
          "line": 94,
          "col": 14,
          "lit": "false"
        }
      },
      {
        "key": {
          "type": 0,
          "file": 2,
          "line": 95,
          "col": 3,
          "lit": "set-safe-directory"
        },
        "value": {
          "type": 0,
          "file": 2,
          "line": 97,
          "col": 14,
          "lit": "true"
        }
      },
      {
        "key": {
          "type": 0,
          "file": 2,
          "line": 98,
          "col": 3,
          "lit": "github-server-url"
        },
        "value": ""
      },
      {
        "key": {
          "type": 0,
          "file": 2,
          "line": 101,
          "col": 3,
          "lit": "allow-unsafe-pr-checkout"
        },
        "value": {
          "type": 0,
          "file": 2,
          "line": 109,
          "col": 14,
          "lit": "false"
        }
      }
    ]
  },
  "execution": {
    "executionType": "nodeJS",
    "hasPre": false,
    "hasPost": true,
    "script": "dist/index.js",
    "pre": null,
    "post": "dist/index.js",
    "nodeVersion": "node20",
    "cleanupCondition": "always()",
    "initCondition": "always()"
  },
  "deprecated": null
}
[2026-09-08 18:48:37Z INFO ActionManager] Action pre node.js file: N/A.
[2026-09-08 18:48:37Z INFO ActionManager] Action node.js file: dist/index.js.
[2026-09-08 18:48:37Z INFO ActionManager] Action post node.js file: dist/index.js.
[2026-09-08 18:48:37Z INFO HostContext] Well known directory 'Bin': 'C:\Users\Bhuwan\Desktop\New folder\actions-runner\bin'
[2026-09-08 18:48:37Z INFO HostContext] Well known directory 'Root': 'C:\Users\Bhuwan\Desktop\New folder\actions-runner'
[2026-09-08 18:48:37Z INFO HostContext] Well known directory 'Work': 'C:\Users\Bhuwan\Desktop\New folder\actions-runner\_work'
[2026-09-08 18:48:37Z INFO HostContext] Well known directory 'Temp': 'C:\Users\Bhuwan\Desktop\New folder\actions-runner\_work\_temp'
[2026-09-08 18:48:37Z INFO ExecutionContext] Write event payload to C:\Users\Bhuwan\Desktop\New folder\actions-runner\_work\_temp\_github_workflow\event.json
[2026-09-08 18:48:37Z INFO HostContext] Well known directory 'Bin': 'C:\Users\Bhuwan\Desktop\New folder\actions-runner\bin'
[2026-09-08 18:48:37Z INFO HostContext] Well known directory 'Root': 'C:\Users\Bhuwan\Desktop\New folder\actions-runner'
[2026-09-08 18:48:37Z INFO HostContext] Well known directory 'Work': 'C:\Users\Bhuwan\Desktop\New folder\actions-runner\_work'
[2026-09-08 18:48:37Z INFO HostContext] Well known directory 'Temp': 'C:\Users\Bhuwan\Desktop\New folder\actions-runner\_work\_temp'
[2026-09-08 18:48:37Z INFO ExtensionManager] Getting extensions for interface: 'GitHub.Runner.Worker.IFileCommandExtension'
[2026-09-08 18:48:37Z INFO ActionManifestManagerLegacy] Input 'repository': default value evaluate result: {
  "type": 0,
  "file": 2,
  "line": 6,
  "col": 14,
  "lit": "bhuwan1233/Github-action-project"
}
[2026-09-08 18:48:37Z INFO ActionManifestManagerLegacy] Input 'ref': default value evaluate result: ""
[2026-09-08 18:48:37Z INFO ActionManifestManagerLegacy] Input 'token': default value evaluate result: {
  "type": 0,
  "file": 2,
  "line": 24,
  "col": 14,
  "lit": "***"
}
[2026-09-08 18:48:37Z INFO ActionManifestManagerLegacy] Input 'ssh-key': default value evaluate result: ""
[2026-09-08 18:48:37Z INFO ActionManifestManagerLegacy] Input 'ssh-known-hosts': default value evaluate result: ""
[2026-09-08 18:48:37Z INFO ActionManifestManagerLegacy] Input 'ssh-strict': default value evaluate result: {
  "type": 0,
  "file": 2,
  "line": 47,
  "col": 14,
  "lit": "true"
}
[2026-09-08 18:48:37Z INFO ActionManifestManagerLegacy] Input 'ssh-user': default value evaluate result: {
  "type": 0,
  "file": 2,
  "line": 51,
  "col": 14,
  "lit": "git"
}
[2026-09-08 18:48:37Z INFO ActionManifestManagerLegacy] Input 'persist-credentials': default value evaluate result: {
  "type": 0,
  "file": 2,
  "line": 54,
  "col": 14,
  "lit": "true"
}
[2026-09-08 18:48:37Z INFO ActionManifestManagerLegacy] Input 'path': default value evaluate result: ""
[2026-09-08 18:48:37Z INFO ActionManifestManagerLegacy] Input 'clean': default value evaluate result: {
  "type": 0,
  "file": 2,
  "line": 59,
  "col": 14,
  "lit": "true"
}
[2026-09-08 18:48:37Z INFO ActionManifestManagerLegacy] Input 'filter': default value evaluate result: {
  "type": 0,
  "file": 2,
  "line": 64,
  "col": 14,
  "lit": ""
}
[2026-09-08 18:48:37Z INFO ActionManifestManagerLegacy] Input 'sparse-checkout': default value evaluate result: {
  "type": 0,
  "file": 2,
  "line": 69,
  "col": 14,
  "lit": ""
}
[2026-09-08 18:48:37Z INFO ActionManifestManagerLegacy] Input 'sparse-checkout-cone-mode': default value evaluate result: {
  "type": 0,
  "file": 2,
  "line": 73,
  "col": 14,
  "lit": "true"
}
[2026-09-08 18:48:37Z INFO ActionManifestManagerLegacy] Input 'fetch-depth': default value evaluate result: {
  "type": 0,
  "file": 2,
  "line": 76,
  "col": 14,
  "lit": "1"
}
[2026-09-08 18:48:37Z INFO ActionManifestManagerLegacy] Input 'fetch-tags': default value evaluate result: {
  "type": 0,
  "file": 2,
  "line": 79,
  "col": 14,
  "lit": "false"
}
[2026-09-08 18:48:37Z INFO ActionManifestManagerLegacy] Input 'show-progress': default value evaluate result: {
  "type": 0,
  "file": 2,
  "line": 82,
  "col": 14,
  "lit": "true"
}
[2026-09-08 18:48:37Z INFO ActionManifestManagerLegacy] Input 'lfs': default value evaluate result: {
  "type": 0,
  "file": 2,
  "line": 85,
  "col": 14,
  "lit": "false"
}
[2026-09-08 18:48:37Z INFO ActionManifestManagerLegacy] Input 'submodules': default value evaluate result: {
  "type": 0,
  "file": 2,
  "line": 94,
  "col": 14,
  "lit": "false"
}
[2026-09-08 18:48:37Z INFO ActionManifestManagerLegacy] Input 'set-safe-directory': default value evaluate result: {
  "type": 0,
  "file": 2,
  "line": 97,
  "col": 14,
  "lit": "true"
}
[2026-09-08 18:48:37Z INFO ActionManifestManagerLegacy] Input 'github-server-url': default value evaluate result: ""
[2026-09-08 18:48:37Z INFO ActionManifestManagerLegacy] Input 'allow-unsafe-pr-checkout': default value evaluate result: {
  "type": 0,
  "file": 2,
  "line": 109,
  "col": 14,
  "lit": "false"
}
[2026-09-08 18:48:37Z INFO ExtensionManager] Getting extensions for interface: 'GitHub.Runner.Worker.IActionCommandExtension'
[2026-09-08 18:48:37Z INFO ActionCommandManager] Register action command extension for command internal-set-repo-path
[2026-09-08 18:48:37Z INFO ActionCommandManager] Register action command extension for command set-env
[2026-09-08 18:48:37Z INFO ActionCommandManager] Register action command extension for command set-output
[2026-09-08 18:48:37Z INFO ActionCommandManager] Register action command extension for command save-state
[2026-09-08 18:48:37Z INFO ActionCommandManager] Register action command extension for command add-path
[2026-09-08 18:48:37Z INFO ActionCommandManager] Register action command extension for command add-mask
[2026-09-08 18:48:37Z INFO ActionCommandManager] Register action command extension for command add-matcher
[2026-09-08 18:48:37Z INFO ActionCommandManager] Register action command extension for command remove-matcher
[2026-09-08 18:48:37Z INFO ActionCommandManager] Register action command extension for command warning
[2026-09-08 18:48:37Z INFO ActionCommandManager] Register action command extension for command error
[2026-09-08 18:48:37Z INFO ActionCommandManager] Register action command extension for command notice
[2026-09-08 18:48:37Z INFO ActionCommandManager] Register action command extension for command debug
[2026-09-08 18:48:37Z INFO ActionCommandManager] Register action command extension for command group
[2026-09-08 18:48:37Z INFO ActionCommandManager] Register action command extension for command endgroup
[2026-09-08 18:48:37Z INFO ActionCommandManager] Register action command extension for command echo
[2026-09-08 18:48:37Z INFO HostContext] Well known directory 'Bin': 'C:\Users\Bhuwan\Desktop\New folder\actions-runner\bin'
[2026-09-08 18:48:37Z INFO HostContext] Well known directory 'Root': 'C:\Users\Bhuwan\Desktop\New folder\actions-runner'
[2026-09-08 18:48:37Z INFO HostContext] Well known directory 'Externals': 'C:\Users\Bhuwan\Desktop\New folder\actions-runner\externals'
[2026-09-08 18:48:37Z INFO ProcessInvokerWrapper] Starting process:
[2026-09-08 18:48:37Z INFO ProcessInvokerWrapper]   File name: 'C:\Users\Bhuwan\Desktop\New folder\actions-runner\externals\node24\bin\node.exe'
[2026-09-08 18:48:37Z INFO ProcessInvokerWrapper]   Arguments: '"C:\Users\Bhuwan\Desktop\New folder\actions-runner\_work\_actions\actions\checkout\v4\dist/index.js"'
[2026-09-08 18:48:37Z INFO ProcessInvokerWrapper]   Working directory: 'C:\Users\Bhuwan\Desktop\New folder\actions-runner\_work\Github-action-project\Github-action-project'
[2026-09-08 18:48:37Z INFO ProcessInvokerWrapper]   Require exit code zero: 'False'
[2026-09-08 18:48:37Z INFO ProcessInvokerWrapper]   Encoding web name: utf-8 ; code page: '65001'
[2026-09-08 18:48:37Z INFO ProcessInvokerWrapper]   Force kill process on cancellation: 'False'
[2026-09-08 18:48:37Z INFO ProcessInvokerWrapper]   Redirected STDIN: 'False'
[2026-09-08 18:48:37Z INFO ProcessInvokerWrapper]   Persist current code page: 'True'
[2026-09-08 18:48:37Z INFO ProcessInvokerWrapper]   Keep redirected STDIN open: 'False'
[2026-09-08 18:48:37Z INFO ProcessInvokerWrapper]   High priority process: 'False'
[2026-09-08 18:48:37Z INFO JobServerQueue] Try to append 1 batches web console lines for record '2d25d411-9913-4e5e-9654-985715bdf7ca', success rate: 1/1.
[2026-09-08 18:48:37Z INFO JobServerQueue] Try to append 1 batches web console lines for record 'f4a2df10-f0f1-4cee-8569-21ea016ec7ff', success rate: 1/1.
[2026-09-08 18:48:37Z INFO ProcessInvokerWrapper] Process started with process id 484, waiting for process exit.
[2026-09-08 18:48:37Z INFO JobServerQueue] Got a step log file to send to results service.
[2026-09-08 18:48:37Z INFO JobServerQueue] Starting upload of step log file to results service ResultsLog, C:\Users\Bhuwan\Desktop\New folder\actions-runner\_diag\blocks\43ca3f32-b643-4c60-a306-afa2d01780ca_724f7b3f-9fa4-453a-8d03-57beffb54149.1
[2026-09-08 18:48:38Z INFO AddMaskCommandExtension] Add new secret mask with length of 32
[2026-09-08 18:48:38Z INFO JobServerQueue] Try to append 1 batches web console lines for record 'f4a2df10-f0f1-4cee-8569-21ea016ec7ff', success rate: 1/1.
[2026-09-08 18:48:38Z INFO JobServerQueue] Try to append 1 batches web console lines for record 'f4a2df10-f0f1-4cee-8569-21ea016ec7ff', success rate: 1/1.
[2026-09-08 18:48:38Z INFO JobServerQueue] Try to upload 1 log files or attachments, success rate: 1/1.
[2026-09-08 18:48:38Z INFO JobServerQueue] Try to append 1 batches web console lines for record 'f4a2df10-f0f1-4cee-8569-21ea016ec7ff', success rate: 1/1.
[2026-09-08 18:48:38Z INFO JobServerQueue] Got a step log file to send to results service.
[2026-09-08 18:48:38Z INFO JobServerQueue] Starting upload of step log file to results service ResultsLog, C:\Users\Bhuwan\Desktop\New folder\actions-runner\_diag\blocks\43ca3f32-b643-4c60-a306-afa2d01780ca_2d25d411-9913-4e5e-9654-985715bdf7ca.1
[2026-09-08 18:48:39Z INFO JobServerQueue] Tried to upload 2 file(s) to results, success rate: 2/2.
[2026-09-08 18:48:41Z INFO HostContext] Well known directory 'Bin': 'C:\Users\Bhuwan\Desktop\New folder\actions-runner\bin'
[2026-09-08 18:48:41Z INFO HostContext] Well known directory 'Root': 'C:\Users\Bhuwan\Desktop\New folder\actions-runner'
[2026-09-08 18:48:41Z INFO HostContext] Well known directory 'Work': 'C:\Users\Bhuwan\Desktop\New folder\actions-runner\_work'
[2026-09-08 18:48:43Z INFO JobServerQueue] Try to append 1 batches web console lines for record 'f4a2df10-f0f1-4cee-8569-21ea016ec7ff', success rate: 1/1.
[2026-09-08 18:48:43Z INFO JobServerQueue] Try to append 1 batches web console lines for record 'f4a2df10-f0f1-4cee-8569-21ea016ec7ff', success rate: 1/1.
[2026-09-08 18:48:44Z INFO JobServerQueue] Try to append 1 batches web console lines for record 'f4a2df10-f0f1-4cee-8569-21ea016ec7ff', success rate: 1/1.
[2026-09-08 18:48:45Z INFO JobServerQueue] Stop aggressive process web console line queue.
[2026-09-08 18:48:48Z INFO JobServerQueue] Try to append 1 batches web console lines for record 'f4a2df10-f0f1-4cee-8569-21ea016ec7ff', success rate: 1/1.
[2026-09-08 18:48:49Z INFO JobServerQueue] Try to append 1 batches web console lines for record 'f4a2df10-f0f1-4cee-8569-21ea016ec7ff', success rate: 1/1.
[2026-09-08 18:48:51Z INFO HostContext] Well known directory 'Bin': 'C:\Users\Bhuwan\Desktop\New folder\actions-runner\bin'
[2026-09-08 18:48:51Z INFO HostContext] Well known directory 'Root': 'C:\Users\Bhuwan\Desktop\New folder\actions-runner'
[2026-09-08 18:48:51Z INFO HostContext] Well known directory 'Work': 'C:\Users\Bhuwan\Desktop\New folder\actions-runner\_work'
[2026-09-08 18:48:52Z INFO ProcessInvokerWrapper] STDOUT/STDERR stream read finished.
[2026-09-08 18:48:52Z INFO ProcessInvokerWrapper] STDOUT/STDERR stream read finished.
[2026-09-08 18:48:52Z INFO ProcessInvokerWrapper] Finished process 484 with exit code 0, and elapsed time 00:00:15.2583804.
[2026-09-08 18:48:52Z INFO CreateStepSummaryCommand] Step Summary file (C:\Users\Bhuwan\Desktop\New folder\actions-runner\_work\_temp\_runner_file_commands\step_summary_7cff7660-8a8b-452f-bc14-c02a259ac902) is empty; skipping attachment upload
[2026-09-08 18:48:52Z INFO StepsRunner] Step result: 
[2026-09-08 18:48:52Z INFO ExecutionContext] Publish step telemetry for current step {
  "action": "actions/checkout",
  "ref": "v4",
  "type": "node24",
  "stage": "Post",
  "stepId": "f4a2df10-f0f1-4cee-8569-21ea016ec7ff",
  "result": "succeeded",
  "errorMessages": [],
  "executionTimeInSeconds": 16,
  "startTime": "2026-09-08T18:48:37.392113Z",
  "finishTime": "2026-09-08T18:48:52.7740776Z"
}.
[2026-09-08 18:48:52Z INFO StepsRunner] No need for updating job result with current step result 'Succeeded'.
[2026-09-08 18:48:52Z INFO StepsRunner] Current state: job state = 'Failed'
[2026-09-08 18:48:52Z INFO JobRunner] Finalize job.
[2026-09-08 18:48:52Z INFO HostContext] Well known directory 'Bin': 'C:\Users\Bhuwan\Desktop\New folder\actions-runner\bin'
[2026-09-08 18:48:52Z INFO HostContext] Well known directory 'Root': 'C:\Users\Bhuwan\Desktop\New folder\actions-runner'
[2026-09-08 18:48:52Z INFO HostContext] Well known directory 'Diag': 'C:\Users\Bhuwan\Desktop\New folder\actions-runner\_diag'
[2026-09-08 18:48:52Z INFO HostContext] Well known directory 'Bin': 'C:\Users\Bhuwan\Desktop\New folder\actions-runner\bin'
[2026-09-08 18:48:52Z INFO HostContext] Well known directory 'Root': 'C:\Users\Bhuwan\Desktop\New folder\actions-runner'
[2026-09-08 18:48:52Z INFO HostContext] Well known directory 'Diag': 'C:\Users\Bhuwan\Desktop\New folder\actions-runner\_diag'
[2026-09-08 18:48:52Z INFO JobExtension] Initialize Env context
[2026-09-08 18:48:52Z INFO JobExtension] Initialize steps context
[2026-09-08 18:48:52Z INFO JobExtension] Total accessible running process: 272.
[2026-09-08 18:48:52Z INFO JobExtension] Inspecting process environment variables. PID: 21948 (chrome)
[2026-09-08 18:48:52Z INFO JobExtension] Inspecting process environment variables. PID: 16024 (SearchProtocolHost)
[2026-09-08 18:48:52Z WARN JobExtension] Ignore exception during read process environment variables: Access is denied.
[2026-09-08 18:48:52Z INFO JobExtension] Inspecting process environment variables. PID: 15996 (SearchFilterHost)
[2026-09-08 18:48:52Z WARN JobExtension] Ignore exception during read process environment variables: Access is denied.
[2026-09-08 18:48:52Z INFO JobExtension] Inspecting process environment variables. PID: 23620 (RuntimeBroker)
[2026-09-08 18:48:52Z INFO JobExtension] Wait for all connectivity checks to finish.
[2026-09-08 18:48:52Z INFO JobExtension] Connectivity check result: {
  "endpointUrl": "https://broker.actions.githubusercontent.com/health",
  "endpointIPs": null,
  "startTime": "2026-09-08T18:48:01.270293Z",
  "statusCode": "http_OK",
  "requestId": "C4C9:39EF03:1D62B32:1E22564:6AA05861",
  "httpRequestDurationInMs": 1019,
  "dnsResolutionDurationInMs": 0,
  "dnsError": null
}
[2026-09-08 18:48:52Z INFO JobExtension] Connectivity check result: {
  "endpointUrl": "https://token.actions.githubusercontent.com/ready",
  "endpointIPs": null,
  "startTime": "2026-09-08T18:48:01.2733289Z",
  "statusCode": "http_NoContent",
  "requestId": "32AA:34191F:4EE521E:584B589:6AA05862",
  "httpRequestDurationInMs": 1231,
  "dnsResolutionDurationInMs": 0,
  "dnsError": null
}
[2026-09-08 18:48:52Z INFO JobExtension] Connectivity check result: {
  "endpointUrl": "https://run.actions.githubusercontent.com/health",
  "endpointIPs": null,
  "startTime": "2026-09-08T18:48:01.2739367Z",
  "statusCode": "http_OK",
  "requestId": "F439:2742B2:1D85AC0:1E456E0:6AA05861",
  "httpRequestDurationInMs": 1009,
  "dnsResolutionDurationInMs": 0,
  "dnsError": null
}
[2026-09-08 18:48:52Z INFO ExecutionContext] Publish step telemetry for current step {
  "action": "complete_job",
  "type": "runner",
  "stage": "Post",
  "stepId": "7a18ff42-f37c-41f9-900c-c5daf63571d7",
  "result": "succeeded",
  "errorMessages": [
    "Node.js 20 is deprecated. The following actions target Node.js 20 but are being forced to run on Node.js 24: actions/checkout@v4, actions/setup-java@v4. For more information see: https://github.blog/changelog/2025-09-19-deprecation-of-node-20-on-github-act"
  ],
  "executionTimeInSeconds": 1,
  "startTime": "2026-09-08T18:48:52.786431Z",
  "finishTime": "2026-09-08T18:48:52.8463795Z"
}.
[2026-09-08 18:48:52Z INFO JobRunner] Job result after all job steps finish: Failed
[2026-09-08 18:48:52Z INFO JobRunner] Completing the job execution context.
[2026-09-08 18:48:52Z INFO JobRunner] Shutting down the job server queue.
[2026-09-08 18:48:52Z INFO JobServerQueue] Fire signal to shutdown all queues.
[2026-09-08 18:48:53Z INFO JobServerQueue] All queue process task stopped.
[2026-09-08 18:48:53Z INFO JobServerQueue] Try to append 1 batches web console lines for record '7a18ff42-f37c-41f9-900c-c5daf63571d7', success rate: 1/1.
[2026-09-08 18:48:53Z INFO JobServerQueue] Web console line queue drained.
[2026-09-08 18:48:53Z INFO JobServerQueue] Uploading 3 files in one shot.
[2026-09-08 18:48:53Z INFO JobServerQueue] Try to upload 3 log files or attachments, success rate: 3/3.
[2026-09-08 18:48:53Z INFO JobServerQueue] File upload queue drained.
[2026-09-08 18:48:53Z INFO JobServerQueue] Starting results-based upload queue...
[2026-09-08 18:48:53Z INFO JobServerQueue] Uploading 3 file(s) in one shot through results service.
[2026-09-08 18:48:53Z INFO JobServerQueue] Got a step log file to send to results service.
[2026-09-08 18:48:53Z INFO JobServerQueue] Starting upload of step log file to results service ResultsLog, C:\Users\Bhuwan\Desktop\New folder\actions-runner\_diag\blocks\43ca3f32-b643-4c60-a306-afa2d01780ca_f4a2df10-f0f1-4cee-8569-21ea016ec7ff.1
[2026-09-08 18:48:54Z INFO JobServerQueue] Got a step log file to send to results service.
[2026-09-08 18:48:54Z INFO JobServerQueue] Starting upload of step log file to results service ResultsLog, C:\Users\Bhuwan\Desktop\New folder\actions-runner\_diag\blocks\43ca3f32-b643-4c60-a306-afa2d01780ca_7a18ff42-f37c-41f9-900c-c5daf63571d7.1
[2026-09-08 18:48:55Z INFO JobServerQueue] Got a job log file to send to results service.
[2026-09-08 18:48:55Z INFO JobServerQueue] Starting upload of job log file to results service ResultsLog, C:\Users\Bhuwan\Desktop\New folder\actions-runner\_diag\blocks\43ca3f32-b643-4c60-a306-afa2d01780ca_8a4a043a-9532-5073-a499-0701481293ec.1
[2026-09-08 18:48:56Z INFO JobServerQueue] Tried to upload 3 file(s) to results, success rate: 3/3.
[2026-09-08 18:48:56Z INFO JobServerQueue] Results upload queue drained.
[2026-09-08 18:48:56Z INFO JobServerQueue] Timeline update queue drained.
[2026-09-08 18:48:56Z INFO JobServerQueue] Disposing job server ...
[2026-09-08 18:48:56Z INFO JobServerQueue] Disposing results server ...
[2026-09-08 18:48:56Z INFO JobServerQueue] All queue process tasks have been stopped, and all queues are drained.
[2026-09-08 18:48:56Z INFO TempDirectoryManager] Cleaning runner temp folder: C:\Users\Bhuwan\Desktop\New folder\actions-runner\_work\_temp
[2026-09-08 18:48:56Z INFO HostContext] Well known directory 'Bin': 'C:\Users\Bhuwan\Desktop\New folder\actions-runner\bin'
[2026-09-08 18:48:56Z INFO HostContext] Well known directory 'Root': 'C:\Users\Bhuwan\Desktop\New folder\actions-runner'
[2026-09-08 18:48:56Z INFO HostContext] Well known directory 'Diag': 'C:\Users\Bhuwan\Desktop\New folder\actions-runner\_diag'
[2026-09-08 18:48:56Z INFO HostContext] Well known config file 'Telemetry': 'C:\Users\Bhuwan\Desktop\New folder\actions-runner\_diag\.telemetry'
[2026-09-08 18:48:56Z INFO JobRunner] Raising job completed against run service
[2026-09-08 18:48:57Z INFO Worker] Job completed.
