[2026-09-10 06:29:05Z INFO HostContext] No proxy settings were found based on environmental variables (http_proxy/https_proxy/HTTP_PROXY/HTTPS_PROXY)
[2026-09-10 06:29:05Z INFO HostContext] Well known directory 'Bin': 'C:\Users\Bhuwan\Desktop\New folder\actions-runner\bin'
[2026-09-10 06:29:05Z INFO HostContext] Well known directory 'Root': 'C:\Users\Bhuwan\Desktop\New folder\actions-runner'
[2026-09-10 06:29:05Z INFO HostContext] Well known config file 'Credentials': 'C:\Users\Bhuwan\Desktop\New folder\actions-runner\.credentials'
[2026-09-10 06:29:05Z INFO HostContext] Well known directory 'Bin': 'C:\Users\Bhuwan\Desktop\New folder\actions-runner\bin'
[2026-09-10 06:29:05Z INFO HostContext] Well known directory 'Root': 'C:\Users\Bhuwan\Desktop\New folder\actions-runner'
[2026-09-10 06:29:05Z INFO HostContext] Well known config file 'Runner': 'C:\Users\Bhuwan\Desktop\New folder\actions-runner\.runner'
[2026-09-10 06:29:05Z INFO Worker] Version: 2.337.0
[2026-09-10 06:29:05Z INFO Worker] Commit: 397b032cbf865e9c3ddfab89d533ec19325e1273
[2026-09-10 06:29:05Z INFO Worker] Culture: en-US
[2026-09-10 06:29:05Z INFO Worker] UI Culture: en-US
[2026-09-10 06:29:06Z INFO Worker] Waiting to receive the job message from the channel.
[2026-09-10 06:29:06Z INFO ProcessChannel] Receiving message of length 23880, with hash '7c44bd5158767af7fe885296cf92a59b9eae8c172e65e431fa8d5fa04911d6f4'
[2026-09-10 06:29:06Z INFO Worker] Message received.
[2026-09-10 06:29:06Z INFO Worker] Job message:
 {
  "fileTable": [
    ".github/workflows/cicd.yml"
  ],
  "mask": [
    {
      "type": "regex",
      "value": "***"
    },
    {
      "type": "regex",
      "value": "***"
    },
    {
      "type": "regex",
      "value": "***"
    },
    {
      "type": "regex",
      "value": "***"
    },
    {
      "type": "regex",
      "value": "***"
    },
    {
      "type": "regex",
      "value": "***"
    },
    {
      "type": "regex",
      "value": "***"
    },
    {
      "type": "regex",
      "value": "***"
    },
    {
      "type": "regex",
      "value": "***"
    },
    {
      "type": "regex",
      "value": "***"
    },
    {
      "type": "regex",
      "value": "***"
    },
    {
      "type": "regex",
      "value": "***"
    },
    {
      "type": "regex",
      "value": "***"
    },
    {
      "type": "regex",
      "value": "***"
    },
    {
      "type": "regex",
      "value": "***"
    },
    {
      "type": "regex",
      "value": "***"
    },
    {
      "type": "regex",
      "value": "***"
    },
    {
      "type": "regex",
      "value": "***"
    },
    {
      "type": "regex",
      "value": "***"
    },
    {
      "type": "regex",
      "value": "***"
    },
    {
      "type": "regex",
      "value": "***"
    },
    {
      "type": "regex",
      "value": "***"
    },
    {
      "type": "regex",
      "value": "***"
    },
    {
      "type": "regex",
      "value": "***"
    }
  ],
  "steps": [
    {
      "type": "action",
      "reference": {
        "type": "repository",
        "name": "actions/checkout",
        "ref": "v6",
        "repositoryType": "GitHub"
      },
      "displayNameToken": {
        "type": 0,
        "file": 1,
        "line": 15,
        "col": 15,
        "lit": "Checkout code"
      },
      "contextName": "__actions_checkout",
      "condition": "success()",
      "id": "1cc9f770-f47c-4126-a950-68310bb317fc",
      "name": "__actions_checkout"
    },
    {
      "type": "action",
      "reference": {
        "type": "repository",
        "name": "actions/setup-java",
        "ref": "v5",
        "repositoryType": "GitHub"
      },
      "displayNameToken": {
        "type": 0,
        "file": 1,
        "line": 18,
        "col": 15,
        "lit": "Set up JDK 17"
      },
      "contextName": "__actions_setup-java",
      "inputs": {
        "type": 2,
        "file": 1,
        "line": 21,
        "col": 11,
        "map": [
          {
            "key": {
              "type": 0,
              "file": 1,
              "line": 21,
              "col": 11,
              "lit": "java-version"
            },
            "value": {
              "type": 0,
              "file": 1,
              "line": 21,
              "col": 25,
              "lit": "17"
            }
          },
          {
            "key": {
              "type": 0,
              "file": 1,
              "line": 22,
              "col": 11,
              "lit": "distribution"
            },
            "value": {
              "type": 0,
              "file": 1,
              "line": 22,
              "col": 25,
              "lit": "temurin"
            }
          },
          {
            "key": {
              "type": 0,
              "file": 1,
              "line": 23,
              "col": 11,
              "lit": "cache"
            },
            "value": {
              "type": 0,
              "file": 1,
              "line": 23,
              "col": 18,
              "lit": "maven"
            }
          }
        ]
      },
      "condition": "success()",
      "id": "03bf4de0-06df-4ae7-881a-6b099ff0af1f",
      "name": "__actions_setup-java"
    },
    {
      "type": "action",
      "reference": {
        "type": "script"
      },
      "displayNameToken": {
        "type": 0,
        "file": 1,
        "line": 25,
        "col": 15,
        "lit": "Check Java"
      },
      "contextName": "__run",
      "inputs": {
        "type": 2,
        "map": [
          {
            "key": "script",
            "value": {
              "type": 0,
              "file": 1,
              "line": 26,
              "col": 14,
              "lit": "java -version"
            }
          }
        ]
      },
      "condition": "success()",
      "id": "4f6d28cf-2b10-4c7e-8dd2-4fff120eed9f",
      "name": "__run"
    },
    {
      "type": "action",
      "reference": {
        "type": "script"
      },
      "displayNameToken": {
        "type": 0,
        "file": 1,
        "line": 28,
        "col": 15,
        "lit": "Check Maven"
      },
      "contextName": "__run_2",
      "inputs": {
        "type": 2,
        "map": [
          {
            "key": "script",
            "value": {
              "type": 0,
              "file": 1,
              "line": 29,
              "col": 14,
              "lit": "mvn -version"
            }
          }
        ]
      },
      "condition": "success()",
      "id": "ce70eb99-b80e-4f9b-a2e3-5874a692bcf7",
      "name": "__run_2"
    },
    {
      "type": "action",
      "reference": {
        "type": "script"
      },
      "displayNameToken": {
        "type": 0,
        "file": 1,
        "line": 31,
        "col": 15,
        "lit": "Build with Maven"
      },
      "contextName": "__run_3",
      "inputs": {
        "type": 2,
        "map": [
          {
            "key": "script",
            "value": {
              "type": 0,
              "file": 1,
              "line": 32,
              "col": 14,
              "lit": "mvn compile"
            }
          }
        ]
      },
      "condition": "success()",
      "id": "791c36ae-a52a-4ffd-b11a-f1f6addb60f7",
      "name": "__run_3"
    }
  ],
  "variables": {
    "Actions.EnableHttpRedirects": {
      "value": "true"
    },
    "DistributedTask.AddWarningToNode12Action": {
      "value": "true"
    },
    "DistributedTask.AddWarningToNode16Action": {
      "value": "true"
    },
    "DistributedTask.AllowRunnerContainerHooks": {
      "value": "true"
    },
    "DistributedTask.DeprecateStepOutputCommands": {
      "value": "true"
    },
    "DistributedTask.DetailUntarFailure": {
      "value": "true"
    },
    "DistributedTask.EnableCompositeActions": {
      "value": "true"
    },
    "DistributedTask.EnableJobServerQueueTelemetry": {
      "value": "true"
    },
    "DistributedTask.EnhancedAnnotations": {
      "value": "true"
    },
    "DistributedTask.ForceGithubJavascriptActionsToNode16": {
      "value": "true"
    },
    "DistributedTask.ForceGithubJavascriptActionsToNode20": {
      "value": "true"
    },
    "DistributedTask.LogTemplateErrorsAsDebugMessages": {
      "value": "true"
    },
    "DistributedTask.MarkJobAsFailedOnWorkerCrash": {
      "value": "true"
    },
    "DistributedTask.NewActionMetadata": {
      "value": "true"
    },
    "DistributedTask.UploadStepSummary": {
      "value": "true"
    },
    "DistributedTask.UseActionArchiveCache": {
      "value": "true"
    },
    "DistributedTask.UseWhich2": {
      "value": "true"
    },
    "RunService.FixEmbeddedIssues": {
      "value": "true"
    },
    "actions.runner.requirenode24": {
      "value": "false"
    },
    "actions.runner.usenode24bydefault": {
      "value": "true"
    },
    "actions.runner.warnonnode20": {
      "value": "true"
    },
    "actions_add_check_run_id_to_job_context": {
      "value": "true"
    },
    "actions_batch_action_resolution": {
      "value": "false"
    },
    "actions_cache_mode": {
      "value": "write"
    },
    "actions_container_action_runner_temp": {
      "value": "true"
    },
    "actions_display_helpful_actions_download_errors": {
      "value": "true"
    },
    "actions_runner_allow_artifacts_file": {
      "value": "false"
    },
    "actions_runner_compare_workflow_parser": {
      "value": "false"
    },
    "actions_runner_deprecate_linux_arm32": {
      "value": "true"
    },
    "actions_runner_emit_composite_markers": {
      "value": "true"
    },
    "actions_runner_kill_linux_arm32": {
      "value": "false"
    },
    "actions_runner_node20_removal_date": {
      "value": ""
    },
    "actions_runner_node24_default_date": {
      "value": "June 16th, 2026"
    },
    "actions_self_repository": {
      "value": "true"
    },
    "actions_service_container_command": {
      "value": "true"
    },
    "actions_set_orchestration_id_env_for_actions": {
      "value": "true"
    },
    "actions_skip_retry_complete_job_upon_known_errors": {
      "value": "true"
    },
    "actions_snapshot_preflight_hosted_runner_check": {
      "value": "false"
    },
    "actions_snapshot_preflight_image_gen_pool_check": {
      "value": "false"
    },
    "actions_use_bearer_token_for_codeload": {
      "value": "false"
    },
    "actions_uses_cache_service_v2": {
      "value": "true"
    },
    "github_token": {
      "value": "***",
      "isSecret": true
    },
    "system.from_run_service": {
      "value": "true"
    },
    "system.github.job": {
      "value": "compile"
    },
    "system.github.launch_endpoint": {
      "value": "https://launch.actions.githubusercontent.com"
    },
    "system.github.results_endpoint": {
      "value": "https://results-receiver.actions.githubusercontent.com/"
    },
    "system.github.results_upload_with_sdk": {
      "value": "true"
    },
    "system.github.token": {
      "value": "***",
      "isSecret": true
    },
    "system.github.token.permissions": {
      "value": "{\"Contents\":\"read\",\"Metadata\":\"read\",\"Packages\":\"read\"}"
    },
    "system.orchestrationId": {
      "value": "4a61cfa6-15fb-4711-8f0e-9376ae3e094a.compile.__default"
    },
    "system.phaseDisplayName": {
      "value": "compile"
    },
    "system.runner.lowdiskspacethreshold": {
      "value": "100"
    },
    "system.runnerEnvironment": {
      "value": "self-hosted"
    },
    "system.runnerGroupName": {
      "value": "Default"
    }
  },
  "messageType": "RunnerJobRequest",
  "plan": {
    "scopeIdentifier": "00000000-0000-0000-0000-000000000000",
    "planType": "actions",
    "version": 0,
    "planId": "4a61cfa6-15fb-4711-8f0e-9376ae3e094a",
    "planGroup": null,
    "artifactUri": null,
    "artifactLocation": null,
    "definition": null,
    "owner": null
  },
  "timeline": {
    "id": "4a61cfa6-15fb-4711-8f0e-9376ae3e094a",
    "changeId": 0,
    "location": null
  },
  "jobId": "94124892-bf01-5677-a7f1-882b4b9c1493",
  "jobDisplayName": "compile",
  "jobName": "__default",
  "requestId": 0,
  "lockedUntil": "0001-01-01T00:00:00",
  "resources": {
    "endpoints": [
      {
        "data": {
          "ServerId": "",
          "ServerName": "",
          "CacheServerUrl": "https://artifactcache.actions.githubusercontent.com/fgpwAyjT6x6hl5EQmnS8Sh0eHJbJVIsJGuHTP7IkIRVJtP51yA/",
          "FeedStreamUrl": "wss://results-receiver.actions.githubusercontent.com/_ws/ingest.sock",
          "ResultsServiceUrl": "https://results-receiver.actions.githubusercontent.com/",
          "PipelinesServiceUrl": "https://pipelinesghubeus2.actions.githubusercontent.com/fgpwAyjT6x6hl5EQmnS8Sh0eHJbJVIsJGuHTP7IkIRVJtP51yA/",
          "GenerateIdTokenUrl": "",
          "ConnectivityChecks": "[\"https://broker.actions.githubusercontent.com/health\",\"https://token.actions.githubusercontent.com/ready\",\"https://run.actions.githubusercontent.com/health\"]",
          "ConnectivityAndDNSChecks": ""
        },
        "name": "SystemVssConnection",
        "url": "https://run-actions-1-azure-eastus.actions.githubusercontent.com/185/",
        "authorization": {
          "parameters": {
            "AccessToken": "***"
          },
          "scheme": "OAuth"
        },
        "isShared": false,
        "isReady": true
      }
    ]
  },
  "contextData": {
    "github": {
      "t": 2,
      "d": [
        {
          "k": "ref",
          "v": "refs/heads/main"
        },
        {
          "k": "sha",
          "v": "f7a4814c7ce6b72170778155ed25b884c3587c72"
        },
        {
          "k": "repository",
          "v": "bhuwan1233/Github-action-project"
        },
        {
          "k": "repository_owner",
          "v": "bhuwan1233"
        },
        {
          "k": "repository_owner_id",
          "v": "98870773"
        },
        {
          "k": "repositoryUrl",
          "v": "git://github.com/bhuwan1233/Github-action-project.git"
        },
        {
          "k": "run_id",
          "v": "34444727862"
        },
        {
          "k": "run_number",
          "v": "12"
        },
        {
          "k": "retention_days",
          "v": "90"
        },
        {
          "k": "run_attempt",
          "v": "2"
        },
        {
          "k": "artifact_cache_size_limit",
          "v": "10"
        },
        {
          "k": "repository_visibility",
          "v": "public"
        },
        {
          "k": "actor_id",
          "v": "98870773"
        },
        {
          "k": "actor",
          "v": "bhuwan1233"
        },
        {
          "k": "workflow",
          "v": "CICD pipeline"
        },
        {
          "k": "head_ref",
          "v": ""
        },
        {
          "k": "base_ref",
          "v": ""
        },
        {
          "k": "event_name",
          "v": "push"
        },
        {
          "k": "server_url",
          "v": "https://github.com"
        },
        {
          "k": "api_url",
          "v": "https://api.github.com"
        },
        {
          "k": "graphql_url",
          "v": "https://api.github.com/graphql"
        },
        {
          "k": "ref_name",
          "v": "main"
        },
        {
          "k": "ref_protected",
          "v": false
        },
        {
          "k": "ref_type",
          "v": "branch"
        },
        {
          "k": "secret_source",
          "v": "Actions"
        },
        {
          "k": "event",
          "v": {
            "t": 2,
            "d": [
              {
                "k": "after",
                "v": "f7a4814c7ce6b72170778155ed25b884c3587c72"
              },
              {
                "k": "base_ref",
                "v": null
              },
              {
                "k": "before",
                "v": "df0d204c773f646264550cb0dc27ffc8204dc474"
              },
              {
                "k": "commits",
                "v": {
                  "t": 1,
                  "a": [
                    {
                      "t": 2,
                      "d": [
                        {
                          "k": "author",
                          "v": {
                            "t": 2,
                            "d": [
                              {
                                "k": "email",
                                "v": "98870773+bhuwan1233@users.noreply.github.com"
                              },
                              {
                                "k": "name",
                                "v": "Bhuwan Bohara"
                              },
                              {
                                "k": "username",
                                "v": "bhuwan1233"
                              }
                            ]
                          }
                        },
                        {
                          "k": "committer",
                          "v": {
                            "t": 2,
                            "d": [
                              {
                                "k": "email",
                                "v": "noreply@github.com"
                              },
                              {
                                "k": "name",
                                "v": "GitHub"
                              },
                              {
                                "k": "username",
                                "v": "web-flow"
                              }
                            ]
                          }
                        },
                        {
                          "k": "distinct",
                          "v": true
                        },
                        {
                          "k": "id",
                          "v": "f7a4814c7ce6b72170778155ed25b884c3587c72"
                        },
                        {
                          "k": "message",
                          "v": "Update cicd.yml"
                        },
                        {
                          "k": "timestamp",
                          "v": "2026-09-10T12:04:53+05:45"
                        },
                        {
                          "k": "tree_id",
                          "v": "889f001dd410fabfb30b80e5a7cf1cce75b1aac2"
                        },
                        {
                          "k": "url",
                          "v": "https://github.com/bhuwan1233/Github-action-project/commit/f7a4814c7ce6b72170778155ed25b884c3587c72"
                        }
                      ]
                    }
                  ]
                }
              },
              {
                "k": "compare",
                "v": "https://github.com/bhuwan1233/Github-action-project/compare/df0d204c773f...f7a4814c7ce6"
              },
              {
                "k": "created",
                "v": false
              },
              {
                "k": "deleted",
                "v": false
              },
              {
                "k": "forced",
                "v": false
              },
              {
                "k": "head_commit",
                "v": {
                  "t": 2,
                  "d": [
                    {
                      "k": "author",
                      "v": {
                        "t": 2,
                        "d": [
                          {
                            "k": "email",
                            "v": "98870773+bhuwan1233@users.noreply.github.com"
                          },
                          {
                            "k": "name",
                            "v": "Bhuwan Bohara"
                          },
                          {
                            "k": "username",
                            "v": "bhuwan1233"
                          }
                        ]
                      }
                    },
                    {
                      "k": "committer",
                      "v": {
                        "t": 2,
                        "d": [
                          {
                            "k": "email",
                            "v": "noreply@github.com"
                          },
                          {
                            "k": "name",
                            "v": "GitHub"
                          },
                          {
                            "k": "username",
                            "v": "web-flow"
                          }
                        ]
                      }
                    },
                    {
                      "k": "distinct",
                      "v": true
                    },
                    {
                      "k": "id",
                      "v": "f7a4814c7ce6b72170778155ed25b884c3587c72"
                    },
                    {
                      "k": "message",
                      "v": "Update cicd.yml"
                    },
                    {
                      "k": "timestamp",
                      "v": "2026-09-10T12:04:53+05:45"
                    },
                    {
                      "k": "tree_id",
                      "v": "889f001dd410fabfb30b80e5a7cf1cce75b1aac2"
                    },
                    {
                      "k": "url",
                      "v": "https://github.com/bhuwan1233/Github-action-project/commit/f7a4814c7ce6b72170778155ed25b884c3587c72"
                    }
                  ]
                }
              },
              {
                "k": "pusher",
                "v": {
                  "t": 2,
                  "d": [
                    {
                      "k": "email",
                      "v": "98870773+bhuwan1233@users.noreply.github.com"
                    },
                    {
                      "k": "name",
                      "v": "bhuwan1233"
                    }
                  ]
                }
              },
              {
                "k": "ref",
                "v": "refs/heads/main"
              },
              {
                "k": "repository",
                "v": {
                  "t": 2,
                  "d": [
                    {
                      "k": "allow_forking",
                      "v": true
                    },
                    {
                      "k": "archive_url",
                      "v": "https://api.github.com/repos/bhuwan1233/Github-action-project/{archive_format}{/ref}"
                    },
                    {
                      "k": "archived",
                      "v": false
                    },
                    {
                      "k": "assignees_url",
                      "v": "https://api.github.com/repos/bhuwan1233/Github-action-project/assignees{/user}"
                    },
                    {
                      "k": "blobs_url",
                      "v": "https://api.github.com/repos/bhuwan1233/Github-action-project/git/blobs{/sha}"
                    },
                    {
                      "k": "branches_url",
                      "v": "https://api.github.com/repos/bhuwan1233/Github-action-project/branches{/branch}"
                    },
                    {
                      "k": "clone_url",
                      "v": "https://github.com/bhuwan1233/Github-action-project.git"
                    },
                    {
                      "k": "collaborators_url",
                      "v": "https://api.github.com/repos/bhuwan1233/Github-action-project/collaborators{/collaborator}"
                    },
                    {
                      "k": "comments_url",
                      "v": "https://api.github.com/repos/bhuwan1233/Github-action-project/comments{/number}"
                    },
                    {
                      "k": "commits_url",
                      "v": "https://api.github.com/repos/bhuwan1233/Github-action-project/commits{/sha}"
                    },
                    {
                      "k": "compare_url",
                      "v": "https://api.github.com/repos/bhuwan1233/Github-action-project/compare/{base}...{head}"
                    },
                    {
                      "k": "contents_url",
                      "v": "https://api.github.com/repos/bhuwan1233/Github-action-project/contents/{+path}"
                    },
                    {
                      "k": "contributors_url",
                      "v": "https://api.github.com/repos/bhuwan1233/Github-action-project/contributors"
                    },
                    {
                      "k": "created_at",
                      "v": 1788858498.0
                    },
                    {
                      "k": "default_branch",
                      "v": "main"
                    },
                    {
                      "k": "deployments_url",
                      "v": "https://api.github.com/repos/bhuwan1233/Github-action-project/deployments"
                    },
                    {
                      "k": "description",
                      "v": null
                    },
                    {
                      "k": "disabled",
                      "v": false
                    },
                    {
                      "k": "downloads_url",
                      "v": "https://api.github.com/repos/bhuwan1233/Github-action-project/downloads"
                    },
                    {
                      "k": "events_url",
                      "v": "https://api.github.com/repos/bhuwan1233/Github-action-project/events"
                    },
                    {
                      "k": "fork",
                      "v": false
                    },
                    {
                      "k": "forks",
                      "v": 0.0
                    },
                    {
                      "k": "forks_count",
                      "v": 0.0
                    },
                    {
                      "k": "forks_url",
                      "v": "https://api.github.com/repos/bhuwan1233/Github-action-project/forks"
                    },
                    {
                      "k": "full_name",
                      "v": "bhuwan1233/Github-action-project"
                    },
                    {
                      "k": "git_commits_url",
                      "v": "https://api.github.com/repos/bhuwan1233/Github-action-project/git/commits{/sha}"
                    },
                    {
                      "k": "git_refs_url",
                      "v": "https://api.github.com/repos/bhuwan1233/Github-action-project/git/refs{/sha}"
                    },
                    {
                      "k": "git_tags_url",
                      "v": "https://api.github.com/repos/bhuwan1233/Github-action-project/git/tags{/sha}"
                    },
                    {
                      "k": "git_url",
                      "v": "git://github.com/bhuwan1233/Github-action-project.git"
                    },
                    {
                      "k": "has_discussions",
                      "v": false
                    },
                    {
                      "k": "has_downloads",
                      "v": true
                    },
                    {
                      "k": "has_issues",
                      "v": true
                    },
                    {
                      "k": "has_pages",
                      "v": false
                    },
                    {
                      "k": "has_projects",
                      "v": true
                    },
                    {
                      "k": "has_pull_requests",
                      "v": true
                    },
                    {
                      "k": "has_wiki",
                      "v": true
                    },
                    {
                      "k": "homepage",
                      "v": null
                    },
                    {
                      "k": "hooks_url",
                      "v": "https://api.github.com/repos/bhuwan1233/Github-action-project/hooks"
                    },
                    {
                      "k": "html_url",
                      "v": "https://github.com/bhuwan1233/Github-action-project"
                    },
                    {
                      "k": "id",
                      "v": 1361157473.0
                    },
                    {
                      "k": "is_template",
                      "v": false
                    },
                    {
                      "k": "issue_comment_url",
                      "v": "https://api.github.com/repos/bhuwan1233/Github-action-project/issues/comments{/number}"
                    },
                    {
                      "k": "issue_events_url",
                      "v": "https://api.github.com/repos/bhuwan1233/Github-action-project/issues/events{/number}"
                    },
                    {
                      "k": "issues_url",
                      "v": "https://api.github.com/repos/bhuwan1233/Github-action-project/issues{/number}"
                    },
                    {
                      "k": "keys_url",
                      "v": "https://api.github.com/repos/bhuwan1233/Github-action-project/keys{/key_id}"
                    },
                    {
                      "k": "labels_url",
                      "v": "https://api.github.com/repos/bhuwan1233/Github-action-project/labels{/name}"
                    },
                    {
                      "k": "language",
                      "v": "HTML"
                    },
                    {
                      "k": "languages_url",
                      "v": "https://api.github.com/repos/bhuwan1233/Github-action-project/languages"
                    },
                    {
                      "k": "license",
                      "v": null
                    },
                    {
                      "k": "master_branch",
                      "v": "main"
                    },
                    {
                      "k": "merges_url",
                      "v": "https://api.github.com/repos/bhuwan1233/Github-action-project/merges"
                    },
                    {
                      "k": "milestones_url",
                      "v": "https://api.github.com/repos/bhuwan1233/Github-action-project/milestones{/number}"
                    },
                    {
                      "k": "mirror_url",
                      "v": null
                    },
                    {
                      "k": "name",
                      "v": "Github-action-project"
                    },
                    {
                      "k": "node_id",
                      "v": "R_kgDOUSGdYQ"
                    },
                    {
                      "k": "notifications_url",
                      "v": "https://api.github.com/repos/bhuwan1233/Github-action-project/notifications{?since,all,participating}"
                    },
                    {
                      "k": "open_issues",
                      "v": 0.0
                    },
                    {
                      "k": "open_issues_count",
                      "v": 0.0
                    },
                    {
                      "k": "owner",
                      "v": {
                        "t": 2,
                        "d": [
                          {
                            "k": "avatar_url",
                            "v": "https://avatars.githubusercontent.com/u/98870773?v=4"
                          },
                          {
                            "k": "email",
                            "v": "98870773+bhuwan1233@users.noreply.github.com"
                          },
                          {
                            "k": "events_url",
                            "v": "https://api.github.com/users/bhuwan1233/events{/privacy}"
                          },
                          {
                            "k": "followers_url",
                            "v": "https://api.github.com/users/bhuwan1233/followers"
                          },
                          {
                            "k": "following_url",
                            "v": "https://api.github.com/users/bhuwan1233/following{/other_user}"
                          },
                          {
                            "k": "gists_url",
                            "v": "https://api.github.com/users/bhuwan1233/gists{/gist_id}"
                          },
                          {
                            "k": "gravatar_id",
                            "v": ""
                          },
                          {
                            "k": "html_url",
                            "v": "https://github.com/bhuwan1233"
                          },
                          {
                            "k": "id",
                            "v": 98870773.0
                          },
                          {
                            "k": "login",
                            "v": "bhuwan1233"
                          },
                          {
                            "k": "name",
                            "v": "bhuwan1233"
                          },
                          {
                            "k": "node_id",
                            "v": "U_kgDOBeSl9Q"
                          },
                          {
                            "k": "organizations_url",
                            "v": "https://api.github.com/users/bhuwan1233/orgs"
                          },
                          {
                            "k": "received_events_url",
                            "v": "https://api.github.com/users/bhuwan1233/received_events"
                          },
                          {
                            "k": "repos_url",
                            "v": "https://api.github.com/users/bhuwan1233/repos"
                          },
                          {
                            "k": "site_admin",
                            "v": false
                          },
                          {
                            "k": "starred_url",
                            "v": "https://api.github.com/users/bhuwan1233/starred{/owner}{/repo}"
                          },
                          {
                            "k": "subscriptions_url",
                            "v": "https://api.github.com/users/bhuwan1233/subscriptions"
                          },
                          {
                            "k": "type",
                            "v": "User"
                          },
                          {
                            "k": "url",
                            "v": "https://api.github.com/users/bhuwan1233"
                          },
                          {
                            "k": "user_view_type",
                            "v": "public"
                          }
                        ]
                      }
                    },
                    {
                      "k": "private",
                      "v": false
                    },
                    {
                      "k": "pull_request_creation_policy",
                      "v": "all"
                    },
                    {
                      "k": "pulls_url",
                      "v": "https://api.github.com/repos/bhuwan1233/Github-action-project/pulls{/number}"
                    },
                    {
                      "k": "pushed_at",
                      "v": 1789021194.0
                    },
                    {
                      "k": "releases_url",
                      "v": "https://api.github.com/repos/bhuwan1233/Github-action-project/releases{/id}"
                    },
                    {
                      "k": "size",
                      "v": 526.0
                    },
                    {
                      "k": "ssh_url",
                      "v": "git@github.com:bhuwan1233/Github-action-project.git"
                    },
                    {
                      "k": "stargazers",
                      "v": 0.0
                    },
                    {
                      "k": "stargazers_count",
                      "v": 0.0
                    },
                    {
                      "k": "stargazers_url",
                      "v": "https://api.github.com/repos/bhuwan1233/Github-action-project/stargazers"
                    },
                    {
                      "k": "statuses_url",
                      "v": "https://api.github.com/repos/bhuwan1233/Github-action-project/statuses/{sha}"
                    },
                    {
                      "k": "subscribers_url",
                      "v": "https://api.github.com/repos/bhuwan1233/Github-action-project/subscribers"
                    },
                    {
                      "k": "subscription_url",
                      "v": "https://api.github.com/repos/bhuwan1233/Github-action-project/subscription"
                    },
                    {
                      "k": "svn_url",
                      "v": "https://github.com/bhuwan1233/Github-action-project"
                    },
                    {
                      "k": "tags_url",
                      "v": "https://api.github.com/repos/bhuwan1233/Github-action-project/tags"
                    },
                    {
                      "k": "teams_url",
                      "v": "https://api.github.com/repos/bhuwan1233/Github-action-project/teams"
                    },
                    {
                      "k": "topics",
                      "v": {
                        "t": 1
                      }
                    },
                    {
                      "k": "trees_url",
                      "v": "https://api.github.com/repos/bhuwan1233/Github-action-project/git/trees{/sha}"
                    },
                    {
                      "k": "updated_at",
                      "v": "2026-09-08T18:33:39Z"
                    },
                    {
                      "k": "url",
                      "v": "https://api.github.com/repos/bhuwan1233/Github-action-project"
                    },
                    {
                      "k": "visibility",
                      "v": "public"
                    },
                    {
                      "k": "watchers",
                      "v": 0.0
                    },
                    {
                      "k": "watchers_count",
                      "v": 0.0
                    },
                    {
                      "k": "web_commit_signoff_required",
                      "v": false
                    }
                  ]
                }
              },
              {
                "k": "sender",
                "v": {
                  "t": 2,
                  "d": [
                    {
                      "k": "avatar_url",
                      "v": "https://avatars.githubusercontent.com/u/98870773?v=4"
                    },
                    {
                      "k": "events_url",
                      "v": "https://api.github.com/users/bhuwan1233/events{/privacy}"
                    },
                    {
                      "k": "followers_url",
                      "v": "https://api.github.com/users/bhuwan1233/followers"
                    },
                    {
                      "k": "following_url",
                      "v": "https://api.github.com/users/bhuwan1233/following{/other_user}"
                    },
                    {
                      "k": "gists_url",
                      "v": "https://api.github.com/users/bhuwan1233/gists{/gist_id}"
                    },
                    {
                      "k": "gravatar_id",
                      "v": ""
                    },
                    {
                      "k": "html_url",
                      "v": "https://github.com/bhuwan1233"
                    },
                    {
                      "k": "id",
                      "v": 98870773.0
                    },
                    {
                      "k": "login",
                      "v": "bhuwan1233"
                    },
                    {
                      "k": "node_id",
                      "v": "U_kgDOBeSl9Q"
                    },
                    {
                      "k": "organizations_url",
                      "v": "https://api.github.com/users/bhuwan1233/orgs"
                    },
                    {
                      "k": "received_events_url",
                      "v": "https://api.github.com/users/bhuwan1233/received_events"
                    },
                    {
                      "k": "repos_url",
                      "v": "https://api.github.com/users/bhuwan1233/repos"
                    },
                    {
                      "k": "site_admin",
                      "v": false
                    },
                    {
                      "k": "starred_url",
                      "v": "https://api.github.com/users/bhuwan1233/starred{/owner}{/repo}"
                    },
                    {
                      "k": "subscriptions_url",
                      "v": "https://api.github.com/users/bhuwan1233/subscriptions"
                    },
                    {
                      "k": "type",
                      "v": "User"
                    },
                    {
                      "k": "url",
                      "v": "https://api.github.com/users/bhuwan1233"
                    },
                    {
                      "k": "user_view_type",
                      "v": "public"
                    }
                  ]
                }
              }
            ]
          }
        },
        {
          "k": "workflow_ref",
          "v": "bhuwan1233/Github-action-project/.github/workflows/cicd.yml@refs/heads/main"
        },
        {
          "k": "workflow_sha",
          "v": "f7a4814c7ce6b72170778155ed25b884c3587c72"
        },
        {
          "k": "repository_id",
          "v": "1361157473"
        },
        {
          "k": "triggering_actor",
          "v": "bhuwan1233"
        }
      ]
    },
    "inputs": {
      "t": 2
    },
    "job": {
      "t": 2,
      "d": [
        {
          "k": "check_run_id",
          "v": 102768947276.0
        },
        {
          "k": "workflow_ref",
          "v": "bhuwan1233/Github-action-project/.github/workflows/cicd.yml@refs/heads/main"
        },
        {
          "k": "workflow_sha",
          "v": "f7a4814c7ce6b72170778155ed25b884c3587c72"
        },
        {
          "k": "workflow_repository",
          "v": "bhuwan1233/Github-action-project"
        },
        {
          "k": "workflow_file_path",
          "v": ".github/workflows/cicd.yml"
        }
      ]
    },
    "matrix": null,
    "needs": {
      "t": 2
    },
    "strategy": {
      "t": 2,
      "d": [
        {
          "k": "fail-fast",
          "v": true
        },
        {
          "k": "job-index",
          "v": 0.0
        },
        {
          "k": "job-total",
          "v": 1.0
        },
        {
          "k": "max-parallel",
          "v": 1.0
        }
      ]
    },
    "vars": {
      "t": 2
    }
  },
  "billingOwnerId": "U_kgDOBeSl9Q"
}
[2026-09-10 06:29:06Z INFO JobRunner] Job ID 94124892-bf01-5677-a7f1-882b4b9c1493
[2026-09-10 06:29:06Z INFO ConfigurationStore] currentAssemblyLocation: C:\Users\Bhuwan\Desktop\New folder\actions-runner\bin\Runner.Worker.dll
[2026-09-10 06:29:06Z INFO HostContext] Well known directory 'Bin': 'C:\Users\Bhuwan\Desktop\New folder\actions-runner\bin'
[2026-09-10 06:29:06Z INFO ConfigurationStore] binPath: C:\Users\Bhuwan\Desktop\New folder\actions-runner\bin
[2026-09-10 06:29:06Z INFO HostContext] Well known directory 'Bin': 'C:\Users\Bhuwan\Desktop\New folder\actions-runner\bin'
[2026-09-10 06:29:06Z INFO HostContext] Well known directory 'Root': 'C:\Users\Bhuwan\Desktop\New folder\actions-runner'
[2026-09-10 06:29:06Z INFO ConfigurationStore] RootFolder: C:\Users\Bhuwan\Desktop\New folder\actions-runner
[2026-09-10 06:29:06Z INFO HostContext] Well known directory 'Bin': 'C:\Users\Bhuwan\Desktop\New folder\actions-runner\bin'
[2026-09-10 06:29:06Z INFO HostContext] Well known directory 'Root': 'C:\Users\Bhuwan\Desktop\New folder\actions-runner'
[2026-09-10 06:29:06Z INFO HostContext] Well known config file 'Runner': 'C:\Users\Bhuwan\Desktop\New folder\actions-runner\.runner'
[2026-09-10 06:29:06Z INFO ConfigurationStore] ConfigFilePath: C:\Users\Bhuwan\Desktop\New folder\actions-runner\.runner
[2026-09-10 06:29:06Z INFO HostContext] Well known directory 'Bin': 'C:\Users\Bhuwan\Desktop\New folder\actions-runner\bin'
[2026-09-10 06:29:06Z INFO HostContext] Well known directory 'Root': 'C:\Users\Bhuwan\Desktop\New folder\actions-runner'
[2026-09-10 06:29:06Z INFO HostContext] Well known config file 'MigratedRunner': 'C:\Users\Bhuwan\Desktop\New folder\actions-runner\.runner_migrated'
[2026-09-10 06:29:06Z INFO ConfigurationStore] MigratedConfigFilePath: C:\Users\Bhuwan\Desktop\New folder\actions-runner\.runner_migrated
[2026-09-10 06:29:06Z INFO HostContext] Well known directory 'Bin': 'C:\Users\Bhuwan\Desktop\New folder\actions-runner\bin'
[2026-09-10 06:29:06Z INFO HostContext] Well known directory 'Root': 'C:\Users\Bhuwan\Desktop\New folder\actions-runner'
[2026-09-10 06:29:06Z INFO HostContext] Well known config file 'Credentials': 'C:\Users\Bhuwan\Desktop\New folder\actions-runner\.credentials'
[2026-09-10 06:29:06Z INFO ConfigurationStore] CredFilePath: C:\Users\Bhuwan\Desktop\New folder\actions-runner\.credentials
[2026-09-10 06:29:06Z INFO HostContext] Well known directory 'Bin': 'C:\Users\Bhuwan\Desktop\New folder\actions-runner\bin'
[2026-09-10 06:29:06Z INFO HostContext] Well known directory 'Root': 'C:\Users\Bhuwan\Desktop\New folder\actions-runner'
[2026-09-10 06:29:06Z INFO HostContext] Well known config file 'MigratedCredentials': 'C:\Users\Bhuwan\Desktop\New folder\actions-runner\.credentials_migrated'
[2026-09-10 06:29:06Z INFO ConfigurationStore] MigratedCredFilePath: C:\Users\Bhuwan\Desktop\New folder\actions-runner\.credentials_migrated
[2026-09-10 06:29:06Z INFO HostContext] Well known directory 'Bin': 'C:\Users\Bhuwan\Desktop\New folder\actions-runner\bin'
[2026-09-10 06:29:06Z INFO HostContext] Well known directory 'Root': 'C:\Users\Bhuwan\Desktop\New folder\actions-runner'
[2026-09-10 06:29:06Z INFO HostContext] Well known config file 'Service': 'C:\Users\Bhuwan\Desktop\New folder\actions-runner\.service'
[2026-09-10 06:29:06Z INFO ConfigurationStore] ServiceConfigFilePath: C:\Users\Bhuwan\Desktop\New folder\actions-runner\.service
[2026-09-10 06:29:06Z INFO ConfigurationStore] Read setting file: 406 chars
[2026-09-10 06:29:06Z INFO JobRunner] Initializing launch client
[2026-09-10 06:29:06Z INFO JobServerQueue] Initializing results client
[2026-09-10 06:29:06Z INFO ResultServer] Creating websocket client ...wss://results-receiver.actions.githubusercontent.com/_ws/ingest.sock
[2026-09-10 06:29:06Z INFO ResultServer] Attempting to start websocket client with delay 00:00:00.
[2026-09-10 06:29:06Z INFO JobServerQueue] Start process web console line queue.
[2026-09-10 06:29:06Z INFO JobServerQueue] Start process file upload queue.
[2026-09-10 06:29:06Z INFO JobServerQueue] Start results file upload queue.
[2026-09-10 06:29:06Z INFO JobServerQueue] Starting results-based upload queue...
[2026-09-10 06:29:06Z INFO JobServerQueue] Start process timeline update queue.
[2026-09-10 06:29:06Z INFO ExecutionContext] Initializing Job context
[2026-09-10 06:29:06Z INFO ExecutionContext] Initialize GitHub context
[2026-09-10 06:29:06Z INFO ExecutionContext] Initialize Env context
[2026-09-10 06:29:06Z INFO HostContext] Well known directory 'Bin': 'C:\Users\Bhuwan\Desktop\New folder\actions-runner\bin'
[2026-09-10 06:29:06Z INFO HostContext] Well known directory 'Root': 'C:\Users\Bhuwan\Desktop\New folder\actions-runner'
[2026-09-10 06:29:06Z INFO HostContext] Well known directory 'Diag': 'C:\Users\Bhuwan\Desktop\New folder\actions-runner\_diag'
[2026-09-10 06:29:06Z INFO HostContext] Well known directory 'Bin': 'C:\Users\Bhuwan\Desktop\New folder\actions-runner\bin'
[2026-09-10 06:29:06Z INFO HostContext] Well known directory 'Root': 'C:\Users\Bhuwan\Desktop\New folder\actions-runner'
[2026-09-10 06:29:06Z INFO HostContext] Well known directory 'Diag': 'C:\Users\Bhuwan\Desktop\New folder\actions-runner\_diag'
[2026-09-10 06:29:06Z INFO JobRunner] Starting the job execution context.
[2026-09-10 06:29:06Z INFO HostContext] Well known directory 'Bin': 'C:\Users\Bhuwan\Desktop\New folder\actions-runner\bin'
[2026-09-10 06:29:06Z INFO HostContext] Well known directory 'Root': 'C:\Users\Bhuwan\Desktop\New folder\actions-runner'
[2026-09-10 06:29:06Z INFO HostContext] Well known directory 'Work': 'C:\Users\Bhuwan\Desktop\New folder\actions-runner\_work'
[2026-09-10 06:29:06Z INFO JobRunner] Validating directory permissions for: 'C:\Users\Bhuwan\Desktop\New folder\actions-runner\_work'
[2026-09-10 06:29:06Z INFO HostContext] Well known directory 'Bin': 'C:\Users\Bhuwan\Desktop\New folder\actions-runner\bin'
[2026-09-10 06:29:06Z INFO HostContext] Well known directory 'Root': 'C:\Users\Bhuwan\Desktop\New folder\actions-runner'
[2026-09-10 06:29:06Z INFO HostContext] Well known directory 'Work': 'C:\Users\Bhuwan\Desktop\New folder\actions-runner\_work'
[2026-09-10 06:29:06Z INFO HostContext] Well known directory 'Tools': 'C:\Users\Bhuwan\Desktop\New folder\actions-runner\_work\_tool'
[2026-09-10 06:29:06Z INFO HostContext] Well known directory 'Bin': 'C:\Users\Bhuwan\Desktop\New folder\actions-runner\bin'
[2026-09-10 06:29:06Z INFO HostContext] Well known directory 'Root': 'C:\Users\Bhuwan\Desktop\New folder\actions-runner'
[2026-09-10 06:29:06Z INFO HostContext] Well known directory 'Work': 'C:\Users\Bhuwan\Desktop\New folder\actions-runner\_work'
[2026-09-10 06:29:06Z INFO HostContext] Well known directory 'Temp': 'C:\Users\Bhuwan\Desktop\New folder\actions-runner\_work\_temp'
[2026-09-10 06:29:06Z INFO JobRunner] Getting job extension.
[2026-09-10 06:29:06Z INFO JobRunner] Initialize job. Getting all job steps.
[2026-09-10 06:29:06Z INFO HostContext] Well known directory 'Bin': 'C:\Users\Bhuwan\Desktop\New folder\actions-runner\bin'
[2026-09-10 06:29:06Z INFO HostContext] Well known directory 'Root': 'C:\Users\Bhuwan\Desktop\New folder\actions-runner'
[2026-09-10 06:29:06Z INFO HostContext] Well known directory 'Diag': 'C:\Users\Bhuwan\Desktop\New folder\actions-runner\_diag'
[2026-09-10 06:29:06Z INFO HostContext] Well known directory 'Bin': 'C:\Users\Bhuwan\Desktop\New folder\actions-runner\bin'
[2026-09-10 06:29:06Z INFO HostContext] Well known directory 'Root': 'C:\Users\Bhuwan\Desktop\New folder\actions-runner'
[2026-09-10 06:29:06Z INFO HostContext] Well known directory 'Diag': 'C:\Users\Bhuwan\Desktop\New folder\actions-runner\_diag'
[2026-09-10 06:29:06Z INFO HostContext] Well known directory 'Bin': 'C:\Users\Bhuwan\Desktop\New folder\actions-runner\bin'
[2026-09-10 06:29:06Z INFO HostContext] Well known directory 'Root': 'C:\Users\Bhuwan\Desktop\New folder\actions-runner'
[2026-09-10 06:29:06Z INFO HostContext] Well known config file 'Credentials': 'C:\Users\Bhuwan\Desktop\New folder\actions-runner\.credentials'
[2026-09-10 06:29:06Z INFO HostContext] Well known directory 'Bin': 'C:\Users\Bhuwan\Desktop\New folder\actions-runner\bin'
[2026-09-10 06:29:06Z INFO HostContext] Well known directory 'Root': 'C:\Users\Bhuwan\Desktop\New folder\actions-runner'
[2026-09-10 06:29:06Z INFO HostContext] Well known config file 'SetupInfo': 'C:\Users\Bhuwan\Desktop\New folder\actions-runner\.setup_info'
[2026-09-10 06:29:06Z INFO HostContext] Well known directory 'Bin': 'C:\Users\Bhuwan\Desktop\New folder\actions-runner\bin'
[2026-09-10 06:29:06Z INFO HostContext] Well known directory 'Root': 'C:\Users\Bhuwan\Desktop\New folder\actions-runner'
[2026-09-10 06:29:06Z INFO HostContext] Well known directory 'Work': 'C:\Users\Bhuwan\Desktop\New folder\actions-runner\_work'
[2026-09-10 06:29:06Z INFO PipelineDirectoryManager] Loading tracking config if exists: C:\Users\Bhuwan\Desktop\New folder\actions-runner\_work\_PipelineMapping\bhuwan1233/Github-action-project\PipelineFolder.json
[2026-09-10 06:29:06Z INFO PipelineDirectoryManager] Updating job run properties.
[2026-09-10 06:29:06Z INFO HostContext] Well known directory 'Bin': 'C:\Users\Bhuwan\Desktop\New folder\actions-runner\bin'
[2026-09-10 06:29:06Z INFO HostContext] Well known directory 'Root': 'C:\Users\Bhuwan\Desktop\New folder\actions-runner'
[2026-09-10 06:29:06Z INFO HostContext] Well known directory 'Work': 'C:\Users\Bhuwan\Desktop\New folder\actions-runner\_work'
[2026-09-10 06:29:06Z INFO HostContext] Well known directory 'Bin': 'C:\Users\Bhuwan\Desktop\New folder\actions-runner\bin'
[2026-09-10 06:29:06Z INFO HostContext] Well known directory 'Root': 'C:\Users\Bhuwan\Desktop\New folder\actions-runner'
[2026-09-10 06:29:06Z INFO HostContext] Well known directory 'Work': 'C:\Users\Bhuwan\Desktop\New folder\actions-runner\_work'
[2026-09-10 06:29:06Z INFO HostContext] Well known directory 'Bin': 'C:\Users\Bhuwan\Desktop\New folder\actions-runner\bin'
[2026-09-10 06:29:06Z INFO HostContext] Well known directory 'Root': 'C:\Users\Bhuwan\Desktop\New folder\actions-runner'
[2026-09-10 06:29:06Z INFO HostContext] Well known directory 'Work': 'C:\Users\Bhuwan\Desktop\New folder\actions-runner\_work'
[2026-09-10 06:29:06Z INFO JobExtension] Downloading actions
[2026-09-10 06:29:06Z INFO HostContext] Well known directory 'Bin': 'C:\Users\Bhuwan\Desktop\New folder\actions-runner\bin'
[2026-09-10 06:29:06Z INFO HostContext] Well known directory 'Root': 'C:\Users\Bhuwan\Desktop\New folder\actions-runner'
[2026-09-10 06:29:06Z INFO HostContext] Well known directory 'Work': 'C:\Users\Bhuwan\Desktop\New folder\actions-runner\_work'
[2026-09-10 06:29:06Z INFO HostContext] Well known directory 'Actions': 'C:\Users\Bhuwan\Desktop\New folder\actions-runner\_work\_actions'
[2026-09-10 06:29:09Z INFO ResultServer] Successfully started websocket client.
[2026-09-10 06:29:09Z INFO JobServerQueue] Try to append 1 batches web console lines for record '2013108c-d6f2-47bb-8343-728777bfffac', success rate: 1/1.
[2026-09-10 06:29:09Z INFO JobServerQueue] Job timeline record has been updated for the first time.
[2026-09-10 06:29:11Z INFO Worker] Listening for cancel message from the channel.
[2026-09-10 06:29:11Z INFO Worker] Waiting for the job to complete or for a cancel message from the channel.
[2026-09-10 06:29:11Z INFO JobServerQueue] Try to append 1 batches web console lines for record '2013108c-d6f2-47bb-8343-728777bfffac', success rate: 1/1.
[2026-09-10 06:29:12Z INFO HostContext] Well known directory 'Bin': 'C:\Users\Bhuwan\Desktop\New folder\actions-runner\bin'
[2026-09-10 06:29:12Z INFO HostContext] Well known directory 'Root': 'C:\Users\Bhuwan\Desktop\New folder\actions-runner'
[2026-09-10 06:29:12Z INFO HostContext] Well known directory 'Work': 'C:\Users\Bhuwan\Desktop\New folder\actions-runner\_work'
[2026-09-10 06:29:12Z INFO HostContext] Well known directory 'Actions': 'C:\Users\Bhuwan\Desktop\New folder\actions-runner\_work\_actions'
[2026-09-10 06:29:12Z INFO HostContext] Well known directory 'Bin': 'C:\Users\Bhuwan\Desktop\New folder\actions-runner\bin'
[2026-09-10 06:29:12Z INFO HostContext] Well known directory 'Root': 'C:\Users\Bhuwan\Desktop\New folder\actions-runner'
[2026-09-10 06:29:12Z INFO HostContext] Well known directory 'Work': 'C:\Users\Bhuwan\Desktop\New folder\actions-runner\_work'
[2026-09-10 06:29:12Z INFO HostContext] Well known directory 'Actions': 'C:\Users\Bhuwan\Desktop\New folder\actions-runner\_work\_actions'
[2026-09-10 06:29:12Z INFO ActionManager] Save archive 'https://codeload.github.com/actions/checkout/zip/d23441a48e516b6c34aea4fa41551a30e30af803' into C:\Users\Bhuwan\Desktop\New folder\actions-runner\_work\_actions\_temp_4702e5b9-a8be-4281-8395-764f1cf969a8\b388593e-26fd-4065-9eaf-22967e3fce7d.zip.
[2026-09-10 06:29:12Z INFO ActionManager] Using Basic token for action archive download.
[2026-09-10 06:29:12Z INFO JobServerQueue] Try to append 1 batches web console lines for record '2013108c-d6f2-47bb-8343-728777bfffac', success rate: 1/1.
[2026-09-10 06:29:14Z INFO ActionManager] Request URL: https://codeload.github.com/actions/checkout/zip/d23441a48e516b6c34aea4fa41551a30e30af803 X-GitHub-Request-Id: FBFD:3796D0:EBBA8:25BC8A:6AA24E3A Http Status: OK
[2026-09-10 06:29:24Z INFO ActionManager] Finished getting action repository.
[2026-09-10 06:29:24Z INFO HostContext] Well known directory 'Bin': 'C:\Users\Bhuwan\Desktop\New folder\actions-runner\bin'
[2026-09-10 06:29:24Z INFO HostContext] Well known directory 'Root': 'C:\Users\Bhuwan\Desktop\New folder\actions-runner'
[2026-09-10 06:29:24Z INFO HostContext] Well known directory 'Work': 'C:\Users\Bhuwan\Desktop\New folder\actions-runner\_work'
[2026-09-10 06:29:24Z INFO HostContext] Well known directory 'Actions': 'C:\Users\Bhuwan\Desktop\New folder\actions-runner\_work\_actions'
[2026-09-10 06:29:24Z INFO HostContext] Well known directory 'Bin': 'C:\Users\Bhuwan\Desktop\New folder\actions-runner\bin'
[2026-09-10 06:29:24Z INFO HostContext] Well known directory 'Root': 'C:\Users\Bhuwan\Desktop\New folder\actions-runner'
[2026-09-10 06:29:24Z INFO HostContext] Well known directory 'Work': 'C:\Users\Bhuwan\Desktop\New folder\actions-runner\_work'
[2026-09-10 06:29:24Z INFO HostContext] Well known directory 'Actions': 'C:\Users\Bhuwan\Desktop\New folder\actions-runner\_work\_actions'
[2026-09-10 06:29:24Z INFO ActionManager] Save archive 'https://codeload.github.com/actions/setup-java/zip/b6effb05e454b25005698d916606bdc6ffcbf961' into C:\Users\Bhuwan\Desktop\New folder\actions-runner\_work\_actions\_temp_b37b6bc7-a137-428d-8fe8-aef038da1a2e\1fcb704a-83ab-4433-af73-58b8546bab76.zip.
[2026-09-10 06:29:24Z INFO ActionManager] Using Basic token for action archive download.
[2026-09-10 06:29:24Z INFO JobServerQueue] Try to append 1 batches web console lines for record '2013108c-d6f2-47bb-8343-728777bfffac', success rate: 1/1.
[2026-09-10 06:29:32Z INFO ActionManager] Request URL: https://codeload.github.com/actions/setup-java/zip/b6effb05e454b25005698d916606bdc6ffcbf961 X-GitHub-Request-Id: 7D8E:1A974:EA269:25A917:6AA24E45 Http Status: OK
[2026-09-10 06:29:33Z INFO ActionManager] Finished getting action repository.
[2026-09-10 06:29:34Z INFO HostContext] Well known directory 'Bin': 'C:\Users\Bhuwan\Desktop\New folder\actions-runner\bin'
[2026-09-10 06:29:34Z INFO HostContext] Well known directory 'Root': 'C:\Users\Bhuwan\Desktop\New folder\actions-runner'
[2026-09-10 06:29:34Z INFO HostContext] Well known directory 'Work': 'C:\Users\Bhuwan\Desktop\New folder\actions-runner\_work'
[2026-09-10 06:29:34Z INFO HostContext] Well known directory 'Actions': 'C:\Users\Bhuwan\Desktop\New folder\actions-runner\_work\_actions'
[2026-09-10 06:29:34Z INFO ActionManifestManagerLegacy] Load schema file with definitions: [
  "null",
  "boolean",
  "number",
  "string",
  "sequence",
  "mapping",
  "any",
  "action-root",
  "inputs",
  "input",
  "outputs",
  "output-definition",
  "runs",
  "container-runs",
  "container-runs-args",
  "container-runs-env",
  "node-runs",
  "plugin-runs",
  "composite-runs",
  "composite-steps",
  "composite-step",
  "run-step",
  "uses-step",
  "container-runs-context",
  "output-value",
  "input-default-context",
  "non-empty-string",
  "string-steps-context",
  "boolean-steps-context",
  "step-env",
  "step-if",
  "step-with"
]
[2026-09-10 06:29:34Z INFO ActionManifestManager] Load schema file with definitions: [
  "null",
  "boolean",
  "number",
  "string",
  "sequence",
  "mapping",
  "any",
  "action-root",
  "inputs",
  "input",
  "outputs",
  "output-definition",
  "runs",
  "container-runs",
  "container-runs-args",
  "container-runs-env",
  "node-runs",
  "plugin-runs",
  "composite-runs",
  "composite-steps",
  "composite-step",
  "run-step",
  "uses-step",
  "container-runs-context",
  "output-value",
  "input-default-context",
  "non-empty-string",
  "string-steps-context",
  "boolean-steps-context",
  "step-env",
  "step-if",
  "step-with"
]
[2026-09-10 06:29:34Z INFO HostContext] Well known directory 'Bin': 'C:\Users\Bhuwan\Desktop\New folder\actions-runner\bin'
[2026-09-10 06:29:34Z INFO HostContext] Well known directory 'Root': 'C:\Users\Bhuwan\Desktop\New folder\actions-runner'
[2026-09-10 06:29:34Z INFO HostContext] Well known directory 'Work': 'C:\Users\Bhuwan\Desktop\New folder\actions-runner\_work'
[2026-09-10 06:29:34Z INFO HostContext] Well known directory 'Actions': 'C:\Users\Bhuwan\Desktop\New folder\actions-runner\_work\_actions'
[2026-09-10 06:29:35Z INFO ActionManifestManagerLegacy] Loaded action.yml file: {
  "name": "Checkout",
  "description": "Checkout a Git repository at a particular version",
  "inputs": {
    "type": 2,
    "map": [
      {
        "key": {
          "type": 0,
          "file": 2,
          "line": 4,
          "col": 3,
          "lit": "repository"
        },
        "value": {
          "type": 3,
          "file": 2,
          "line": 6,
          "col": 14,
          "expr": "github.repository"
        }
      },
      {
        "key": {
          "type": 0,
          "file": 2,
          "line": 7,
          "col": 3,
          "lit": "ref"
        },
        "value": ""
      },
      {
        "key": {
          "type": 0,
          "file": 2,
          "line": 12,
          "col": 3,
          "lit": "token"
        },
        "value": {
          "type": 3,
          "file": 2,
          "line": 24,
          "col": 14,
          "expr": "github.token"
        }
      },
      {
        "key": {
          "type": 0,
          "file": 2,
          "line": 25,
          "col": 3,
          "lit": "ssh-key"
        },
        "value": ""
      },
      {
        "key": {
          "type": 0,
          "file": 2,
          "line": 37,
          "col": 3,
          "lit": "ssh-known-hosts"
        },
        "value": ""
      },
      {
        "key": {
          "type": 0,
          "file": 2,
          "line": 42,
          "col": 3,
          "lit": "ssh-strict"
        },
        "value": {
          "type": 0,
          "file": 2,
          "line": 47,
          "col": 14,
          "lit": "true"
        }
      },
      {
        "key": {
          "type": 0,
          "file": 2,
          "line": 48,
          "col": 3,
          "lit": "ssh-user"
        },
        "value": {
          "type": 0,
          "file": 2,
          "line": 51,
          "col": 14,
          "lit": "git"
        }
      },
      {
        "key": {
          "type": 0,
          "file": 2,
          "line": 52,
          "col": 3,
          "lit": "persist-credentials"
        },
        "value": {
          "type": 0,
          "file": 2,
          "line": 54,
          "col": 14,
          "lit": "true"
        }
      },
      {
        "key": {
          "type": 0,
          "file": 2,
          "line": 55,
          "col": 3,
          "lit": "path"
        },
        "value": ""
      },
      {
        "key": {
          "type": 0,
          "file": 2,
          "line": 57,
          "col": 3,
          "lit": "clean"
        },
        "value": {
          "type": 0,
          "file": 2,
          "line": 59,
          "col": 14,
          "lit": "true"
        }
      },
      {
        "key": {
          "type": 0,
          "file": 2,
          "line": 60,
          "col": 3,
          "lit": "filter"
        },
        "value": {
          "type": 0,
          "file": 2,
          "line": 64,
          "col": 14,
          "lit": ""
        }
      },
      {
        "key": {
          "type": 0,
          "file": 2,
          "line": 65,
          "col": 3,
          "lit": "sparse-checkout"
        },
        "value": {
          "type": 0,
          "file": 2,
          "line": 69,
          "col": 14,
          "lit": ""
        }
      },
      {
        "key": {
          "type": 0,
          "file": 2,
          "line": 70,
          "col": 3,
          "lit": "sparse-checkout-cone-mode"
        },
        "value": {
          "type": 0,
          "file": 2,
          "line": 73,
          "col": 14,
          "lit": "true"
        }
      },
      {
        "key": {
          "type": 0,
          "file": 2,
          "line": 74,
          "col": 3,
          "lit": "fetch-depth"
        },
        "value": {
          "type": 0,
          "file": 2,
          "line": 76,
          "col": 14,
          "lit": "1"
        }
      },
      {
        "key": {
          "type": 0,
          "file": 2,
          "line": 77,
          "col": 3,
          "lit": "fetch-tags"
        },
        "value": {
          "type": 0,
          "file": 2,
          "line": 79,
          "col": 14,
          "lit": "false"
        }
      },
      {
        "key": {
          "type": 0,
          "file": 2,
          "line": 80,
          "col": 3,
          "lit": "show-progress"
        },
        "value": {
          "type": 0,
          "file": 2,
          "line": 82,
          "col": 14,
          "lit": "true"
        }
      },
      {
        "key": {
          "type": 0,
          "file": 2,
          "line": 83,
          "col": 3,
          "lit": "lfs"
        },
        "value": {
          "type": 0,
          "file": 2,
          "line": 85,
          "col": 14,
          "lit": "false"
        }
      },
      {
        "key": {
          "type": 0,
          "file": 2,
          "line": 86,
          "col": 3,
          "lit": "submodules"
        },
        "value": {
          "type": 0,
          "file": 2,
          "line": 94,
          "col": 14,
          "lit": "false"
        }
      },
      {
        "key": {
          "type": 0,
          "file": 2,
          "line": 95,
          "col": 3,
          "lit": "set-safe-directory"
        },
        "value": {
          "type": 0,
          "file": 2,
          "line": 97,
          "col": 14,
          "lit": "true"
        }
      },
      {
        "key": {
          "type": 0,
          "file": 2,
          "line": 98,
          "col": 3,
          "lit": "github-server-url"
        },
        "value": ""
      },
      {
        "key": {
          "type": 0,
          "file": 2,
          "line": 101,
          "col": 3,
          "lit": "allow-unsafe-pr-checkout"
        },
        "value": {
          "type": 0,
          "file": 2,
          "line": 109,
          "col": 14,
          "lit": "false"
        }
      }
    ]
  },
  "execution": {
    "executionType": "nodeJS",
    "hasPre": false,
    "hasPost": true,
    "script": "dist/index.js",
    "pre": null,
    "post": "dist/index.js",
    "nodeVersion": "node24",
    "cleanupCondition": "always()",
    "initCondition": "always()"
  },
  "deprecated": null
}
[2026-09-10 06:29:35Z INFO ActionManager] Action node.js file: dist/index.js, no more preparation.
[2026-09-10 06:29:35Z INFO HostContext] Well known directory 'Bin': 'C:\Users\Bhuwan\Desktop\New folder\actions-runner\bin'
[2026-09-10 06:29:35Z INFO HostContext] Well known directory 'Root': 'C:\Users\Bhuwan\Desktop\New folder\actions-runner'
[2026-09-10 06:29:35Z INFO HostContext] Well known directory 'Work': 'C:\Users\Bhuwan\Desktop\New folder\actions-runner\_work'
[2026-09-10 06:29:35Z INFO HostContext] Well known directory 'Actions': 'C:\Users\Bhuwan\Desktop\New folder\actions-runner\_work\_actions'
[2026-09-10 06:29:35Z INFO ActionManager] Load action that reference repository from 'C:\Users\Bhuwan\Desktop\New folder\actions-runner\_work\_actions\actions\checkout\v6'
[2026-09-10 06:29:35Z INFO HostContext] Well known directory 'Bin': 'C:\Users\Bhuwan\Desktop\New folder\actions-runner\bin'
[2026-09-10 06:29:35Z INFO HostContext] Well known directory 'Root': 'C:\Users\Bhuwan\Desktop\New folder\actions-runner'
[2026-09-10 06:29:35Z INFO HostContext] Well known directory 'Work': 'C:\Users\Bhuwan\Desktop\New folder\actions-runner\_work'
[2026-09-10 06:29:35Z INFO HostContext] Well known directory 'Actions': 'C:\Users\Bhuwan\Desktop\New folder\actions-runner\_work\_actions'
[2026-09-10 06:29:35Z INFO ActionManifestManagerLegacy] Loaded action.yml file: {
  "name": "Checkout",
  "description": "Checkout a Git repository at a particular version",
  "inputs": {
    "type": 2,
    "map": [
      {
        "key": {
          "type": 0,
          "file": 2,
          "line": 4,
          "col": 3,
          "lit": "repository"
        },
        "value": {
          "type": 3,
          "file": 2,
          "line": 6,
          "col": 14,
          "expr": "github.repository"
        }
      },
      {
        "key": {
          "type": 0,
          "file": 2,
          "line": 7,
          "col": 3,
          "lit": "ref"
        },
        "value": ""
      },
      {
        "key": {
          "type": 0,
          "file": 2,
          "line": 12,
          "col": 3,
          "lit": "token"
        },
        "value": {
          "type": 3,
          "file": 2,
          "line": 24,
          "col": 14,
          "expr": "github.token"
        }
      },
      {
        "key": {
          "type": 0,
          "file": 2,
          "line": 25,
          "col": 3,
          "lit": "ssh-key"
        },
        "value": ""
      },
      {
        "key": {
          "type": 0,
          "file": 2,
          "line": 37,
          "col": 3,
          "lit": "ssh-known-hosts"
        },
        "value": ""
      },
      {
        "key": {
          "type": 0,
          "file": 2,
          "line": 42,
          "col": 3,
          "lit": "ssh-strict"
        },
        "value": {
          "type": 0,
          "file": 2,
          "line": 47,
          "col": 14,
          "lit": "true"
        }
      },
      {
        "key": {
          "type": 0,
          "file": 2,
          "line": 48,
          "col": 3,
          "lit": "ssh-user"
        },
        "value": {
          "type": 0,
          "file": 2,
          "line": 51,
          "col": 14,
          "lit": "git"
        }
      },
      {
        "key": {
          "type": 0,
          "file": 2,
          "line": 52,
          "col": 3,
          "lit": "persist-credentials"
        },
        "value": {
          "type": 0,
          "file": 2,
          "line": 54,
          "col": 14,
          "lit": "true"
        }
      },
      {
        "key": {
          "type": 0,
          "file": 2,
          "line": 55,
          "col": 3,
          "lit": "path"
        },
        "value": ""
      },
      {
        "key": {
          "type": 0,
          "file": 2,
          "line": 57,
          "col": 3,
          "lit": "clean"
        },
        "value": {
          "type": 0,
          "file": 2,
          "line": 59,
          "col": 14,
          "lit": "true"
        }
      },
      {
        "key": {
          "type": 0,
          "file": 2,
          "line": 60,
          "col": 3,
          "lit": "filter"
        },
        "value": {
          "type": 0,
          "file": 2,
          "line": 64,
          "col": 14,
          "lit": ""
        }
      },
      {
        "key": {
          "type": 0,
          "file": 2,
          "line": 65,
          "col": 3,
          "lit": "sparse-checkout"
        },
        "value": {
          "type": 0,
          "file": 2,
          "line": 69,
          "col": 14,
          "lit": ""
        }
      },
      {
        "key": {
          "type": 0,
          "file": 2,
          "line": 70,
          "col": 3,
          "lit": "sparse-checkout-cone-mode"
        },
        "value": {
          "type": 0,
          "file": 2,
          "line": 73,
          "col": 14,
          "lit": "true"
        }
      },
      {
        "key": {
          "type": 0,
          "file": 2,
          "line": 74,
          "col": 3,
          "lit": "fetch-depth"
        },
        "value": {
          "type": 0,
          "file": 2,
          "line": 76,
          "col": 14,
          "lit": "1"
        }
      },
      {
        "key": {
          "type": 0,
          "file": 2,
          "line": 77,
          "col": 3,
          "lit": "fetch-tags"
        },
        "value": {
          "type": 0,
          "file": 2,
          "line": 79,
          "col": 14,
          "lit": "false"
        }
      },
      {
        "key": {
          "type": 0,
          "file": 2,
          "line": 80,
          "col": 3,
          "lit": "show-progress"
        },
        "value": {
          "type": 0,
          "file": 2,
          "line": 82,
          "col": 14,
          "lit": "true"
        }
      },
      {
        "key": {
          "type": 0,
          "file": 2,
          "line": 83,
          "col": 3,
          "lit": "lfs"
        },
        "value": {
          "type": 0,
          "file": 2,
          "line": 85,
          "col": 14,
          "lit": "false"
        }
      },
      {
        "key": {
          "type": 0,
          "file": 2,
          "line": 86,
          "col": 3,
          "lit": "submodules"
        },
        "value": {
          "type": 0,
          "file": 2,
          "line": 94,
          "col": 14,
          "lit": "false"
        }
      },
      {
        "key": {
          "type": 0,
          "file": 2,
          "line": 95,
          "col": 3,
          "lit": "set-safe-directory"
        },
        "value": {
          "type": 0,
          "file": 2,
          "line": 97,
          "col": 14,
          "lit": "true"
        }
      },
      {
        "key": {
          "type": 0,
          "file": 2,
          "line": 98,
          "col": 3,
          "lit": "github-server-url"
        },
        "value": ""
      },
      {
        "key": {
          "type": 0,
          "file": 2,
          "line": 101,
          "col": 3,
          "lit": "allow-unsafe-pr-checkout"
        },
        "value": {
          "type": 0,
          "file": 2,
          "line": 109,
          "col": 14,
          "lit": "false"
        }
      }
    ]
  },
  "execution": {
    "executionType": "nodeJS",
    "hasPre": false,
    "hasPost": true,
    "script": "dist/index.js",
    "pre": null,
    "post": "dist/index.js",
    "nodeVersion": "node24",
    "cleanupCondition": "always()",
    "initCondition": "always()"
  },
  "deprecated": null
}
[2026-09-10 06:29:35Z INFO ActionManager] Action pre node.js file: N/A.
[2026-09-10 06:29:35Z INFO ActionManager] Action node.js file: dist/index.js.
[2026-09-10 06:29:35Z INFO ActionManager] Action post node.js file: dist/index.js.
[2026-09-10 06:29:35Z INFO HostContext] Well known directory 'Bin': 'C:\Users\Bhuwan\Desktop\New folder\actions-runner\bin'
[2026-09-10 06:29:35Z INFO HostContext] Well known directory 'Root': 'C:\Users\Bhuwan\Desktop\New folder\actions-runner'
[2026-09-10 06:29:35Z INFO HostContext] Well known directory 'Work': 'C:\Users\Bhuwan\Desktop\New folder\actions-runner\_work'
[2026-09-10 06:29:35Z INFO HostContext] Well known directory 'Actions': 'C:\Users\Bhuwan\Desktop\New folder\actions-runner\_work\_actions'
[2026-09-10 06:29:35Z INFO HostContext] Well known directory 'Bin': 'C:\Users\Bhuwan\Desktop\New folder\actions-runner\bin'
[2026-09-10 06:29:35Z INFO HostContext] Well known directory 'Root': 'C:\Users\Bhuwan\Desktop\New folder\actions-runner'
[2026-09-10 06:29:35Z INFO HostContext] Well known directory 'Work': 'C:\Users\Bhuwan\Desktop\New folder\actions-runner\_work'
[2026-09-10 06:29:35Z INFO HostContext] Well known directory 'Actions': 'C:\Users\Bhuwan\Desktop\New folder\actions-runner\_work\_actions'
[2026-09-10 06:29:35Z INFO ActionManifestManagerLegacy] Ignore action property author.
[2026-09-10 06:29:35Z INFO ActionManifestManagerLegacy] Loaded action.yml file: {
  "name": "Setup Java JDK",
  "description": "Set up a specific version of the Java JDK and add the command-line tools to the PATH",
  "inputs": {
    "type": 2,
    "map": [
      {
        "key": {
          "type": 0,
          "file": 3,
          "line": 6,
          "col": 3,
          "lit": "java-version"
        },
        "value": ""
      },
      {
        "key": {
          "type": 0,
          "file": 3,
          "line": 9,
          "col": 3,
          "lit": "java-version-file"
        },
        "value": ""
      },
      {
        "key": {
          "type": 0,
          "file": 3,
          "line": 12,
          "col": 3,
          "lit": "distribution"
        },
        "value": ""
      },
      {
        "key": {
          "type": 0,
          "file": 3,
          "line": 15,
          "col": 3,
          "lit": "java-package"
        },
        "value": {
          "type": 0,
          "file": 3,
          "line": 18,
          "col": 14,
          "lit": "jdk"
        }
      },
      {
        "key": {
          "type": 0,
          "file": 3,
          "line": 19,
          "col": 3,
          "lit": "architecture"
        },
        "value": ""
      },
      {
        "key": {
          "type": 0,
          "file": 3,
          "line": 22,
          "col": 3,
          "lit": "jdk-file"
        },
        "value": ""
      },
      {
        "key": {
          "type": 0,
          "file": 3,
          "line": 25,
          "col": 3,
          "lit": "jdkFile"
        },
        "value": ""
      },
      {
        "key": {
          "type": 0,
          "file": 3,
          "line": 29,
          "col": 3,
          "lit": "check-latest"
        },
        "value": {
          "type": 0,
          "file": 3,
          "line": 32,
          "col": 14,
          "lit": "false"
        }
      },
      {
        "key": {
          "type": 0,
          "file": 3,
          "line": 33,
          "col": 3,
          "lit": "set-default"
        },
        "value": {
          "type": 0,
          "file": 3,
          "line": 36,
          "col": 14,
          "lit": "true"
        }
      },
      {
        "key": {
          "type": 0,
          "file": 3,
          "line": 37,
          "col": 3,
          "lit": "verify-signature"
        },
        "value": {
          "type": 0,
          "file": 3,
          "line": 40,
          "col": 14,
          "lit": "false"
        }
      },
      {
        "key": {
          "type": 0,
          "file": 3,
          "line": 41,
          "col": 3,
          "lit": "verify-signature-public-key"
        },
        "value": ""
      },
      {
        "key": {
          "type": 0,
          "file": 3,
          "line": 44,
          "col": 3,
          "lit": "server-id"
        },
        "value": {
          "type": 0,
          "file": 3,
          "line": 48,
          "col": 14,
          "lit": "github"
        }
      },
      {
        "key": {
          "type": 0,
          "file": 3,
          "line": 49,
          "col": 3,
          "lit": "server-username"
        },
        "value": {
          "type": 0,
          "file": 3,
          "line": 53,
          "col": 14,
          "lit": "GITHUB_ACTOR"
        }
      },
      {
        "key": {
          "type": 0,
          "file": 3,
          "line": 54,
          "col": 3,
          "lit": "server-password"
        },
        "value": {
          "type": 0,
          "file": 3,
          "line": 58,
          "col": 14,
          "lit": "GITHUB_TOKEN"
        }
      },
      {
        "key": {
          "type": 0,
          "file": 3,
          "line": 59,
          "col": 3,
          "lit": "settings-path"
        },
        "value": ""
      },
      {
        "key": {
          "type": 0,
          "file": 3,
          "line": 62,
          "col": 3,
          "lit": "overwrite-settings"
        },
        "value": {
          "type": 0,
          "file": 3,
          "line": 65,
          "col": 14,
          "lit": "true"
        }
      },
      {
        "key": {
          "type": 0,
          "file": 3,
          "line": 66,
          "col": 3,
          "lit": "gpg-private-key"
        },
        "value": {
          "type": 0,
          "file": 3,
          "line": 69,
          "col": 14,
          "lit": ""
        }
      },
      {
        "key": {
          "type": 0,
          "file": 3,
          "line": 70,
          "col": 3,
          "lit": "gpg-passphrase"
        },
        "value": ""
      },
      {
        "key": {
          "type": 0,
          "file": 3,
          "line": 73,
          "col": 3,
          "lit": "cache"
        },
        "value": ""
      },
      {
        "key": {
          "type": 0,
          "file": 3,
          "line": 76,
          "col": 3,
          "lit": "cache-dependency-path"
        },
        "value": ""
      },
      {
        "key": {
          "type": 0,
          "file": 3,
          "line": 79,
          "col": 3,
          "lit": "job-status"
        },
        "value": {
          "type": 3,
          "file": 3,
          "line": 82,
          "col": 14,
          "expr": "job.status"
        }
      },
      {
        "key": {
          "type": 0,
          "file": 3,
          "line": 83,
          "col": 3,
          "lit": "token"
        },
        "value": {
          "type": 3,
          "file": 3,
          "line": 86,
          "col": 14,
          "expr": "github.server_url == 'https://github.com' && github.token || ''"
        }
      },
      {
        "key": {
          "type": 0,
          "file": 3,
          "line": 87,
          "col": 3,
          "lit": "mvn-toolchain-id"
        },
        "value": ""
      },
      {
        "key": {
          "type": 0,
          "file": 3,
          "line": 90,
          "col": 3,
          "lit": "mvn-toolchain-vendor"
        },
        "value": ""
      },
      {
        "key": {
          "type": 0,
          "file": 3,
          "line": 93,
          "col": 3,
          "lit": "show-download-progress"
        },
        "value": {
          "type": 0,
          "file": 3,
          "line": 96,
          "col": 14,
          "lit": "false"
        }
      }
    ]
  },
  "execution": {
    "executionType": "nodeJS",
    "hasPre": false,
    "hasPost": true,
    "script": "dist/setup/index.js",
    "pre": null,
    "post": "dist/cleanup/index.js",
    "nodeVersion": "node24",
    "cleanupCondition": "always()",
    "initCondition": "always()"
  },
  "deprecated": {
    "jdkFile": "The `jdkFile` input is deprecated. Use `jdk-file` instead."
  }
}
[2026-09-10 06:29:35Z INFO ActionManager] Action node.js file: dist/setup/index.js, no more preparation.
[2026-09-10 06:29:35Z INFO HostContext] Well known directory 'Bin': 'C:\Users\Bhuwan\Desktop\New folder\actions-runner\bin'
[2026-09-10 06:29:35Z INFO HostContext] Well known directory 'Root': 'C:\Users\Bhuwan\Desktop\New folder\actions-runner'
[2026-09-10 06:29:35Z INFO HostContext] Well known directory 'Work': 'C:\Users\Bhuwan\Desktop\New folder\actions-runner\_work'
[2026-09-10 06:29:35Z INFO HostContext] Well known directory 'Actions': 'C:\Users\Bhuwan\Desktop\New folder\actions-runner\_work\_actions'
[2026-09-10 06:29:35Z INFO ActionManager] Load action that reference repository from 'C:\Users\Bhuwan\Desktop\New folder\actions-runner\_work\_actions\actions\setup-java\v5'
[2026-09-10 06:29:35Z INFO HostContext] Well known directory 'Bin': 'C:\Users\Bhuwan\Desktop\New folder\actions-runner\bin'
[2026-09-10 06:29:35Z INFO HostContext] Well known directory 'Root': 'C:\Users\Bhuwan\Desktop\New folder\actions-runner'
[2026-09-10 06:29:35Z INFO HostContext] Well known directory 'Work': 'C:\Users\Bhuwan\Desktop\New folder\actions-runner\_work'
[2026-09-10 06:29:35Z INFO HostContext] Well known directory 'Actions': 'C:\Users\Bhuwan\Desktop\New folder\actions-runner\_work\_actions'
[2026-09-10 06:29:35Z INFO ActionManifestManagerLegacy] Ignore action property author.
[2026-09-10 06:29:35Z INFO ActionManifestManagerLegacy] Loaded action.yml file: {
  "name": "Setup Java JDK",
  "description": "Set up a specific version of the Java JDK and add the command-line tools to the PATH",
  "inputs": {
    "type": 2,
    "map": [
      {
        "key": {
          "type": 0,
          "file": 3,
          "line": 6,
          "col": 3,
          "lit": "java-version"
        },
        "value": ""
      },
      {
        "key": {
          "type": 0,
          "file": 3,
          "line": 9,
          "col": 3,
          "lit": "java-version-file"
        },
        "value": ""
      },
      {
        "key": {
          "type": 0,
          "file": 3,
          "line": 12,
          "col": 3,
          "lit": "distribution"
        },
        "value": ""
      },
      {
        "key": {
          "type": 0,
          "file": 3,
          "line": 15,
          "col": 3,
          "lit": "java-package"
        },
        "value": {
          "type": 0,
          "file": 3,
          "line": 18,
          "col": 14,
          "lit": "jdk"
        }
      },
      {
        "key": {
          "type": 0,
          "file": 3,
          "line": 19,
          "col": 3,
          "lit": "architecture"
        },
        "value": ""
      },
      {
        "key": {
          "type": 0,
          "file": 3,
          "line": 22,
          "col": 3,
          "lit": "jdk-file"
        },
        "value": ""
      },
      {
        "key": {
          "type": 0,
          "file": 3,
          "line": 25,
          "col": 3,
          "lit": "jdkFile"
        },
        "value": ""
      },
      {
        "key": {
          "type": 0,
          "file": 3,
          "line": 29,
          "col": 3,
          "lit": "check-latest"
        },
        "value": {
          "type": 0,
          "file": 3,
          "line": 32,
          "col": 14,
          "lit": "false"
        }
      },
      {
        "key": {
          "type": 0,
          "file": 3,
          "line": 33,
          "col": 3,
          "lit": "set-default"
        },
        "value": {
          "type": 0,
          "file": 3,
          "line": 36,
          "col": 14,
          "lit": "true"
        }
      },
      {
        "key": {
          "type": 0,
          "file": 3,
          "line": 37,
          "col": 3,
          "lit": "verify-signature"
        },
        "value": {
          "type": 0,
          "file": 3,
          "line": 40,
          "col": 14,
          "lit": "false"
        }
      },
      {
        "key": {
          "type": 0,
          "file": 3,
          "line": 41,
          "col": 3,
          "lit": "verify-signature-public-key"
        },
        "value": ""
      },
      {
        "key": {
          "type": 0,
          "file": 3,
          "line": 44,
          "col": 3,
          "lit": "server-id"
        },
        "value": {
          "type": 0,
          "file": 3,
          "line": 48,
          "col": 14,
          "lit": "github"
        }
      },
      {
        "key": {
          "type": 0,
          "file": 3,
          "line": 49,
          "col": 3,
          "lit": "server-username"
        },
        "value": {
          "type": 0,
          "file": 3,
          "line": 53,
          "col": 14,
          "lit": "GITHUB_ACTOR"
        }
      },
      {
        "key": {
          "type": 0,
          "file": 3,
          "line": 54,
          "col": 3,
          "lit": "server-password"
        },
        "value": {
          "type": 0,
          "file": 3,
          "line": 58,
          "col": 14,
          "lit": "GITHUB_TOKEN"
        }
      },
      {
        "key": {
          "type": 0,
          "file": 3,
          "line": 59,
          "col": 3,
          "lit": "settings-path"
        },
        "value": ""
      },
      {
        "key": {
          "type": 0,
          "file": 3,
          "line": 62,
          "col": 3,
          "lit": "overwrite-settings"
        },
        "value": {
          "type": 0,
          "file": 3,
          "line": 65,
          "col": 14,
          "lit": "true"
        }
      },
      {
        "key": {
          "type": 0,
          "file": 3,
          "line": 66,
          "col": 3,
          "lit": "gpg-private-key"
        },
        "value": {
          "type": 0,
          "file": 3,
          "line": 69,
          "col": 14,
          "lit": ""
        }
      },
      {
        "key": {
          "type": 0,
          "file": 3,
          "line": 70,
          "col": 3,
          "lit": "gpg-passphrase"
        },
        "value": ""
      },
      {
        "key": {
          "type": 0,
          "file": 3,
          "line": 73,
          "col": 3,
          "lit": "cache"
        },
        "value": ""
      },
      {
        "key": {
          "type": 0,
          "file": 3,
          "line": 76,
          "col": 3,
          "lit": "cache-dependency-path"
        },
        "value": ""
      },
      {
        "key": {
          "type": 0,
          "file": 3,
          "line": 79,
          "col": 3,
          "lit": "job-status"
        },
        "value": {
          "type": 3,
          "file": 3,
          "line": 82,
          "col": 14,
          "expr": "job.status"
        }
      },
      {
        "key": {
          "type": 0,
          "file": 3,
          "line": 83,
          "col": 3,
          "lit": "token"
        },
        "value": {
          "type": 3,
          "file": 3,
          "line": 86,
          "col": 14,
          "expr": "github.server_url == 'https://github.com' && github.token || ''"
        }
      },
      {
        "key": {
          "type": 0,
          "file": 3,
          "line": 87,
          "col": 3,
          "lit": "mvn-toolchain-id"
        },
        "value": ""
      },
      {
        "key": {
          "type": 0,
          "file": 3,
          "line": 90,
          "col": 3,
          "lit": "mvn-toolchain-vendor"
        },
        "value": ""
      },
      {
        "key": {
          "type": 0,
          "file": 3,
          "line": 93,
          "col": 3,
          "lit": "show-download-progress"
        },
        "value": {
          "type": 0,
          "file": 3,
          "line": 96,
          "col": 14,
          "lit": "false"
        }
      }
    ]
  },
  "execution": {
    "executionType": "nodeJS",
    "hasPre": false,
    "hasPost": true,
    "script": "dist/setup/index.js",
    "pre": null,
    "post": "dist/cleanup/index.js",
    "nodeVersion": "node24",
    "cleanupCondition": "always()",
    "initCondition": "always()"
  },
  "deprecated": {
    "jdkFile": "The `jdkFile` input is deprecated. Use `jdk-file` instead."
  }
}
[2026-09-10 06:29:35Z INFO ActionManager] Action pre node.js file: N/A.
[2026-09-10 06:29:35Z INFO ActionManager] Action node.js file: dist/setup/index.js.
[2026-09-10 06:29:35Z INFO ActionManager] Action post node.js file: dist/cleanup/index.js.
[2026-09-10 06:29:35Z INFO JobExtension] Adding .
[2026-09-10 06:29:35Z INFO JobExtension] Adding .
[2026-09-10 06:29:35Z INFO JobExtension] Adding .
[2026-09-10 06:29:35Z INFO JobExtension] Adding .
[2026-09-10 06:29:35Z INFO JobExtension] Adding .
[2026-09-10 06:29:35Z INFO HostContext] Well known directory 'Bin': 'C:\Users\Bhuwan\Desktop\New folder\actions-runner\bin'
[2026-09-10 06:29:35Z INFO HostContext] Well known directory 'Root': 'C:\Users\Bhuwan\Desktop\New folder\actions-runner'
[2026-09-10 06:29:35Z INFO HostContext] Well known directory 'Diag': 'C:\Users\Bhuwan\Desktop\New folder\actions-runner\_diag'
[2026-09-10 06:29:35Z INFO HostContext] Well known directory 'Bin': 'C:\Users\Bhuwan\Desktop\New folder\actions-runner\bin'
[2026-09-10 06:29:35Z INFO HostContext] Well known directory 'Root': 'C:\Users\Bhuwan\Desktop\New folder\actions-runner'
[2026-09-10 06:29:35Z INFO HostContext] Well known directory 'Diag': 'C:\Users\Bhuwan\Desktop\New folder\actions-runner\_diag'
[2026-09-10 06:29:35Z INFO HostContext] Well known directory 'Bin': 'C:\Users\Bhuwan\Desktop\New folder\actions-runner\bin'
[2026-09-10 06:29:35Z INFO HostContext] Well known directory 'Root': 'C:\Users\Bhuwan\Desktop\New folder\actions-runner'
[2026-09-10 06:29:35Z INFO HostContext] Well known directory 'Diag': 'C:\Users\Bhuwan\Desktop\New folder\actions-runner\_diag'
[2026-09-10 06:29:35Z INFO HostContext] Well known directory 'Bin': 'C:\Users\Bhuwan\Desktop\New folder\actions-runner\bin'
[2026-09-10 06:29:35Z INFO HostContext] Well known directory 'Root': 'C:\Users\Bhuwan\Desktop\New folder\actions-runner'
[2026-09-10 06:29:35Z INFO HostContext] Well known directory 'Diag': 'C:\Users\Bhuwan\Desktop\New folder\actions-runner\_diag'
[2026-09-10 06:29:35Z INFO HostContext] Well known directory 'Bin': 'C:\Users\Bhuwan\Desktop\New folder\actions-runner\bin'
[2026-09-10 06:29:35Z INFO HostContext] Well known directory 'Root': 'C:\Users\Bhuwan\Desktop\New folder\actions-runner'
[2026-09-10 06:29:35Z INFO HostContext] Well known directory 'Diag': 'C:\Users\Bhuwan\Desktop\New folder\actions-runner\_diag'
[2026-09-10 06:29:35Z INFO HostContext] Well known directory 'Bin': 'C:\Users\Bhuwan\Desktop\New folder\actions-runner\bin'
[2026-09-10 06:29:35Z INFO HostContext] Well known directory 'Root': 'C:\Users\Bhuwan\Desktop\New folder\actions-runner'
[2026-09-10 06:29:35Z INFO HostContext] Well known directory 'Diag': 'C:\Users\Bhuwan\Desktop\New folder\actions-runner\_diag'
[2026-09-10 06:29:35Z INFO HostContext] Well known directory 'Bin': 'C:\Users\Bhuwan\Desktop\New folder\actions-runner\bin'
[2026-09-10 06:29:35Z INFO HostContext] Well known directory 'Root': 'C:\Users\Bhuwan\Desktop\New folder\actions-runner'
[2026-09-10 06:29:35Z INFO HostContext] Well known directory 'Diag': 'C:\Users\Bhuwan\Desktop\New folder\actions-runner\_diag'
[2026-09-10 06:29:35Z INFO HostContext] Well known directory 'Bin': 'C:\Users\Bhuwan\Desktop\New folder\actions-runner\bin'
[2026-09-10 06:29:35Z INFO HostContext] Well known directory 'Root': 'C:\Users\Bhuwan\Desktop\New folder\actions-runner'
[2026-09-10 06:29:35Z INFO HostContext] Well known directory 'Diag': 'C:\Users\Bhuwan\Desktop\New folder\actions-runner\_diag'
[2026-09-10 06:29:35Z INFO HostContext] Well known directory 'Bin': 'C:\Users\Bhuwan\Desktop\New folder\actions-runner\bin'
[2026-09-10 06:29:35Z INFO HostContext] Well known directory 'Root': 'C:\Users\Bhuwan\Desktop\New folder\actions-runner'
[2026-09-10 06:29:35Z INFO HostContext] Well known directory 'Diag': 'C:\Users\Bhuwan\Desktop\New folder\actions-runner\_diag'
[2026-09-10 06:29:35Z INFO HostContext] Well known directory 'Bin': 'C:\Users\Bhuwan\Desktop\New folder\actions-runner\bin'
[2026-09-10 06:29:35Z INFO HostContext] Well known directory 'Root': 'C:\Users\Bhuwan\Desktop\New folder\actions-runner'
[2026-09-10 06:29:35Z INFO HostContext] Well known directory 'Diag': 'C:\Users\Bhuwan\Desktop\New folder\actions-runner\_diag'
[2026-09-10 06:29:35Z INFO JobExtension] Total accessible running process: 290.
[2026-09-10 06:29:35Z INFO HostContext] Well known directory 'Bin': 'C:\Users\Bhuwan\Desktop\New folder\actions-runner\bin'
[2026-09-10 06:29:35Z INFO HostContext] Well known directory 'Root': 'C:\Users\Bhuwan\Desktop\New folder\actions-runner'
[2026-09-10 06:29:35Z INFO HostContext] Well known directory 'Work': 'C:\Users\Bhuwan\Desktop\New folder\actions-runner\_work'
[2026-09-10 06:29:35Z INFO JobExtension] Start checking server connectivity.
[2026-09-10 06:29:35Z INFO JobExtension] Check server connectivity for https://broker.actions.githubusercontent.com/health.
[2026-09-10 06:29:35Z INFO JobExtension] Check server connectivity for https://token.actions.githubusercontent.com/ready.
[2026-09-10 06:29:35Z INFO JobExtension] Check server connectivity for https://run.actions.githubusercontent.com/health.
[2026-09-10 06:29:35Z INFO JobExtension] Start checking service connectivity in background.
[2026-09-10 06:29:35Z INFO ExecutionContext] Publish step telemetry for current step {
  "action": "setup_job",
  "type": "runner",
  "stage": "Pre",
  "stepId": "2013108c-d6f2-47bb-8343-728777bfffac",
  "result": "succeeded",
  "errorMessages": [],
  "executionTimeInSeconds": 29,
  "startTime": "2026-09-10T06:29:06.6150984Z",
  "finishTime": "2026-09-10T06:29:35.1868316Z"
}.
[2026-09-10 06:29:35Z INFO JobRunner] Total job steps: 5.
[2026-09-10 06:29:35Z INFO JobRunner] Run all job steps.
[2026-09-10 06:29:35Z INFO DapDebugger] DapDebugger initialized
[2026-09-10 06:29:35Z INFO StepsRunner] Processing step: DisplayName='Checkout code'
[2026-09-10 06:29:35Z INFO StepsRunner] Evaluating: success()
[2026-09-10 06:29:35Z INFO StepsRunner] Result: true
[2026-09-10 06:29:35Z INFO StepsRunner] Starting the step.
[2026-09-10 06:29:35Z INFO HostContext] Well known directory 'Bin': 'C:\Users\Bhuwan\Desktop\New folder\actions-runner\bin'
[2026-09-10 06:29:35Z INFO HostContext] Well known directory 'Root': 'C:\Users\Bhuwan\Desktop\New folder\actions-runner'
[2026-09-10 06:29:35Z INFO HostContext] Well known directory 'Work': 'C:\Users\Bhuwan\Desktop\New folder\actions-runner\_work'
[2026-09-10 06:29:35Z INFO StepsRunner] Which2: 'chcp'
[2026-09-10 06:29:35Z INFO StepsRunner] chcp: command not found. Make sure 'chcp' is installed and its location included in the 'Path' environment variable.
[2026-09-10 06:29:35Z WARN StepsRunner] 'chcp 65001' failed with exception chcp: command not found
[2026-09-10 06:29:35Z INFO HostContext] Well known directory 'Bin': 'C:\Users\Bhuwan\Desktop\New folder\actions-runner\bin'
[2026-09-10 06:29:35Z INFO HostContext] Well known directory 'Root': 'C:\Users\Bhuwan\Desktop\New folder\actions-runner'
[2026-09-10 06:29:35Z INFO HostContext] Well known directory 'Work': 'C:\Users\Bhuwan\Desktop\New folder\actions-runner\_work'
[2026-09-10 06:29:35Z INFO HostContext] Well known directory 'Actions': 'C:\Users\Bhuwan\Desktop\New folder\actions-runner\_work\_actions'
[2026-09-10 06:29:35Z INFO ActionManager] Load action that reference repository from 'C:\Users\Bhuwan\Desktop\New folder\actions-runner\_work\_actions\actions\checkout\v6'
[2026-09-10 06:29:35Z INFO HostContext] Well known directory 'Bin': 'C:\Users\Bhuwan\Desktop\New folder\actions-runner\bin'
[2026-09-10 06:29:35Z INFO HostContext] Well known directory 'Root': 'C:\Users\Bhuwan\Desktop\New folder\actions-runner'
[2026-09-10 06:29:35Z INFO HostContext] Well known directory 'Work': 'C:\Users\Bhuwan\Desktop\New folder\actions-runner\_work'
[2026-09-10 06:29:35Z INFO HostContext] Well known directory 'Actions': 'C:\Users\Bhuwan\Desktop\New folder\actions-runner\_work\_actions'
[2026-09-10 06:29:35Z INFO ActionManifestManagerLegacy] Loaded action.yml file: {
  "name": "Checkout",
  "description": "Checkout a Git repository at a particular version",
  "inputs": {
    "type": 2,
    "map": [
      {
        "key": {
          "type": 0,
          "file": 2,
          "line": 4,
          "col": 3,
          "lit": "repository"
        },
        "value": {
          "type": 3,
          "file": 2,
          "line": 6,
          "col": 14,
          "expr": "github.repository"
        }
      },
      {
        "key": {
          "type": 0,
          "file": 2,
          "line": 7,
          "col": 3,
          "lit": "ref"
        },
        "value": ""
      },
      {
        "key": {
          "type": 0,
          "file": 2,
          "line": 12,
          "col": 3,
          "lit": "token"
        },
        "value": {
          "type": 3,
          "file": 2,
          "line": 24,
          "col": 14,
          "expr": "github.token"
        }
      },
      {
        "key": {
          "type": 0,
          "file": 2,
          "line": 25,
          "col": 3,
          "lit": "ssh-key"
        },
        "value": ""
      },
      {
        "key": {
          "type": 0,
          "file": 2,
          "line": 37,
          "col": 3,
          "lit": "ssh-known-hosts"
        },
        "value": ""
      },
      {
        "key": {
          "type": 0,
          "file": 2,
          "line": 42,
          "col": 3,
          "lit": "ssh-strict"
        },
        "value": {
          "type": 0,
          "file": 2,
          "line": 47,
          "col": 14,
          "lit": "true"
        }
      },
      {
        "key": {
          "type": 0,
          "file": 2,
          "line": 48,
          "col": 3,
          "lit": "ssh-user"
        },
        "value": {
          "type": 0,
          "file": 2,
          "line": 51,
          "col": 14,
          "lit": "git"
        }
      },
      {
        "key": {
          "type": 0,
          "file": 2,
          "line": 52,
          "col": 3,
          "lit": "persist-credentials"
        },
        "value": {
          "type": 0,
          "file": 2,
          "line": 54,
          "col": 14,
          "lit": "true"
        }
      },
      {
        "key": {
          "type": 0,
          "file": 2,
          "line": 55,
          "col": 3,
          "lit": "path"
        },
        "value": ""
      },
      {
        "key": {
          "type": 0,
          "file": 2,
          "line": 57,
          "col": 3,
          "lit": "clean"
        },
        "value": {
          "type": 0,
          "file": 2,
          "line": 59,
          "col": 14,
          "lit": "true"
        }
      },
      {
        "key": {
          "type": 0,
          "file": 2,
          "line": 60,
          "col": 3,
          "lit": "filter"
        },
        "value": {
          "type": 0,
          "file": 2,
          "line": 64,
          "col": 14,
          "lit": ""
        }
      },
      {
        "key": {
          "type": 0,
          "file": 2,
          "line": 65,
          "col": 3,
          "lit": "sparse-checkout"
        },
        "value": {
          "type": 0,
          "file": 2,
          "line": 69,
          "col": 14,
          "lit": ""
        }
      },
      {
        "key": {
          "type": 0,
          "file": 2,
          "line": 70,
          "col": 3,
          "lit": "sparse-checkout-cone-mode"
        },
        "value": {
          "type": 0,
          "file": 2,
          "line": 73,
          "col": 14,
          "lit": "true"
        }
      },
      {
        "key": {
          "type": 0,
          "file": 2,
          "line": 74,
          "col": 3,
          "lit": "fetch-depth"
        },
        "value": {
          "type": 0,
          "file": 2,
          "line": 76,
          "col": 14,
          "lit": "1"
        }
      },
      {
        "key": {
          "type": 0,
          "file": 2,
          "line": 77,
          "col": 3,
          "lit": "fetch-tags"
        },
        "value": {
          "type": 0,
          "file": 2,
          "line": 79,
          "col": 14,
          "lit": "false"
        }
      },
      {
        "key": {
          "type": 0,
          "file": 2,
          "line": 80,
          "col": 3,
          "lit": "show-progress"
        },
        "value": {
          "type": 0,
          "file": 2,
          "line": 82,
          "col": 14,
          "lit": "true"
        }
      },
      {
        "key": {
          "type": 0,
          "file": 2,
          "line": 83,
          "col": 3,
          "lit": "lfs"
        },
        "value": {
          "type": 0,
          "file": 2,
          "line": 85,
          "col": 14,
          "lit": "false"
        }
      },
      {
        "key": {
          "type": 0,
          "file": 2,
          "line": 86,
          "col": 3,
          "lit": "submodules"
        },
        "value": {
          "type": 0,
          "file": 2,
          "line": 94,
          "col": 14,
          "lit": "false"
        }
      },
      {
        "key": {
          "type": 0,
          "file": 2,
          "line": 95,
          "col": 3,
          "lit": "set-safe-directory"
        },
        "value": {
          "type": 0,
          "file": 2,
          "line": 97,
          "col": 14,
          "lit": "true"
        }
      },
      {
        "key": {
          "type": 0,
          "file": 2,
          "line": 98,
          "col": 3,
          "lit": "github-server-url"
        },
        "value": ""
      },
      {
        "key": {
          "type": 0,
          "file": 2,
          "line": 101,
          "col": 3,
          "lit": "allow-unsafe-pr-checkout"
        },
        "value": {
          "type": 0,
          "file": 2,
          "line": 109,
          "col": 14,
          "lit": "false"
        }
      }
    ]
  },
  "execution": {
    "executionType": "nodeJS",
    "hasPre": false,
    "hasPost": true,
    "script": "dist/index.js",
    "pre": null,
    "post": "dist/index.js",
    "nodeVersion": "node24",
    "cleanupCondition": "always()",
    "initCondition": "always()"
  },
  "deprecated": null
}
[2026-09-10 06:29:35Z INFO ActionManager] Action pre node.js file: N/A.
[2026-09-10 06:29:35Z INFO ActionManager] Action node.js file: dist/index.js.
[2026-09-10 06:29:35Z INFO ActionManager] Action post node.js file: dist/index.js.
[2026-09-10 06:29:35Z INFO ExecutionContext] Reserve record order 7 to 12 for post job actions.
[2026-09-10 06:29:35Z INFO HostContext] Well known directory 'Bin': 'C:\Users\Bhuwan\Desktop\New folder\actions-runner\bin'
[2026-09-10 06:29:35Z INFO HostContext] Well known directory 'Root': 'C:\Users\Bhuwan\Desktop\New folder\actions-runner'
[2026-09-10 06:29:35Z INFO HostContext] Well known directory 'Diag': 'C:\Users\Bhuwan\Desktop\New folder\actions-runner\_diag'
[2026-09-10 06:29:35Z INFO HostContext] Well known directory 'Bin': 'C:\Users\Bhuwan\Desktop\New folder\actions-runner\bin'
[2026-09-10 06:29:35Z INFO HostContext] Well known directory 'Root': 'C:\Users\Bhuwan\Desktop\New folder\actions-runner'
[2026-09-10 06:29:35Z INFO HostContext] Well known directory 'Diag': 'C:\Users\Bhuwan\Desktop\New folder\actions-runner\_diag'
[2026-09-10 06:29:35Z INFO HostContext] Well known directory 'Bin': 'C:\Users\Bhuwan\Desktop\New folder\actions-runner\bin'
[2026-09-10 06:29:35Z INFO HostContext] Well known directory 'Root': 'C:\Users\Bhuwan\Desktop\New folder\actions-runner'
[2026-09-10 06:29:35Z INFO HostContext] Well known directory 'Work': 'C:\Users\Bhuwan\Desktop\New folder\actions-runner\_work'
[2026-09-10 06:29:35Z INFO HostContext] Well known directory 'Temp': 'C:\Users\Bhuwan\Desktop\New folder\actions-runner\_work\_temp'
[2026-09-10 06:29:35Z INFO ExecutionContext] Write event payload to C:\Users\Bhuwan\Desktop\New folder\actions-runner\_work\_temp\_github_workflow\event.json
[2026-09-10 06:29:35Z INFO HostContext] Well known directory 'Bin': 'C:\Users\Bhuwan\Desktop\New folder\actions-runner\bin'
[2026-09-10 06:29:35Z INFO HostContext] Well known directory 'Root': 'C:\Users\Bhuwan\Desktop\New folder\actions-runner'
[2026-09-10 06:29:35Z INFO HostContext] Well known directory 'Work': 'C:\Users\Bhuwan\Desktop\New folder\actions-runner\_work'
[2026-09-10 06:29:35Z INFO HostContext] Well known directory 'Temp': 'C:\Users\Bhuwan\Desktop\New folder\actions-runner\_work\_temp'
[2026-09-10 06:29:35Z INFO ExtensionManager] Getting extensions for interface: 'GitHub.Runner.Worker.IFileCommandExtension'
[2026-09-10 06:29:35Z INFO ExtensionManager] Creating instance: GitHub.Runner.Worker.AddPathFileCommand, Runner.Worker
[2026-09-10 06:29:35Z INFO ExtensionManager] Creating instance: GitHub.Runner.Worker.SetEnvFileCommand, Runner.Worker
[2026-09-10 06:29:35Z INFO ExtensionManager] Creating instance: GitHub.Runner.Worker.CreateStepSummaryCommand, Runner.Worker
[2026-09-10 06:29:35Z INFO ExtensionManager] Creating instance: GitHub.Runner.Worker.SaveStateFileCommand, Runner.Worker
[2026-09-10 06:29:35Z INFO ExtensionManager] Creating instance: GitHub.Runner.Worker.SetOutputFileCommand, Runner.Worker
[2026-09-10 06:29:35Z INFO ExtensionManager] Creating instance: GitHub.Runner.Worker.CreateArtifactsFileCommand, Runner.Worker
[2026-09-10 06:29:35Z INFO ExtensionManager] Creating instance: GitHub.Runner.Worker.ArtifactsListFileCommand, Runner.Worker
[2026-09-10 06:29:35Z INFO ActionManifestManagerLegacy] Input 'repository': default value evaluate result: {
  "type": 0,
  "file": 2,
  "line": 6,
  "col": 14,
  "lit": "bhuwan1233/Github-action-project"
}
[2026-09-10 06:29:35Z INFO ActionManifestManagerLegacy] Input 'ref': default value evaluate result: ""
[2026-09-10 06:29:35Z INFO ActionManifestManagerLegacy] Input 'token': default value evaluate result: {
  "type": 0,
  "file": 2,
  "line": 24,
  "col": 14,
  "lit": "***"
}
[2026-09-10 06:29:35Z INFO ActionManifestManagerLegacy] Input 'ssh-key': default value evaluate result: ""
[2026-09-10 06:29:35Z INFO ActionManifestManagerLegacy] Input 'ssh-known-hosts': default value evaluate result: ""
[2026-09-10 06:29:35Z INFO ActionManifestManagerLegacy] Input 'ssh-strict': default value evaluate result: {
  "type": 0,
  "file": 2,
  "line": 47,
  "col": 14,
  "lit": "true"
}
[2026-09-10 06:29:35Z INFO ActionManifestManagerLegacy] Input 'ssh-user': default value evaluate result: {
  "type": 0,
  "file": 2,
  "line": 51,
  "col": 14,
  "lit": "git"
}
[2026-09-10 06:29:35Z INFO ActionManifestManagerLegacy] Input 'persist-credentials': default value evaluate result: {
  "type": 0,
  "file": 2,
  "line": 54,
  "col": 14,
  "lit": "true"
}
[2026-09-10 06:29:35Z INFO ActionManifestManagerLegacy] Input 'path': default value evaluate result: ""
[2026-09-10 06:29:35Z INFO ActionManifestManagerLegacy] Input 'clean': default value evaluate result: {
  "type": 0,
  "file": 2,
  "line": 59,
  "col": 14,
  "lit": "true"
}
[2026-09-10 06:29:35Z INFO ActionManifestManagerLegacy] Input 'filter': default value evaluate result: {
  "type": 0,
  "file": 2,
  "line": 64,
  "col": 14,
  "lit": ""
}
[2026-09-10 06:29:35Z INFO ActionManifestManagerLegacy] Input 'sparse-checkout': default value evaluate result: {
  "type": 0,
  "file": 2,
  "line": 69,
  "col": 14,
  "lit": ""
}
[2026-09-10 06:29:35Z INFO ActionManifestManagerLegacy] Input 'sparse-checkout-cone-mode': default value evaluate result: {
  "type": 0,
  "file": 2,
  "line": 73,
  "col": 14,
  "lit": "true"
}
[2026-09-10 06:29:35Z INFO ActionManifestManagerLegacy] Input 'fetch-depth': default value evaluate result: {
  "type": 0,
  "file": 2,
  "line": 76,
  "col": 14,
  "lit": "1"
}
[2026-09-10 06:29:35Z INFO ActionManifestManagerLegacy] Input 'fetch-tags': default value evaluate result: {
  "type": 0,
  "file": 2,
  "line": 79,
  "col": 14,
  "lit": "false"
}
[2026-09-10 06:29:35Z INFO ActionManifestManagerLegacy] Input 'show-progress': default value evaluate result: {
  "type": 0,
  "file": 2,
  "line": 82,
  "col": 14,
  "lit": "true"
}
[2026-09-10 06:29:35Z INFO ActionManifestManagerLegacy] Input 'lfs': default value evaluate result: {
  "type": 0,
  "file": 2,
  "line": 85,
  "col": 14,
  "lit": "false"
}
[2026-09-10 06:29:35Z INFO ActionManifestManagerLegacy] Input 'submodules': default value evaluate result: {
  "type": 0,
  "file": 2,
  "line": 94,
  "col": 14,
  "lit": "false"
}
[2026-09-10 06:29:35Z INFO ActionManifestManagerLegacy] Input 'set-safe-directory': default value evaluate result: {
  "type": 0,
  "file": 2,
  "line": 97,
  "col": 14,
  "lit": "true"
}
[2026-09-10 06:29:35Z INFO ActionManifestManagerLegacy] Input 'github-server-url': default value evaluate result: ""
[2026-09-10 06:29:35Z INFO ActionManifestManagerLegacy] Input 'allow-unsafe-pr-checkout': default value evaluate result: {
  "type": 0,
  "file": 2,
  "line": 109,
  "col": 14,
  "lit": "false"
}
[2026-09-10 06:29:35Z INFO ExtensionManager] Getting extensions for interface: 'GitHub.Runner.Worker.IActionCommandExtension'
[2026-09-10 06:29:35Z INFO ExtensionManager] Creating instance: GitHub.Runner.Worker.InternalPluginSetRepoPathCommandExtension, Runner.Worker
[2026-09-10 06:29:35Z INFO ExtensionManager] Creating instance: GitHub.Runner.Worker.SetEnvCommandExtension, Runner.Worker
[2026-09-10 06:29:35Z INFO ExtensionManager] Creating instance: GitHub.Runner.Worker.SetOutputCommandExtension, Runner.Worker
[2026-09-10 06:29:35Z INFO ExtensionManager] Creating instance: GitHub.Runner.Worker.SaveStateCommandExtension, Runner.Worker
[2026-09-10 06:29:35Z INFO ExtensionManager] Creating instance: GitHub.Runner.Worker.AddPathCommandExtension, Runner.Worker
[2026-09-10 06:29:35Z INFO ExtensionManager] Creating instance: GitHub.Runner.Worker.AddMaskCommandExtension, Runner.Worker
[2026-09-10 06:29:35Z INFO ExtensionManager] Creating instance: GitHub.Runner.Worker.AddMatcherCommandExtension, Runner.Worker
[2026-09-10 06:29:35Z INFO ExtensionManager] Creating instance: GitHub.Runner.Worker.RemoveMatcherCommandExtension, Runner.Worker
[2026-09-10 06:29:35Z INFO ExtensionManager] Creating instance: GitHub.Runner.Worker.WarningCommandExtension, Runner.Worker
[2026-09-10 06:29:35Z INFO ExtensionManager] Creating instance: GitHub.Runner.Worker.ErrorCommandExtension, Runner.Worker
[2026-09-10 06:29:35Z INFO ExtensionManager] Creating instance: GitHub.Runner.Worker.NoticeCommandExtension, Runner.Worker
[2026-09-10 06:29:35Z INFO ExtensionManager] Creating instance: GitHub.Runner.Worker.DebugCommandExtension, Runner.Worker
[2026-09-10 06:29:35Z INFO ExtensionManager] Creating instance: GitHub.Runner.Worker.GroupCommandExtension, Runner.Worker
[2026-09-10 06:29:35Z INFO ExtensionManager] Creating instance: GitHub.Runner.Worker.EndGroupCommandExtension, Runner.Worker
[2026-09-10 06:29:35Z INFO ExtensionManager] Creating instance: GitHub.Runner.Worker.EchoCommandExtension, Runner.Worker
[2026-09-10 06:29:35Z INFO ActionCommandManager] Register action command extension for command internal-set-repo-path
[2026-09-10 06:29:35Z INFO ActionCommandManager] Register action command extension for command set-env
[2026-09-10 06:29:35Z INFO ActionCommandManager] Register action command extension for command set-output
[2026-09-10 06:29:35Z INFO ActionCommandManager] Register action command extension for command save-state
[2026-09-10 06:29:35Z INFO ActionCommandManager] Register action command extension for command add-path
[2026-09-10 06:29:35Z INFO ActionCommandManager] Register action command extension for command add-mask
[2026-09-10 06:29:35Z INFO ActionCommandManager] Register action command extension for command add-matcher
[2026-09-10 06:29:35Z INFO ActionCommandManager] Register action command extension for command remove-matcher
[2026-09-10 06:29:35Z INFO ActionCommandManager] Register action command extension for command warning
[2026-09-10 06:29:35Z INFO ActionCommandManager] Register action command extension for command error
[2026-09-10 06:29:35Z INFO ActionCommandManager] Register action command extension for command notice
[2026-09-10 06:29:35Z INFO ActionCommandManager] Register action command extension for command debug
[2026-09-10 06:29:35Z INFO ActionCommandManager] Register action command extension for command group
[2026-09-10 06:29:35Z INFO ActionCommandManager] Register action command extension for command endgroup
[2026-09-10 06:29:35Z INFO ActionCommandManager] Register action command extension for command echo
[2026-09-10 06:29:35Z INFO JobServerQueue] Try to append 1 batches web console lines for record '2013108c-d6f2-47bb-8343-728777bfffac', success rate: 1/1.
[2026-09-10 06:29:35Z INFO JobServerQueue] Try to append 1 batches web console lines for record '1cc9f770-f47c-4126-a950-68310bb317fc', success rate: 1/1.
[2026-09-10 06:29:35Z INFO HostContext] Well known directory 'Bin': 'C:\Users\Bhuwan\Desktop\New folder\actions-runner\bin'
[2026-09-10 06:29:35Z INFO HostContext] Well known directory 'Root': 'C:\Users\Bhuwan\Desktop\New folder\actions-runner'
[2026-09-10 06:29:35Z INFO HostContext] Well known directory 'Externals': 'C:\Users\Bhuwan\Desktop\New folder\actions-runner\externals'
[2026-09-10 06:29:35Z INFO ProcessInvokerWrapper] Starting process:
[2026-09-10 06:29:35Z INFO ProcessInvokerWrapper]   File name: 'C:\Users\Bhuwan\Desktop\New folder\actions-runner\externals\node24\bin\node.exe'
[2026-09-10 06:29:35Z INFO ProcessInvokerWrapper]   Arguments: '"C:\Users\Bhuwan\Desktop\New folder\actions-runner\_work\_actions\actions\checkout\v6\dist/index.js"'
[2026-09-10 06:29:35Z INFO ProcessInvokerWrapper]   Working directory: 'C:\Users\Bhuwan\Desktop\New folder\actions-runner\_work\Github-action-project\Github-action-project'
[2026-09-10 06:29:35Z INFO ProcessInvokerWrapper]   Require exit code zero: 'False'
[2026-09-10 06:29:35Z INFO ProcessInvokerWrapper]   Encoding web name: utf-8 ; code page: '65001'
[2026-09-10 06:29:35Z INFO ProcessInvokerWrapper]   Force kill process on cancellation: 'False'
[2026-09-10 06:29:35Z INFO ProcessInvokerWrapper]   Redirected STDIN: 'False'
[2026-09-10 06:29:35Z INFO ProcessInvokerWrapper]   Persist current code page: 'True'
[2026-09-10 06:29:35Z INFO ProcessInvokerWrapper]   Keep redirected STDIN open: 'False'
[2026-09-10 06:29:35Z INFO ProcessInvokerWrapper]   High priority process: 'False'
[2026-09-10 06:29:35Z INFO ProcessInvokerWrapper] Process started with process id 30776, waiting for process exit.
[2026-09-10 06:29:35Z INFO JobServerQueue] Got a step log file to send to results service.
[2026-09-10 06:29:35Z INFO JobServerQueue] Starting upload of step log file to results service ResultsLog, C:\Users\Bhuwan\Desktop\New folder\actions-runner\_diag\blocks\4a61cfa6-15fb-4711-8f0e-9376ae3e094a_2013108c-d6f2-47bb-8343-728777bfffac.1
[2026-09-10 06:29:35Z INFO JobServerQueue] Try to upload 1 log files or attachments, success rate: 1/1.
[2026-09-10 06:29:36Z INFO JobServerQueue] Try to append 1 batches web console lines for record '1cc9f770-f47c-4126-a950-68310bb317fc', success rate: 1/1.
[2026-09-10 06:29:37Z INFO JobServerQueue] Tried to upload 1 file(s) to results, success rate: 1/1.
[2026-09-10 06:29:38Z INFO JobServerQueue] Try to append 1 batches web console lines for record '1cc9f770-f47c-4126-a950-68310bb317fc', success rate: 1/1.
[2026-09-10 06:29:39Z INFO JobServerQueue] Try to append 1 batches web console lines for record '1cc9f770-f47c-4126-a950-68310bb317fc', success rate: 1/1.
[2026-09-10 06:29:41Z INFO JobServerQueue] Try to append 1 batches web console lines for record '1cc9f770-f47c-4126-a950-68310bb317fc', success rate: 1/1.
[2026-09-10 06:29:41Z INFO ProcessInvokerWrapper] STDOUT/STDERR stream read finished.
[2026-09-10 06:29:41Z INFO ProcessInvokerWrapper] STDOUT/STDERR stream read finished.
[2026-09-10 06:29:41Z INFO ProcessInvokerWrapper] Finished process 30776 with exit code 0, and elapsed time 00:00:06.0161402.
[2026-09-10 06:29:41Z INFO CreateStepSummaryCommand] Step Summary file (C:\Users\Bhuwan\Desktop\New folder\actions-runner\_work\_temp\_runner_file_commands\step_summary_82fc3653-183a-4e6c-85ce-6a42212a2da3) is empty; skipping attachment upload
[2026-09-10 06:29:41Z INFO StepsRunner] Step result: 
[2026-09-10 06:29:41Z INFO ExecutionContext] Publish step telemetry for current step {
  "action": "actions/checkout",
  "ref": "v6",
  "type": "node24",
  "stage": "Main",
  "stepId": "1cc9f770-f47c-4126-a950-68310bb317fc",
  "stepContextName": "__actions_checkout",
  "hasPreStep": false,
  "hasPostStep": true,
  "result": "succeeded",
  "errorMessages": [],
  "executionTimeInSeconds": 7,
  "startTime": "2026-09-10T06:29:35.2201059Z",
  "finishTime": "2026-09-10T06:29:41.4654639Z"
}.
[2026-09-10 06:29:41Z INFO StepsRunner] No need for updating job result with current step result 'Succeeded'.
[2026-09-10 06:29:41Z INFO StepsRunner] Current state: job state = ''
[2026-09-10 06:29:41Z INFO StepsRunner] Processing step: DisplayName='Set up JDK 17'
[2026-09-10 06:29:41Z INFO StepsRunner] Evaluating: success()
[2026-09-10 06:29:41Z INFO StepsRunner] Result: true
[2026-09-10 06:29:41Z INFO StepsRunner] Starting the step.
[2026-09-10 06:29:41Z INFO HostContext] Well known directory 'Bin': 'C:\Users\Bhuwan\Desktop\New folder\actions-runner\bin'
[2026-09-10 06:29:41Z INFO HostContext] Well known directory 'Root': 'C:\Users\Bhuwan\Desktop\New folder\actions-runner'
[2026-09-10 06:29:41Z INFO HostContext] Well known directory 'Work': 'C:\Users\Bhuwan\Desktop\New folder\actions-runner\_work'
[2026-09-10 06:29:41Z INFO StepsRunner] Which2: 'chcp'
[2026-09-10 06:29:41Z INFO StepsRunner] chcp: command not found. Make sure 'chcp' is installed and its location included in the 'Path' environment variable.
[2026-09-10 06:29:41Z WARN StepsRunner] 'chcp 65001' failed with exception chcp: command not found
[2026-09-10 06:29:41Z INFO HostContext] Well known directory 'Bin': 'C:\Users\Bhuwan\Desktop\New folder\actions-runner\bin'
[2026-09-10 06:29:41Z INFO HostContext] Well known directory 'Root': 'C:\Users\Bhuwan\Desktop\New folder\actions-runner'
[2026-09-10 06:29:41Z INFO HostContext] Well known directory 'Work': 'C:\Users\Bhuwan\Desktop\New folder\actions-runner\_work'
[2026-09-10 06:29:41Z INFO HostContext] Well known directory 'Actions': 'C:\Users\Bhuwan\Desktop\New folder\actions-runner\_work\_actions'
[2026-09-10 06:29:41Z INFO ActionManager] Load action that reference repository from 'C:\Users\Bhuwan\Desktop\New folder\actions-runner\_work\_actions\actions\setup-java\v5'
[2026-09-10 06:29:41Z INFO HostContext] Well known directory 'Bin': 'C:\Users\Bhuwan\Desktop\New folder\actions-runner\bin'
[2026-09-10 06:29:41Z INFO HostContext] Well known directory 'Root': 'C:\Users\Bhuwan\Desktop\New folder\actions-runner'
[2026-09-10 06:29:41Z INFO HostContext] Well known directory 'Work': 'C:\Users\Bhuwan\Desktop\New folder\actions-runner\_work'
[2026-09-10 06:29:41Z INFO HostContext] Well known directory 'Actions': 'C:\Users\Bhuwan\Desktop\New folder\actions-runner\_work\_actions'
[2026-09-10 06:29:41Z INFO ActionManifestManagerLegacy] Ignore action property author.
[2026-09-10 06:29:41Z INFO ActionManifestManagerLegacy] Loaded action.yml file: {
  "name": "Setup Java JDK",
  "description": "Set up a specific version of the Java JDK and add the command-line tools to the PATH",
  "inputs": {
    "type": 2,
    "map": [
      {
        "key": {
          "type": 0,
          "file": 3,
          "line": 6,
          "col": 3,
          "lit": "java-version"
        },
        "value": ""
      },
      {
        "key": {
          "type": 0,
          "file": 3,
          "line": 9,
          "col": 3,
          "lit": "java-version-file"
        },
        "value": ""
      },
      {
        "key": {
          "type": 0,
          "file": 3,
          "line": 12,
          "col": 3,
          "lit": "distribution"
        },
        "value": ""
      },
      {
        "key": {
          "type": 0,
          "file": 3,
          "line": 15,
          "col": 3,
          "lit": "java-package"
        },
        "value": {
          "type": 0,
          "file": 3,
          "line": 18,
          "col": 14,
          "lit": "jdk"
        }
      },
      {
        "key": {
          "type": 0,
          "file": 3,
          "line": 19,
          "col": 3,
          "lit": "architecture"
        },
        "value": ""
      },
      {
        "key": {
          "type": 0,
          "file": 3,
          "line": 22,
          "col": 3,
          "lit": "jdk-file"
        },
        "value": ""
      },
      {
        "key": {
          "type": 0,
          "file": 3,
          "line": 25,
          "col": 3,
          "lit": "jdkFile"
        },
        "value": ""
      },
      {
        "key": {
          "type": 0,
          "file": 3,
          "line": 29,
          "col": 3,
          "lit": "check-latest"
        },
        "value": {
          "type": 0,
          "file": 3,
          "line": 32,
          "col": 14,
          "lit": "false"
        }
      },
      {
        "key": {
          "type": 0,
          "file": 3,
          "line": 33,
          "col": 3,
          "lit": "set-default"
        },
        "value": {
          "type": 0,
          "file": 3,
          "line": 36,
          "col": 14,
          "lit": "true"
        }
      },
      {
        "key": {
          "type": 0,
          "file": 3,
          "line": 37,
          "col": 3,
          "lit": "verify-signature"
        },
        "value": {
          "type": 0,
          "file": 3,
          "line": 40,
          "col": 14,
          "lit": "false"
        }
      },
      {
        "key": {
          "type": 0,
          "file": 3,
          "line": 41,
          "col": 3,
          "lit": "verify-signature-public-key"
        },
        "value": ""
      },
      {
        "key": {
          "type": 0,
          "file": 3,
          "line": 44,
          "col": 3,
          "lit": "server-id"
        },
        "value": {
          "type": 0,
          "file": 3,
          "line": 48,
          "col": 14,
          "lit": "github"
        }
      },
      {
        "key": {
          "type": 0,
          "file": 3,
          "line": 49,
          "col": 3,
          "lit": "server-username"
        },
        "value": {
          "type": 0,
          "file": 3,
          "line": 53,
          "col": 14,
          "lit": "GITHUB_ACTOR"
        }
      },
      {
        "key": {
          "type": 0,
          "file": 3,
          "line": 54,
          "col": 3,
          "lit": "server-password"
        },
        "value": {
          "type": 0,
          "file": 3,
          "line": 58,
          "col": 14,
          "lit": "GITHUB_TOKEN"
        }
      },
      {
        "key": {
          "type": 0,
          "file": 3,
          "line": 59,
          "col": 3,
          "lit": "settings-path"
        },
        "value": ""
      },
      {
        "key": {
          "type": 0,
          "file": 3,
          "line": 62,
          "col": 3,
          "lit": "overwrite-settings"
        },
        "value": {
          "type": 0,
          "file": 3,
          "line": 65,
          "col": 14,
          "lit": "true"
        }
      },
      {
        "key": {
          "type": 0,
          "file": 3,
          "line": 66,
          "col": 3,
          "lit": "gpg-private-key"
        },
        "value": {
          "type": 0,
          "file": 3,
          "line": 69,
          "col": 14,
          "lit": ""
        }
      },
      {
        "key": {
          "type": 0,
          "file": 3,
          "line": 70,
          "col": 3,
          "lit": "gpg-passphrase"
        },
        "value": ""
      },
      {
        "key": {
          "type": 0,
          "file": 3,
          "line": 73,
          "col": 3,
          "lit": "cache"
        },
        "value": ""
      },
      {
        "key": {
          "type": 0,
          "file": 3,
          "line": 76,
          "col": 3,
          "lit": "cache-dependency-path"
        },
        "value": ""
      },
      {
        "key": {
          "type": 0,
          "file": 3,
          "line": 79,
          "col": 3,
          "lit": "job-status"
        },
        "value": {
          "type": 3,
          "file": 3,
          "line": 82,
          "col": 14,
          "expr": "job.status"
        }
      },
      {
        "key": {
          "type": 0,
          "file": 3,
          "line": 83,
          "col": 3,
          "lit": "token"
        },
        "value": {
          "type": 3,
          "file": 3,
          "line": 86,
          "col": 14,
          "expr": "github.server_url == 'https://github.com' && github.token || ''"
        }
      },
      {
        "key": {
          "type": 0,
          "file": 3,
          "line": 87,
          "col": 3,
          "lit": "mvn-toolchain-id"
        },
        "value": ""
      },
      {
        "key": {
          "type": 0,
          "file": 3,
          "line": 90,
          "col": 3,
          "lit": "mvn-toolchain-vendor"
        },
        "value": ""
      },
      {
        "key": {
          "type": 0,
          "file": 3,
          "line": 93,
          "col": 3,
          "lit": "show-download-progress"
        },
        "value": {
          "type": 0,
          "file": 3,
          "line": 96,
          "col": 14,
          "lit": "false"
        }
      }
    ]
  },
  "execution": {
    "executionType": "nodeJS",
    "hasPre": false,
    "hasPost": true,
    "script": "dist/setup/index.js",
    "pre": null,
    "post": "dist/cleanup/index.js",
    "nodeVersion": "node24",
    "cleanupCondition": "always()",
    "initCondition": "always()"
  },
  "deprecated": {
    "jdkFile": "The `jdkFile` input is deprecated. Use `jdk-file` instead."
  }
}
[2026-09-10 06:29:41Z INFO ActionManager] Action pre node.js file: N/A.
[2026-09-10 06:29:41Z INFO ActionManager] Action node.js file: dist/setup/index.js.
[2026-09-10 06:29:41Z INFO ActionManager] Action post node.js file: dist/cleanup/index.js.
[2026-09-10 06:29:41Z INFO HostContext] Well known directory 'Bin': 'C:\Users\Bhuwan\Desktop\New folder\actions-runner\bin'
[2026-09-10 06:29:41Z INFO HostContext] Well known directory 'Root': 'C:\Users\Bhuwan\Desktop\New folder\actions-runner'
[2026-09-10 06:29:41Z INFO HostContext] Well known directory 'Diag': 'C:\Users\Bhuwan\Desktop\New folder\actions-runner\_diag'
[2026-09-10 06:29:41Z INFO HostContext] Well known directory 'Bin': 'C:\Users\Bhuwan\Desktop\New folder\actions-runner\bin'
[2026-09-10 06:29:41Z INFO HostContext] Well known directory 'Root': 'C:\Users\Bhuwan\Desktop\New folder\actions-runner'
[2026-09-10 06:29:41Z INFO HostContext] Well known directory 'Diag': 'C:\Users\Bhuwan\Desktop\New folder\actions-runner\_diag'
[2026-09-10 06:29:41Z INFO HostContext] Well known directory 'Bin': 'C:\Users\Bhuwan\Desktop\New folder\actions-runner\bin'
[2026-09-10 06:29:41Z INFO HostContext] Well known directory 'Root': 'C:\Users\Bhuwan\Desktop\New folder\actions-runner'
[2026-09-10 06:29:41Z INFO HostContext] Well known directory 'Work': 'C:\Users\Bhuwan\Desktop\New folder\actions-runner\_work'
[2026-09-10 06:29:41Z INFO HostContext] Well known directory 'Temp': 'C:\Users\Bhuwan\Desktop\New folder\actions-runner\_work\_temp'
[2026-09-10 06:29:41Z INFO ExecutionContext] Write event payload to C:\Users\Bhuwan\Desktop\New folder\actions-runner\_work\_temp\_github_workflow\event.json
[2026-09-10 06:29:41Z INFO HostContext] Well known directory 'Bin': 'C:\Users\Bhuwan\Desktop\New folder\actions-runner\bin'
[2026-09-10 06:29:41Z INFO HostContext] Well known directory 'Root': 'C:\Users\Bhuwan\Desktop\New folder\actions-runner'
[2026-09-10 06:29:41Z INFO HostContext] Well known directory 'Work': 'C:\Users\Bhuwan\Desktop\New folder\actions-runner\_work'
[2026-09-10 06:29:41Z INFO HostContext] Well known directory 'Temp': 'C:\Users\Bhuwan\Desktop\New folder\actions-runner\_work\_temp'
[2026-09-10 06:29:41Z INFO ExtensionManager] Getting extensions for interface: 'GitHub.Runner.Worker.IFileCommandExtension'
[2026-09-10 06:29:41Z INFO ActionManifestManagerLegacy] Input 'java-version-file': default value evaluate result: ""
[2026-09-10 06:29:41Z INFO ActionManifestManagerLegacy] Input 'java-package': default value evaluate result: {
  "type": 0,
  "file": 3,
  "line": 18,
  "col": 14,
  "lit": "jdk"
}
[2026-09-10 06:29:41Z INFO ActionManifestManagerLegacy] Input 'architecture': default value evaluate result: ""
[2026-09-10 06:29:41Z INFO ActionManifestManagerLegacy] Input 'jdk-file': default value evaluate result: ""
[2026-09-10 06:29:41Z INFO ActionManifestManagerLegacy] Input 'jdkFile': default value evaluate result: ""
[2026-09-10 06:29:41Z INFO ActionManifestManagerLegacy] Input 'check-latest': default value evaluate result: {
  "type": 0,
  "file": 3,
  "line": 32,
  "col": 14,
  "lit": "false"
}
[2026-09-10 06:29:41Z INFO ActionManifestManagerLegacy] Input 'set-default': default value evaluate result: {
  "type": 0,
  "file": 3,
  "line": 36,
  "col": 14,
  "lit": "true"
}
[2026-09-10 06:29:41Z INFO ActionManifestManagerLegacy] Input 'verify-signature': default value evaluate result: {
  "type": 0,
  "file": 3,
  "line": 40,
  "col": 14,
  "lit": "false"
}
[2026-09-10 06:29:41Z INFO ActionManifestManagerLegacy] Input 'verify-signature-public-key': default value evaluate result: ""
[2026-09-10 06:29:41Z INFO ActionManifestManagerLegacy] Input 'server-id': default value evaluate result: {
  "type": 0,
  "file": 3,
  "line": 48,
  "col": 14,
  "lit": "github"
}
[2026-09-10 06:29:41Z INFO ActionManifestManagerLegacy] Input 'server-username': default value evaluate result: {
  "type": 0,
  "file": 3,
  "line": 53,
  "col": 14,
  "lit": "GITHUB_ACTOR"
}
[2026-09-10 06:29:41Z INFO ActionManifestManagerLegacy] Input 'server-password': default value evaluate result: {
  "type": 0,
  "file": 3,
  "line": 58,
  "col": 14,
  "lit": "GITHUB_TOKEN"
}
[2026-09-10 06:29:41Z INFO ActionManifestManagerLegacy] Input 'settings-path': default value evaluate result: ""
[2026-09-10 06:29:41Z INFO ActionManifestManagerLegacy] Input 'overwrite-settings': default value evaluate result: {
  "type": 0,
  "file": 3,
  "line": 65,
  "col": 14,
  "lit": "true"
}
[2026-09-10 06:29:41Z INFO ActionManifestManagerLegacy] Input 'gpg-private-key': default value evaluate result: {
  "type": 0,
  "file": 3,
  "line": 69,
  "col": 14,
  "lit": ""
}
[2026-09-10 06:29:41Z INFO ActionManifestManagerLegacy] Input 'gpg-passphrase': default value evaluate result: ""
[2026-09-10 06:29:41Z INFO ActionManifestManagerLegacy] Input 'cache-dependency-path': default value evaluate result: ""
[2026-09-10 06:29:41Z INFO ActionManifestManagerLegacy] Input 'job-status': default value evaluate result: {
  "type": 0,
  "file": 3,
  "line": 82,
  "col": 14,
  "lit": "success"
}
[2026-09-10 06:29:41Z INFO ActionManifestManagerLegacy] Input 'token': default value evaluate result: {
  "type": 0,
  "file": 3,
  "line": 86,
  "col": 14,
  "lit": "***"
}
[2026-09-10 06:29:41Z INFO ActionManifestManagerLegacy] Input 'mvn-toolchain-id': default value evaluate result: ""
[2026-09-10 06:29:41Z INFO ActionManifestManagerLegacy] Input 'mvn-toolchain-vendor': default value evaluate result: ""
[2026-09-10 06:29:41Z INFO ActionManifestManagerLegacy] Input 'show-download-progress': default value evaluate result: {
  "type": 0,
  "file": 3,
  "line": 96,
  "col": 14,
  "lit": "false"
}
[2026-09-10 06:29:41Z INFO ExtensionManager] Getting extensions for interface: 'GitHub.Runner.Worker.IActionCommandExtension'
[2026-09-10 06:29:41Z INFO ActionCommandManager] Register action command extension for command internal-set-repo-path
[2026-09-10 06:29:41Z INFO ActionCommandManager] Register action command extension for command set-env
[2026-09-10 06:29:41Z INFO ActionCommandManager] Register action command extension for command set-output
[2026-09-10 06:29:41Z INFO ActionCommandManager] Register action command extension for command save-state
[2026-09-10 06:29:41Z INFO ActionCommandManager] Register action command extension for command add-path
[2026-09-10 06:29:41Z INFO ActionCommandManager] Register action command extension for command add-mask
[2026-09-10 06:29:41Z INFO ActionCommandManager] Register action command extension for command add-matcher
[2026-09-10 06:29:41Z INFO ActionCommandManager] Register action command extension for command remove-matcher
[2026-09-10 06:29:41Z INFO ActionCommandManager] Register action command extension for command warning
[2026-09-10 06:29:41Z INFO ActionCommandManager] Register action command extension for command error
[2026-09-10 06:29:41Z INFO ActionCommandManager] Register action command extension for command notice
[2026-09-10 06:29:41Z INFO ActionCommandManager] Register action command extension for command debug
[2026-09-10 06:29:41Z INFO ActionCommandManager] Register action command extension for command group
[2026-09-10 06:29:41Z INFO ActionCommandManager] Register action command extension for command endgroup
[2026-09-10 06:29:41Z INFO ActionCommandManager] Register action command extension for command echo
[2026-09-10 06:29:41Z INFO HostContext] Well known directory 'Bin': 'C:\Users\Bhuwan\Desktop\New folder\actions-runner\bin'
[2026-09-10 06:29:41Z INFO HostContext] Well known directory 'Root': 'C:\Users\Bhuwan\Desktop\New folder\actions-runner'
[2026-09-10 06:29:41Z INFO HostContext] Well known directory 'Externals': 'C:\Users\Bhuwan\Desktop\New folder\actions-runner\externals'
[2026-09-10 06:29:41Z INFO ProcessInvokerWrapper] Starting process:
[2026-09-10 06:29:41Z INFO ProcessInvokerWrapper]   File name: 'C:\Users\Bhuwan\Desktop\New folder\actions-runner\externals\node24\bin\node.exe'
[2026-09-10 06:29:41Z INFO ProcessInvokerWrapper]   Arguments: '"C:\Users\Bhuwan\Desktop\New folder\actions-runner\_work\_actions\actions\setup-java\v5\dist/setup/index.js"'
[2026-09-10 06:29:41Z INFO ProcessInvokerWrapper]   Working directory: 'C:\Users\Bhuwan\Desktop\New folder\actions-runner\_work\Github-action-project\Github-action-project'
[2026-09-10 06:29:41Z INFO ProcessInvokerWrapper]   Require exit code zero: 'False'
[2026-09-10 06:29:41Z INFO ProcessInvokerWrapper]   Encoding web name: utf-8 ; code page: '65001'
[2026-09-10 06:29:41Z INFO ProcessInvokerWrapper]   Force kill process on cancellation: 'False'
[2026-09-10 06:29:41Z INFO ProcessInvokerWrapper]   Redirected STDIN: 'False'
[2026-09-10 06:29:41Z INFO ProcessInvokerWrapper]   Persist current code page: 'True'
[2026-09-10 06:29:41Z INFO ProcessInvokerWrapper]   Keep redirected STDIN open: 'False'
[2026-09-10 06:29:41Z INFO ProcessInvokerWrapper]   High priority process: 'False'
[2026-09-10 06:29:41Z INFO ProcessInvokerWrapper] Process started with process id 31340, waiting for process exit.
[2026-09-10 06:29:41Z INFO JobServerQueue] Try to append 1 batches web console lines for record '03bf4de0-06df-4ae7-881a-6b099ff0af1f', success rate: 1/1.
[2026-09-10 06:29:41Z INFO JobServerQueue] Got a step log file to send to results service.
[2026-09-10 06:29:41Z INFO JobServerQueue] Starting upload of step log file to results service ResultsLog, C:\Users\Bhuwan\Desktop\New folder\actions-runner\_diag\blocks\4a61cfa6-15fb-4711-8f0e-9376ae3e094a_1cc9f770-f47c-4126-a950-68310bb317fc.1
[2026-09-10 06:29:41Z INFO JobServerQueue] Try to upload 1 log files or attachments, success rate: 1/1.
[2026-09-10 06:29:42Z INFO JobServerQueue] Try to append 1 batches web console lines for record '03bf4de0-06df-4ae7-881a-6b099ff0af1f', success rate: 1/1.
[2026-09-10 06:29:42Z INFO JobServerQueue] Try to append 1 batches web console lines for record '03bf4de0-06df-4ae7-881a-6b099ff0af1f', success rate: 1/1.
[2026-09-10 06:29:42Z INFO JobServerQueue] Tried to upload 1 file(s) to results, success rate: 1/1.
[2026-09-10 06:29:43Z INFO ProcessInvokerWrapper] STDOUT/STDERR stream read finished.
[2026-09-10 06:29:43Z INFO ProcessInvokerWrapper] STDOUT/STDERR stream read finished.
[2026-09-10 06:29:43Z INFO JobServerQueue] Try to append 1 batches web console lines for record '03bf4de0-06df-4ae7-881a-6b099ff0af1f', success rate: 1/1.
[2026-09-10 06:29:43Z INFO ProcessInvokerWrapper] Finished process 31340 with exit code 0, and elapsed time 00:00:01.9312177.
[2026-09-10 06:29:43Z INFO CreateStepSummaryCommand] Step Summary file (C:\Users\Bhuwan\Desktop\New folder\actions-runner\_work\_temp\_runner_file_commands\step_summary_b6101093-ed5f-4566-8c76-38bcb593d533) is empty; skipping attachment upload
[2026-09-10 06:29:43Z INFO StepsRunner] Step result: 
[2026-09-10 06:29:43Z INFO ExecutionContext] Publish step telemetry for current step {
  "action": "actions/setup-java",
  "ref": "v5",
  "type": "node24",
  "stage": "Main",
  "stepId": "03bf4de0-06df-4ae7-881a-6b099ff0af1f",
  "stepContextName": "__actions_setup-java",
  "hasPreStep": false,
  "hasPostStep": true,
  "result": "succeeded",
  "errorMessages": [],
  "executionTimeInSeconds": 2,
  "startTime": "2026-09-10T06:29:41.4682994Z",
  "finishTime": "2026-09-10T06:29:43.4638186Z"
}.
[2026-09-10 06:29:43Z INFO StepsRunner] No need for updating job result with current step result 'Succeeded'.
[2026-09-10 06:29:43Z INFO StepsRunner] Current state: job state = ''
[2026-09-10 06:29:43Z INFO StepsRunner] Processing step: DisplayName='Check Java'
[2026-09-10 06:29:43Z INFO StepsRunner] Evaluating: success()
[2026-09-10 06:29:43Z INFO StepsRunner] Result: true
[2026-09-10 06:29:43Z INFO StepsRunner] Starting the step.
[2026-09-10 06:29:43Z INFO HostContext] Well known directory 'Bin': 'C:\Users\Bhuwan\Desktop\New folder\actions-runner\bin'
[2026-09-10 06:29:43Z INFO HostContext] Well known directory 'Root': 'C:\Users\Bhuwan\Desktop\New folder\actions-runner'
[2026-09-10 06:29:43Z INFO HostContext] Well known directory 'Work': 'C:\Users\Bhuwan\Desktop\New folder\actions-runner\_work'
[2026-09-10 06:29:43Z INFO StepsRunner] Which2: 'chcp'
[2026-09-10 06:29:43Z INFO StepsRunner] chcp: command not found. Make sure 'chcp' is installed and its location included in the 'Path' environment variable.
[2026-09-10 06:29:43Z WARN StepsRunner] 'chcp 65001' failed with exception chcp: command not found
[2026-09-10 06:29:43Z INFO HostContext] Well known directory 'Bin': 'C:\Users\Bhuwan\Desktop\New folder\actions-runner\bin'
[2026-09-10 06:29:43Z INFO HostContext] Well known directory 'Root': 'C:\Users\Bhuwan\Desktop\New folder\actions-runner'
[2026-09-10 06:29:43Z INFO HostContext] Well known directory 'Work': 'C:\Users\Bhuwan\Desktop\New folder\actions-runner\_work'
[2026-09-10 06:29:43Z INFO HostContext] Well known directory 'Temp': 'C:\Users\Bhuwan\Desktop\New folder\actions-runner\_work\_temp'
[2026-09-10 06:29:43Z INFO ExecutionContext] Write event payload to C:\Users\Bhuwan\Desktop\New folder\actions-runner\_work\_temp\_github_workflow\event.json
[2026-09-10 06:29:43Z INFO HostContext] Well known directory 'Bin': 'C:\Users\Bhuwan\Desktop\New folder\actions-runner\bin'
[2026-09-10 06:29:43Z INFO HostContext] Well known directory 'Root': 'C:\Users\Bhuwan\Desktop\New folder\actions-runner'
[2026-09-10 06:29:43Z INFO HostContext] Well known directory 'Work': 'C:\Users\Bhuwan\Desktop\New folder\actions-runner\_work'
[2026-09-10 06:29:43Z INFO HostContext] Well known directory 'Temp': 'C:\Users\Bhuwan\Desktop\New folder\actions-runner\_work\_temp'
[2026-09-10 06:29:43Z INFO ExtensionManager] Getting extensions for interface: 'GitHub.Runner.Worker.IFileCommandExtension'
[2026-09-10 06:29:43Z INFO ExtensionManager] Getting extensions for interface: 'GitHub.Runner.Worker.IActionCommandExtension'
[2026-09-10 06:29:43Z INFO ActionCommandManager] Register action command extension for command internal-set-repo-path
[2026-09-10 06:29:43Z INFO ActionCommandManager] Register action command extension for command set-env
[2026-09-10 06:29:43Z INFO ActionCommandManager] Register action command extension for command set-output
[2026-09-10 06:29:43Z INFO ActionCommandManager] Register action command extension for command save-state
[2026-09-10 06:29:43Z INFO ActionCommandManager] Register action command extension for command add-path
[2026-09-10 06:29:43Z INFO ActionCommandManager] Register action command extension for command add-mask
[2026-09-10 06:29:43Z INFO ActionCommandManager] Register action command extension for command add-matcher
[2026-09-10 06:29:43Z INFO ActionCommandManager] Register action command extension for command remove-matcher
[2026-09-10 06:29:43Z INFO ActionCommandManager] Register action command extension for command warning
[2026-09-10 06:29:43Z INFO ActionCommandManager] Register action command extension for command error
[2026-09-10 06:29:43Z INFO ActionCommandManager] Register action command extension for command notice
[2026-09-10 06:29:43Z INFO ActionCommandManager] Register action command extension for command debug
[2026-09-10 06:29:43Z INFO ActionCommandManager] Register action command extension for command group
[2026-09-10 06:29:43Z INFO ActionCommandManager] Register action command extension for command endgroup
[2026-09-10 06:29:43Z INFO ActionCommandManager] Register action command extension for command echo
[2026-09-10 06:29:43Z INFO ScriptHandler] Which2: 'pwsh'
[2026-09-10 06:29:43Z INFO ScriptHandler] pwsh: command not found. Make sure 'pwsh' is installed and its location included in the 'Path' environment variable.
[2026-09-10 06:29:43Z INFO ScriptHandler] Defaulting to powershell
[2026-09-10 06:29:43Z INFO ScriptHandler] Which2: 'powershell'
[2026-09-10 06:29:43Z INFO ScriptHandler] Location: 'C:\Windows\System32\WindowsPowerShell\v1.0\powershell.EXE'
[2026-09-10 06:29:43Z INFO HostContext] Well known directory 'Bin': 'C:\Users\Bhuwan\Desktop\New folder\actions-runner\bin'
[2026-09-10 06:29:43Z INFO HostContext] Well known directory 'Root': 'C:\Users\Bhuwan\Desktop\New folder\actions-runner'
[2026-09-10 06:29:43Z INFO HostContext] Well known directory 'Work': 'C:\Users\Bhuwan\Desktop\New folder\actions-runner\_work'
[2026-09-10 06:29:43Z INFO HostContext] Well known directory 'Temp': 'C:\Users\Bhuwan\Desktop\New folder\actions-runner\_work\_temp'
[2026-09-10 06:29:43Z INFO ScriptHandler] Which2: 'pwsh'
[2026-09-10 06:29:43Z INFO ScriptHandler] pwsh: command not found. Make sure 'pwsh' is installed and its location included in the 'Path' environment variable.
[2026-09-10 06:29:43Z INFO ScriptHandler] Defaulting to powershell
[2026-09-10 06:29:43Z INFO ScriptHandler] Which2: 'powershell'
[2026-09-10 06:29:43Z INFO JobServerQueue] Got a step log file to send to results service.
[2026-09-10 06:29:43Z INFO JobServerQueue] Starting upload of step log file to results service ResultsLog, C:\Users\Bhuwan\Desktop\New folder\actions-runner\_diag\blocks\4a61cfa6-15fb-4711-8f0e-9376ae3e094a_03bf4de0-06df-4ae7-881a-6b099ff0af1f.1
[2026-09-10 06:29:43Z INFO ScriptHandler] Location: 'C:\Windows\System32\WindowsPowerShell\v1.0\powershell.EXE'
[2026-09-10 06:29:43Z INFO ProcessInvokerWrapper] Starting process:
[2026-09-10 06:29:43Z INFO ProcessInvokerWrapper]   File name: 'C:\Windows\System32\WindowsPowerShell\v1.0\powershell.EXE'
[2026-09-10 06:29:43Z INFO ProcessInvokerWrapper]   Arguments: '-command ". 'C:\Users\Bhuwan\Desktop\New folder\actions-runner\_work\_temp\fa91e4b1-e91d-472e-8491-6df1ffe5d9a6.ps1'"'
[2026-09-10 06:29:43Z INFO ProcessInvokerWrapper]   Working directory: 'C:\Users\Bhuwan\Desktop\New folder\actions-runner\_work\Github-action-project\Github-action-project'
[2026-09-10 06:29:43Z INFO ProcessInvokerWrapper]   Require exit code zero: 'False'
[2026-09-10 06:29:43Z INFO ProcessInvokerWrapper]   Encoding web name:  ; code page: ''
[2026-09-10 06:29:43Z INFO ProcessInvokerWrapper]   Force kill process on cancellation: 'False'
[2026-09-10 06:29:43Z INFO ProcessInvokerWrapper]   Redirected STDIN: 'False'
[2026-09-10 06:29:43Z INFO ProcessInvokerWrapper]   Persist current code page: 'True'
[2026-09-10 06:29:43Z INFO ProcessInvokerWrapper]   Keep redirected STDIN open: 'False'
[2026-09-10 06:29:43Z INFO ProcessInvokerWrapper]   High priority process: 'False'
[2026-09-10 06:29:43Z INFO JobServerQueue] Try to append 1 batches web console lines for record '4f6d28cf-2b10-4c7e-8dd2-4fff120eed9f', success rate: 1/1.
[2026-09-10 06:29:43Z INFO JobServerQueue] Try to upload 1 log files or attachments, success rate: 1/1.
[2026-09-10 06:29:43Z INFO ProcessInvokerWrapper] Process started with process id 31504, waiting for process exit.
[2026-09-10 06:29:44Z INFO JobServerQueue] Tried to upload 1 file(s) to results, success rate: 1/1.
[2026-09-10 06:29:44Z INFO ProcessInvokerWrapper] STDOUT/STDERR stream read finished.
[2026-09-10 06:29:44Z INFO ProcessInvokerWrapper] STDOUT/STDERR stream read finished.
[2026-09-10 06:29:44Z INFO ProcessInvokerWrapper] Finished process 31504 with exit code 0, and elapsed time 00:00:01.3801318.
[2026-09-10 06:29:44Z INFO CreateStepSummaryCommand] Step Summary file (C:\Users\Bhuwan\Desktop\New folder\actions-runner\_work\_temp\_runner_file_commands\step_summary_81e2edb1-6297-4a8b-ab54-6fb0e011cb73) is empty; skipping attachment upload
[2026-09-10 06:29:44Z INFO StepsRunner] Step result: 
[2026-09-10 06:29:44Z INFO ExecutionContext] Publish step telemetry for current step {
  "action": "powershell",
  "type": "run",
  "stage": "Main",
  "stepId": "4f6d28cf-2b10-4c7e-8dd2-4fff120eed9f",
  "stepContextName": "__run",
  "result": "succeeded",
  "errorMessages": [],
  "executionTimeInSeconds": 2,
  "startTime": "2026-09-10T06:29:43.4678479Z",
  "finishTime": "2026-09-10T06:29:44.9405453Z"
}.
[2026-09-10 06:29:44Z INFO StepsRunner] No need for updating job result with current step result 'Succeeded'.
[2026-09-10 06:29:44Z INFO StepsRunner] Current state: job state = ''
[2026-09-10 06:29:44Z INFO StepsRunner] Processing step: DisplayName='Check Maven'
[2026-09-10 06:29:44Z INFO StepsRunner] Evaluating: success()
[2026-09-10 06:29:44Z INFO StepsRunner] Result: true
[2026-09-10 06:29:44Z INFO StepsRunner] Starting the step.
[2026-09-10 06:29:44Z INFO HostContext] Well known directory 'Bin': 'C:\Users\Bhuwan\Desktop\New folder\actions-runner\bin'
[2026-09-10 06:29:44Z INFO HostContext] Well known directory 'Root': 'C:\Users\Bhuwan\Desktop\New folder\actions-runner'
[2026-09-10 06:29:44Z INFO HostContext] Well known directory 'Work': 'C:\Users\Bhuwan\Desktop\New folder\actions-runner\_work'
[2026-09-10 06:29:44Z INFO StepsRunner] Which2: 'chcp'
[2026-09-10 06:29:44Z INFO StepsRunner] chcp: command not found. Make sure 'chcp' is installed and its location included in the 'Path' environment variable.
[2026-09-10 06:29:44Z WARN StepsRunner] 'chcp 65001' failed with exception chcp: command not found
[2026-09-10 06:29:44Z INFO HostContext] Well known directory 'Bin': 'C:\Users\Bhuwan\Desktop\New folder\actions-runner\bin'
[2026-09-10 06:29:44Z INFO HostContext] Well known directory 'Root': 'C:\Users\Bhuwan\Desktop\New folder\actions-runner'
[2026-09-10 06:29:44Z INFO HostContext] Well known directory 'Work': 'C:\Users\Bhuwan\Desktop\New folder\actions-runner\_work'
[2026-09-10 06:29:44Z INFO HostContext] Well known directory 'Temp': 'C:\Users\Bhuwan\Desktop\New folder\actions-runner\_work\_temp'
[2026-09-10 06:29:44Z INFO ExecutionContext] Write event payload to C:\Users\Bhuwan\Desktop\New folder\actions-runner\_work\_temp\_github_workflow\event.json
[2026-09-10 06:29:44Z INFO HostContext] Well known directory 'Bin': 'C:\Users\Bhuwan\Desktop\New folder\actions-runner\bin'
[2026-09-10 06:29:44Z INFO HostContext] Well known directory 'Root': 'C:\Users\Bhuwan\Desktop\New folder\actions-runner'
[2026-09-10 06:29:44Z INFO HostContext] Well known directory 'Work': 'C:\Users\Bhuwan\Desktop\New folder\actions-runner\_work'
[2026-09-10 06:29:44Z INFO HostContext] Well known directory 'Temp': 'C:\Users\Bhuwan\Desktop\New folder\actions-runner\_work\_temp'
[2026-09-10 06:29:44Z INFO ExtensionManager] Getting extensions for interface: 'GitHub.Runner.Worker.IFileCommandExtension'
[2026-09-10 06:29:44Z INFO ExtensionManager] Getting extensions for interface: 'GitHub.Runner.Worker.IActionCommandExtension'
[2026-09-10 06:29:44Z INFO ActionCommandManager] Register action command extension for command internal-set-repo-path
[2026-09-10 06:29:44Z INFO ActionCommandManager] Register action command extension for command set-env
[2026-09-10 06:29:44Z INFO ActionCommandManager] Register action command extension for command set-output
[2026-09-10 06:29:44Z INFO ActionCommandManager] Register action command extension for command save-state
[2026-09-10 06:29:44Z INFO ActionCommandManager] Register action command extension for command add-path
[2026-09-10 06:29:44Z INFO ActionCommandManager] Register action command extension for command add-mask
[2026-09-10 06:29:44Z INFO ActionCommandManager] Register action command extension for command add-matcher
[2026-09-10 06:29:44Z INFO ActionCommandManager] Register action command extension for command remove-matcher
[2026-09-10 06:29:44Z INFO ActionCommandManager] Register action command extension for command warning
[2026-09-10 06:29:44Z INFO ActionCommandManager] Register action command extension for command error
[2026-09-10 06:29:44Z INFO ActionCommandManager] Register action command extension for command notice
[2026-09-10 06:29:44Z INFO ActionCommandManager] Register action command extension for command debug
[2026-09-10 06:29:44Z INFO ActionCommandManager] Register action command extension for command group
[2026-09-10 06:29:44Z INFO ActionCommandManager] Register action command extension for command endgroup
[2026-09-10 06:29:44Z INFO ActionCommandManager] Register action command extension for command echo
[2026-09-10 06:29:44Z INFO ScriptHandler] Which2: 'pwsh'
[2026-09-10 06:29:44Z INFO ScriptHandler] pwsh: command not found. Make sure 'pwsh' is installed and its location included in the 'Path' environment variable.
[2026-09-10 06:29:44Z INFO ScriptHandler] Defaulting to powershell
[2026-09-10 06:29:44Z INFO ScriptHandler] Which2: 'powershell'
[2026-09-10 06:29:44Z INFO ScriptHandler] Location: 'C:\Windows\System32\WindowsPowerShell\v1.0\powershell.EXE'
[2026-09-10 06:29:44Z INFO HostContext] Well known directory 'Bin': 'C:\Users\Bhuwan\Desktop\New folder\actions-runner\bin'
[2026-09-10 06:29:44Z INFO HostContext] Well known directory 'Root': 'C:\Users\Bhuwan\Desktop\New folder\actions-runner'
[2026-09-10 06:29:44Z INFO HostContext] Well known directory 'Work': 'C:\Users\Bhuwan\Desktop\New folder\actions-runner\_work'
[2026-09-10 06:29:44Z INFO HostContext] Well known directory 'Temp': 'C:\Users\Bhuwan\Desktop\New folder\actions-runner\_work\_temp'
[2026-09-10 06:29:44Z INFO ScriptHandler] Which2: 'pwsh'
[2026-09-10 06:29:44Z INFO ScriptHandler] pwsh: command not found. Make sure 'pwsh' is installed and its location included in the 'Path' environment variable.
[2026-09-10 06:29:44Z INFO ScriptHandler] Defaulting to powershell
[2026-09-10 06:29:44Z INFO ScriptHandler] Which2: 'powershell'
[2026-09-10 06:29:44Z INFO ScriptHandler] Location: 'C:\Windows\System32\WindowsPowerShell\v1.0\powershell.EXE'
[2026-09-10 06:29:44Z INFO ProcessInvokerWrapper] Starting process:
[2026-09-10 06:29:44Z INFO ProcessInvokerWrapper]   File name: 'C:\Windows\System32\WindowsPowerShell\v1.0\powershell.EXE'
[2026-09-10 06:29:44Z INFO ProcessInvokerWrapper]   Arguments: '-command ". 'C:\Users\Bhuwan\Desktop\New folder\actions-runner\_work\_temp\e133caf2-dcb7-479a-99e4-2e1ec527d821.ps1'"'
[2026-09-10 06:29:44Z INFO ProcessInvokerWrapper]   Working directory: 'C:\Users\Bhuwan\Desktop\New folder\actions-runner\_work\Github-action-project\Github-action-project'
[2026-09-10 06:29:44Z INFO ProcessInvokerWrapper]   Require exit code zero: 'False'
[2026-09-10 06:29:44Z INFO ProcessInvokerWrapper]   Encoding web name:  ; code page: ''
[2026-09-10 06:29:44Z INFO ProcessInvokerWrapper]   Force kill process on cancellation: 'False'
[2026-09-10 06:29:44Z INFO ProcessInvokerWrapper]   Redirected STDIN: 'False'
[2026-09-10 06:29:44Z INFO ProcessInvokerWrapper]   Persist current code page: 'True'
[2026-09-10 06:29:44Z INFO ProcessInvokerWrapper]   Keep redirected STDIN open: 'False'
[2026-09-10 06:29:44Z INFO ProcessInvokerWrapper]   High priority process: 'False'
[2026-09-10 06:29:45Z INFO JobServerQueue] Try to append 1 batches web console lines for record '4f6d28cf-2b10-4c7e-8dd2-4fff120eed9f', success rate: 1/1.
[2026-09-10 06:29:45Z INFO JobServerQueue] Try to append 1 batches web console lines for record 'ce70eb99-b80e-4f9b-a2e3-5874a692bcf7', success rate: 1/1.
[2026-09-10 06:29:45Z INFO HostContext] Well known directory 'Bin': 'C:\Users\Bhuwan\Desktop\New folder\actions-runner\bin'
[2026-09-10 06:29:45Z INFO HostContext] Well known directory 'Root': 'C:\Users\Bhuwan\Desktop\New folder\actions-runner'
[2026-09-10 06:29:45Z INFO HostContext] Well known directory 'Work': 'C:\Users\Bhuwan\Desktop\New folder\actions-runner\_work'
[2026-09-10 06:29:45Z INFO ProcessInvokerWrapper] Process started with process id 23724, waiting for process exit.
[2026-09-10 06:29:45Z INFO JobServerQueue] Got a step log file to send to results service.
[2026-09-10 06:29:45Z INFO JobServerQueue] Starting upload of step log file to results service ResultsLog, C:\Users\Bhuwan\Desktop\New folder\actions-runner\_diag\blocks\4a61cfa6-15fb-4711-8f0e-9376ae3e094a_4f6d28cf-2b10-4c7e-8dd2-4fff120eed9f.1
[2026-09-10 06:29:45Z INFO JobServerQueue] Try to upload 1 log files or attachments, success rate: 1/1.
[2026-09-10 06:29:46Z INFO JobServerQueue] Tried to upload 1 file(s) to results, success rate: 1/1.
[2026-09-10 06:29:46Z INFO JobServerQueue] Try to append 1 batches web console lines for record 'ce70eb99-b80e-4f9b-a2e3-5874a692bcf7', success rate: 1/1.
[2026-09-10 06:29:47Z INFO ProcessInvokerWrapper] STDOUT/STDERR stream read finished.
[2026-09-10 06:29:47Z INFO ProcessInvokerWrapper] STDOUT/STDERR stream read finished.
[2026-09-10 06:29:47Z INFO ProcessInvokerWrapper] Finished process 23724 with exit code 1, and elapsed time 00:00:02.9251587.
[2026-09-10 06:29:47Z INFO CreateStepSummaryCommand] Step Summary file (C:\Users\Bhuwan\Desktop\New folder\actions-runner\_work\_temp\_runner_file_commands\step_summary_3b8e01ad-fad6-4137-a9b6-d0b1278362c4) is empty; skipping attachment upload
[2026-09-10 06:29:47Z INFO StepsRunner] Step result: Failed
[2026-09-10 06:29:47Z INFO ExecutionContext] Publish step telemetry for current step {
  "action": "powershell",
  "type": "run",
  "stage": "Main",
  "stepId": "ce70eb99-b80e-4f9b-a2e3-5874a692bcf7",
  "stepContextName": "__run_2",
  "result": "failed",
  "errorMessages": [
    "Process completed with exit code 1."
  ],
  "executionTimeInSeconds": 3,
  "startTime": "2026-09-10T06:29:44.9440313Z",
  "finishTime": "2026-09-10T06:29:47.9043177Z"
}.
[2026-09-10 06:29:47Z INFO StepsRunner] Update job result with current step result 'Failed'.
[2026-09-10 06:29:47Z INFO StepsRunner] Current state: job state = 'Failed'
[2026-09-10 06:29:47Z INFO StepsRunner] Processing step: DisplayName='Build with Maven'
[2026-09-10 06:29:47Z INFO StepsRunner] Evaluating: success()
[2026-09-10 06:29:47Z INFO StepsRunner] Result: false
[2026-09-10 06:29:47Z INFO StepsRunner] Skipping step due to condition evaluation.
[2026-09-10 06:29:47Z INFO StepsRunner] No need for updating job result with current step result 'Skipped'.
[2026-09-10 06:29:47Z INFO StepsRunner] Current state: job state = 'Failed'
[2026-09-10 06:29:47Z INFO StepsRunner] Processing step: DisplayName='Post Set up JDK 17'
[2026-09-10 06:29:47Z INFO StepsRunner] Evaluating: always()
[2026-09-10 06:29:47Z INFO StepsRunner] Result: true
[2026-09-10 06:29:47Z INFO StepsRunner] Starting the step.
[2026-09-10 06:29:47Z INFO HostContext] Well known directory 'Bin': 'C:\Users\Bhuwan\Desktop\New folder\actions-runner\bin'
[2026-09-10 06:29:47Z INFO HostContext] Well known directory 'Root': 'C:\Users\Bhuwan\Desktop\New folder\actions-runner'
[2026-09-10 06:29:47Z INFO HostContext] Well known directory 'Work': 'C:\Users\Bhuwan\Desktop\New folder\actions-runner\_work'
[2026-09-10 06:29:47Z INFO StepsRunner] Which2: 'chcp'
[2026-09-10 06:29:47Z INFO StepsRunner] chcp: command not found. Make sure 'chcp' is installed and its location included in the 'Path' environment variable.
[2026-09-10 06:29:47Z WARN StepsRunner] 'chcp 65001' failed with exception chcp: command not found
[2026-09-10 06:29:47Z INFO HostContext] Well known directory 'Bin': 'C:\Users\Bhuwan\Desktop\New folder\actions-runner\bin'
[2026-09-10 06:29:47Z INFO HostContext] Well known directory 'Root': 'C:\Users\Bhuwan\Desktop\New folder\actions-runner'
[2026-09-10 06:29:47Z INFO HostContext] Well known directory 'Work': 'C:\Users\Bhuwan\Desktop\New folder\actions-runner\_work'
[2026-09-10 06:29:47Z INFO HostContext] Well known directory 'Actions': 'C:\Users\Bhuwan\Desktop\New folder\actions-runner\_work\_actions'
[2026-09-10 06:29:47Z INFO ActionManager] Load action that reference repository from 'C:\Users\Bhuwan\Desktop\New folder\actions-runner\_work\_actions\actions\setup-java\v5'
[2026-09-10 06:29:47Z INFO HostContext] Well known directory 'Bin': 'C:\Users\Bhuwan\Desktop\New folder\actions-runner\bin'
[2026-09-10 06:29:47Z INFO HostContext] Well known directory 'Root': 'C:\Users\Bhuwan\Desktop\New folder\actions-runner'
[2026-09-10 06:29:47Z INFO HostContext] Well known directory 'Work': 'C:\Users\Bhuwan\Desktop\New folder\actions-runner\_work'
[2026-09-10 06:29:47Z INFO HostContext] Well known directory 'Actions': 'C:\Users\Bhuwan\Desktop\New folder\actions-runner\_work\_actions'
[2026-09-10 06:29:47Z INFO ActionManifestManagerLegacy] Ignore action property author.
[2026-09-10 06:29:47Z INFO ActionManifestManagerLegacy] Loaded action.yml file: {
  "name": "Setup Java JDK",
  "description": "Set up a specific version of the Java JDK and add the command-line tools to the PATH",
  "inputs": {
    "type": 2,
    "map": [
      {
        "key": {
          "type": 0,
          "file": 3,
          "line": 6,
          "col": 3,
          "lit": "java-version"
        },
        "value": ""
      },
      {
        "key": {
          "type": 0,
          "file": 3,
          "line": 9,
          "col": 3,
          "lit": "java-version-file"
        },
        "value": ""
      },
      {
        "key": {
          "type": 0,
          "file": 3,
          "line": 12,
          "col": 3,
          "lit": "distribution"
        },
        "value": ""
      },
      {
        "key": {
          "type": 0,
          "file": 3,
          "line": 15,
          "col": 3,
          "lit": "java-package"
        },
        "value": {
          "type": 0,
          "file": 3,
          "line": 18,
          "col": 14,
          "lit": "jdk"
        }
      },
      {
        "key": {
          "type": 0,
          "file": 3,
          "line": 19,
          "col": 3,
          "lit": "architecture"
        },
        "value": ""
      },
      {
        "key": {
          "type": 0,
          "file": 3,
          "line": 22,
          "col": 3,
          "lit": "jdk-file"
        },
        "value": ""
      },
      {
        "key": {
          "type": 0,
          "file": 3,
          "line": 25,
          "col": 3,
          "lit": "jdkFile"
        },
        "value": ""
      },
      {
        "key": {
          "type": 0,
          "file": 3,
          "line": 29,
          "col": 3,
          "lit": "check-latest"
        },
        "value": {
          "type": 0,
          "file": 3,
          "line": 32,
          "col": 14,
          "lit": "false"
        }
      },
      {
        "key": {
          "type": 0,
          "file": 3,
          "line": 33,
          "col": 3,
          "lit": "set-default"
        },
        "value": {
          "type": 0,
          "file": 3,
          "line": 36,
          "col": 14,
          "lit": "true"
        }
      },
      {
        "key": {
          "type": 0,
          "file": 3,
          "line": 37,
          "col": 3,
          "lit": "verify-signature"
        },
        "value": {
          "type": 0,
          "file": 3,
          "line": 40,
          "col": 14,
          "lit": "false"
        }
      },
      {
        "key": {
          "type": 0,
          "file": 3,
          "line": 41,
          "col": 3,
          "lit": "verify-signature-public-key"
        },
        "value": ""
      },
      {
        "key": {
          "type": 0,
          "file": 3,
          "line": 44,
          "col": 3,
          "lit": "server-id"
        },
        "value": {
          "type": 0,
          "file": 3,
          "line": 48,
          "col": 14,
          "lit": "github"
        }
      },
      {
        "key": {
          "type": 0,
          "file": 3,
          "line": 49,
          "col": 3,
          "lit": "server-username"
        },
        "value": {
          "type": 0,
          "file": 3,
          "line": 53,
          "col": 14,
          "lit": "GITHUB_ACTOR"
        }
      },
      {
        "key": {
          "type": 0,
          "file": 3,
          "line": 54,
          "col": 3,
          "lit": "server-password"
        },
        "value": {
          "type": 0,
          "file": 3,
          "line": 58,
          "col": 14,
          "lit": "GITHUB_TOKEN"
        }
      },
      {
        "key": {
          "type": 0,
          "file": 3,
          "line": 59,
          "col": 3,
          "lit": "settings-path"
        },
        "value": ""
      },
      {
        "key": {
          "type": 0,
          "file": 3,
          "line": 62,
          "col": 3,
          "lit": "overwrite-settings"
        },
        "value": {
          "type": 0,
          "file": 3,
          "line": 65,
          "col": 14,
          "lit": "true"
        }
      },
      {
        "key": {
          "type": 0,
          "file": 3,
          "line": 66,
          "col": 3,
          "lit": "gpg-private-key"
        },
        "value": {
          "type": 0,
          "file": 3,
          "line": 69,
          "col": 14,
          "lit": ""
        }
      },
      {
        "key": {
          "type": 0,
          "file": 3,
          "line": 70,
          "col": 3,
          "lit": "gpg-passphrase"
        },
        "value": ""
      },
      {
        "key": {
          "type": 0,
          "file": 3,
          "line": 73,
          "col": 3,
          "lit": "cache"
        },
        "value": ""
      },
      {
        "key": {
          "type": 0,
          "file": 3,
          "line": 76,
          "col": 3,
          "lit": "cache-dependency-path"
        },
        "value": ""
      },
      {
        "key": {
          "type": 0,
          "file": 3,
          "line": 79,
          "col": 3,
          "lit": "job-status"
        },
        "value": {
          "type": 3,
          "file": 3,
          "line": 82,
          "col": 14,
          "expr": "job.status"
        }
      },
      {
        "key": {
          "type": 0,
          "file": 3,
          "line": 83,
          "col": 3,
          "lit": "token"
        },
        "value": {
          "type": 3,
          "file": 3,
          "line": 86,
          "col": 14,
          "expr": "github.server_url == 'https://github.com' && github.token || ''"
        }
      },
      {
        "key": {
          "type": 0,
          "file": 3,
          "line": 87,
          "col": 3,
          "lit": "mvn-toolchain-id"
        },
        "value": ""
      },
      {
        "key": {
          "type": 0,
          "file": 3,
          "line": 90,
          "col": 3,
          "lit": "mvn-toolchain-vendor"
        },
        "value": ""
      },
      {
        "key": {
          "type": 0,
          "file": 3,
          "line": 93,
          "col": 3,
          "lit": "show-download-progress"
        },
        "value": {
          "type": 0,
          "file": 3,
          "line": 96,
          "col": 14,
          "lit": "false"
        }
      }
    ]
  },
  "execution": {
    "executionType": "nodeJS",
    "hasPre": false,
    "hasPost": true,
    "script": "dist/setup/index.js",
    "pre": null,
    "post": "dist/cleanup/index.js",
    "nodeVersion": "node24",
    "cleanupCondition": "always()",
    "initCondition": "always()"
  },
  "deprecated": {
    "jdkFile": "The `jdkFile` input is deprecated. Use `jdk-file` instead."
  }
}
[2026-09-10 06:29:47Z INFO ActionManager] Action pre node.js file: N/A.
[2026-09-10 06:29:47Z INFO ActionManager] Action node.js file: dist/setup/index.js.
[2026-09-10 06:29:47Z INFO ActionManager] Action post node.js file: dist/cleanup/index.js.
[2026-09-10 06:29:47Z INFO HostContext] Well known directory 'Bin': 'C:\Users\Bhuwan\Desktop\New folder\actions-runner\bin'
[2026-09-10 06:29:47Z INFO HostContext] Well known directory 'Root': 'C:\Users\Bhuwan\Desktop\New folder\actions-runner'
[2026-09-10 06:29:47Z INFO HostContext] Well known directory 'Work': 'C:\Users\Bhuwan\Desktop\New folder\actions-runner\_work'
[2026-09-10 06:29:47Z INFO HostContext] Well known directory 'Temp': 'C:\Users\Bhuwan\Desktop\New folder\actions-runner\_work\_temp'
[2026-09-10 06:29:47Z INFO ExecutionContext] Write event payload to C:\Users\Bhuwan\Desktop\New folder\actions-runner\_work\_temp\_github_workflow\event.json
[2026-09-10 06:29:47Z INFO HostContext] Well known directory 'Bin': 'C:\Users\Bhuwan\Desktop\New folder\actions-runner\bin'
[2026-09-10 06:29:48Z INFO HostContext] Well known directory 'Root': 'C:\Users\Bhuwan\Desktop\New folder\actions-runner'
[2026-09-10 06:29:48Z INFO HostContext] Well known directory 'Work': 'C:\Users\Bhuwan\Desktop\New folder\actions-runner\_work'
[2026-09-10 06:29:48Z INFO HostContext] Well known directory 'Temp': 'C:\Users\Bhuwan\Desktop\New folder\actions-runner\_work\_temp'
[2026-09-10 06:29:48Z INFO ExtensionManager] Getting extensions for interface: 'GitHub.Runner.Worker.IFileCommandExtension'
[2026-09-10 06:29:48Z INFO JobServerQueue] Try to append 1 batches web console lines for record 'ce70eb99-b80e-4f9b-a2e3-5874a692bcf7', success rate: 1/1.
[2026-09-10 06:29:48Z INFO JobServerQueue] Got a step log file to send to results service.
[2026-09-10 06:29:48Z INFO JobServerQueue] Starting upload of step log file to results service ResultsLog, C:\Users\Bhuwan\Desktop\New folder\actions-runner\_diag\blocks\4a61cfa6-15fb-4711-8f0e-9376ae3e094a_ce70eb99-b80e-4f9b-a2e3-5874a692bcf7.1
[2026-09-10 06:29:48Z INFO JobServerQueue] Try to upload 1 log files or attachments, success rate: 1/1.
[2026-09-10 06:29:49Z INFO JobServerQueue] Tried to upload 1 file(s) to results, success rate: 1/1.
[2026-09-10 06:29:49Z INFO ActionManifestManagerLegacy] Input 'java-version-file': default value evaluate result: ""
[2026-09-10 06:29:49Z INFO ActionManifestManagerLegacy] Input 'java-package': default value evaluate result: {
  "type": 0,
  "file": 3,
  "line": 18,
  "col": 14,
  "lit": "jdk"
}
[2026-09-10 06:29:49Z INFO ActionManifestManagerLegacy] Input 'architecture': default value evaluate result: ""
[2026-09-10 06:29:49Z INFO ActionManifestManagerLegacy] Input 'jdk-file': default value evaluate result: ""
[2026-09-10 06:29:49Z INFO ActionManifestManagerLegacy] Input 'jdkFile': default value evaluate result: ""
[2026-09-10 06:29:49Z INFO ActionManifestManagerLegacy] Input 'check-latest': default value evaluate result: {
  "type": 0,
  "file": 3,
  "line": 32,
  "col": 14,
  "lit": "false"
}
[2026-09-10 06:29:49Z INFO ActionManifestManagerLegacy] Input 'set-default': default value evaluate result: {
  "type": 0,
  "file": 3,
  "line": 36,
  "col": 14,
  "lit": "true"
}
[2026-09-10 06:29:49Z INFO ActionManifestManagerLegacy] Input 'verify-signature': default value evaluate result: {
  "type": 0,
  "file": 3,
  "line": 40,
  "col": 14,
  "lit": "false"
}
[2026-09-10 06:29:49Z INFO ActionManifestManagerLegacy] Input 'verify-signature-public-key': default value evaluate result: ""
[2026-09-10 06:29:49Z INFO ActionManifestManagerLegacy] Input 'server-id': default value evaluate result: {
  "type": 0,
  "file": 3,
  "line": 48,
  "col": 14,
  "lit": "github"
}
[2026-09-10 06:29:49Z INFO ActionManifestManagerLegacy] Input 'server-username': default value evaluate result: {
  "type": 0,
  "file": 3,
  "line": 53,
  "col": 14,
  "lit": "GITHUB_ACTOR"
}
[2026-09-10 06:29:49Z INFO ActionManifestManagerLegacy] Input 'server-password': default value evaluate result: {
  "type": 0,
  "file": 3,
  "line": 58,
  "col": 14,
  "lit": "GITHUB_TOKEN"
}
[2026-09-10 06:29:49Z INFO ActionManifestManagerLegacy] Input 'settings-path': default value evaluate result: ""
[2026-09-10 06:29:49Z INFO ActionManifestManagerLegacy] Input 'overwrite-settings': default value evaluate result: {
  "type": 0,
  "file": 3,
  "line": 65,
  "col": 14,
  "lit": "true"
}
[2026-09-10 06:29:49Z INFO ActionManifestManagerLegacy] Input 'gpg-private-key': default value evaluate result: {
  "type": 0,
  "file": 3,
  "line": 69,
  "col": 14,
  "lit": ""
}
[2026-09-10 06:29:49Z INFO ActionManifestManagerLegacy] Input 'gpg-passphrase': default value evaluate result: ""
[2026-09-10 06:29:49Z INFO ActionManifestManagerLegacy] Input 'cache-dependency-path': default value evaluate result: ""
[2026-09-10 06:29:49Z INFO ActionManifestManagerLegacy] Input 'job-status': default value evaluate result: {
  "type": 0,
  "file": 3,
  "line": 82,
  "col": 14,
  "lit": "failure"
}
[2026-09-10 06:29:49Z INFO ActionManifestManagerLegacy] Input 'token': default value evaluate result: {
  "type": 0,
  "file": 3,
  "line": 86,
  "col": 14,
  "lit": "***"
}
[2026-09-10 06:29:49Z INFO ActionManifestManagerLegacy] Input 'mvn-toolchain-id': default value evaluate result: ""
[2026-09-10 06:29:49Z INFO ActionManifestManagerLegacy] Input 'mvn-toolchain-vendor': default value evaluate result: ""
[2026-09-10 06:29:49Z INFO ActionManifestManagerLegacy] Input 'show-download-progress': default value evaluate result: {
  "type": 0,
  "file": 3,
  "line": 96,
  "col": 14,
  "lit": "false"
}
[2026-09-10 06:29:49Z INFO ExtensionManager] Getting extensions for interface: 'GitHub.Runner.Worker.IActionCommandExtension'
[2026-09-10 06:29:49Z INFO ActionCommandManager] Register action command extension for command internal-set-repo-path
[2026-09-10 06:29:49Z INFO ActionCommandManager] Register action command extension for command set-env
[2026-09-10 06:29:49Z INFO ActionCommandManager] Register action command extension for command set-output
[2026-09-10 06:29:49Z INFO ActionCommandManager] Register action command extension for command save-state
[2026-09-10 06:29:49Z INFO ActionCommandManager] Register action command extension for command add-path
[2026-09-10 06:29:49Z INFO ActionCommandManager] Register action command extension for command add-mask
[2026-09-10 06:29:49Z INFO ActionCommandManager] Register action command extension for command add-matcher
[2026-09-10 06:29:49Z INFO ActionCommandManager] Register action command extension for command remove-matcher
[2026-09-10 06:29:49Z INFO ActionCommandManager] Register action command extension for command warning
[2026-09-10 06:29:49Z INFO ActionCommandManager] Register action command extension for command error
[2026-09-10 06:29:49Z INFO ActionCommandManager] Register action command extension for command notice
[2026-09-10 06:29:49Z INFO ActionCommandManager] Register action command extension for command debug
[2026-09-10 06:29:49Z INFO ActionCommandManager] Register action command extension for command group
[2026-09-10 06:29:49Z INFO ActionCommandManager] Register action command extension for command endgroup
[2026-09-10 06:29:49Z INFO ActionCommandManager] Register action command extension for command echo
[2026-09-10 06:29:49Z INFO HostContext] Well known directory 'Bin': 'C:\Users\Bhuwan\Desktop\New folder\actions-runner\bin'
[2026-09-10 06:29:49Z INFO HostContext] Well known directory 'Root': 'C:\Users\Bhuwan\Desktop\New folder\actions-runner'
[2026-09-10 06:29:49Z INFO HostContext] Well known directory 'Externals': 'C:\Users\Bhuwan\Desktop\New folder\actions-runner\externals'
[2026-09-10 06:29:49Z INFO ProcessInvokerWrapper] Starting process:
[2026-09-10 06:29:49Z INFO ProcessInvokerWrapper]   File name: 'C:\Users\Bhuwan\Desktop\New folder\actions-runner\externals\node24\bin\node.exe'
[2026-09-10 06:29:49Z INFO ProcessInvokerWrapper]   Arguments: '"C:\Users\Bhuwan\Desktop\New folder\actions-runner\_work\_actions\actions\setup-java\v5\dist/cleanup/index.js"'
[2026-09-10 06:29:49Z INFO ProcessInvokerWrapper]   Working directory: 'C:\Users\Bhuwan\Desktop\New folder\actions-runner\_work\Github-action-project\Github-action-project'
[2026-09-10 06:29:49Z INFO ProcessInvokerWrapper]   Require exit code zero: 'False'
[2026-09-10 06:29:49Z INFO ProcessInvokerWrapper]   Encoding web name: utf-8 ; code page: '65001'
[2026-09-10 06:29:49Z INFO ProcessInvokerWrapper]   Force kill process on cancellation: 'False'
[2026-09-10 06:29:49Z INFO ProcessInvokerWrapper]   Redirected STDIN: 'False'
[2026-09-10 06:29:49Z INFO ProcessInvokerWrapper]   Persist current code page: 'True'
[2026-09-10 06:29:49Z INFO ProcessInvokerWrapper]   Keep redirected STDIN open: 'False'
[2026-09-10 06:29:49Z INFO ProcessInvokerWrapper]   High priority process: 'False'
[2026-09-10 06:29:49Z INFO JobServerQueue] Try to append 1 batches web console lines for record '75ecf0a1-913e-4619-a6c2-88abc626e32c', success rate: 1/1.
[2026-09-10 06:29:50Z INFO ProcessInvokerWrapper] Process started with process id 9452, waiting for process exit.
[2026-09-10 06:29:53Z INFO ProcessInvokerWrapper] STDOUT/STDERR stream read finished.
[2026-09-10 06:29:53Z INFO ProcessInvokerWrapper] STDOUT/STDERR stream read finished.
[2026-09-10 06:29:53Z INFO ProcessInvokerWrapper] Finished process 9452 with exit code 0, and elapsed time 00:00:04.0903013.
[2026-09-10 06:29:53Z INFO CreateStepSummaryCommand] Step Summary file (C:\Users\Bhuwan\Desktop\New folder\actions-runner\_work\_temp\_runner_file_commands\step_summary_aa361283-a9fc-4bd0-b779-e97af9d6f2cc) is empty; skipping attachment upload
[2026-09-10 06:29:53Z INFO StepsRunner] Step result: 
[2026-09-10 06:29:53Z INFO ExecutionContext] Publish step telemetry for current step {
  "action": "actions/setup-java",
  "ref": "v5",
  "type": "node24",
  "stage": "Post",
  "stepId": "75ecf0a1-913e-4619-a6c2-88abc626e32c",
  "result": "succeeded",
  "errorMessages": [],
  "executionTimeInSeconds": 6,
  "startTime": "2026-09-10T06:29:47.9128521Z",
  "finishTime": "2026-09-10T06:29:53.6542822Z"
}.
[2026-09-10 06:29:53Z INFO StepsRunner] No need for updating job result with current step result 'Succeeded'.
[2026-09-10 06:29:53Z INFO StepsRunner] Current state: job state = 'Failed'
[2026-09-10 06:29:53Z INFO StepsRunner] Processing step: DisplayName='Post Checkout code'
[2026-09-10 06:29:53Z INFO StepsRunner] Evaluating: always()
[2026-09-10 06:29:53Z INFO StepsRunner] Result: true
[2026-09-10 06:29:53Z INFO StepsRunner] Starting the step.
[2026-09-10 06:29:53Z INFO HostContext] Well known directory 'Bin': 'C:\Users\Bhuwan\Desktop\New folder\actions-runner\bin'
[2026-09-10 06:29:53Z INFO HostContext] Well known directory 'Root': 'C:\Users\Bhuwan\Desktop\New folder\actions-runner'
[2026-09-10 06:29:53Z INFO HostContext] Well known directory 'Work': 'C:\Users\Bhuwan\Desktop\New folder\actions-runner\_work'
[2026-09-10 06:29:53Z INFO StepsRunner] Which2: 'chcp'
[2026-09-10 06:29:53Z INFO StepsRunner] chcp: command not found. Make sure 'chcp' is installed and its location included in the 'Path' environment variable.
[2026-09-10 06:29:53Z WARN StepsRunner] 'chcp 65001' failed with exception chcp: command not found
[2026-09-10 06:29:53Z INFO HostContext] Well known directory 'Bin': 'C:\Users\Bhuwan\Desktop\New folder\actions-runner\bin'
[2026-09-10 06:29:53Z INFO HostContext] Well known directory 'Root': 'C:\Users\Bhuwan\Desktop\New folder\actions-runner'
[2026-09-10 06:29:53Z INFO HostContext] Well known directory 'Work': 'C:\Users\Bhuwan\Desktop\New folder\actions-runner\_work'
[2026-09-10 06:29:53Z INFO HostContext] Well known directory 'Actions': 'C:\Users\Bhuwan\Desktop\New folder\actions-runner\_work\_actions'
[2026-09-10 06:29:53Z INFO ActionManager] Load action that reference repository from 'C:\Users\Bhuwan\Desktop\New folder\actions-runner\_work\_actions\actions\checkout\v6'
[2026-09-10 06:29:53Z INFO HostContext] Well known directory 'Bin': 'C:\Users\Bhuwan\Desktop\New folder\actions-runner\bin'
[2026-09-10 06:29:53Z INFO HostContext] Well known directory 'Root': 'C:\Users\Bhuwan\Desktop\New folder\actions-runner'
[2026-09-10 06:29:53Z INFO HostContext] Well known directory 'Work': 'C:\Users\Bhuwan\Desktop\New folder\actions-runner\_work'
[2026-09-10 06:29:53Z INFO HostContext] Well known directory 'Actions': 'C:\Users\Bhuwan\Desktop\New folder\actions-runner\_work\_actions'
[2026-09-10 06:29:53Z INFO ActionManifestManagerLegacy] Loaded action.yml file: {
  "name": "Checkout",
  "description": "Checkout a Git repository at a particular version",
  "inputs": {
    "type": 2,
    "map": [
      {
        "key": {
          "type": 0,
          "file": 2,
          "line": 4,
          "col": 3,
          "lit": "repository"
        },
        "value": {
          "type": 3,
          "file": 2,
          "line": 6,
          "col": 14,
          "expr": "github.repository"
        }
      },
      {
        "key": {
          "type": 0,
          "file": 2,
          "line": 7,
          "col": 3,
          "lit": "ref"
        },
        "value": ""
      },
      {
        "key": {
          "type": 0,
          "file": 2,
          "line": 12,
          "col": 3,
          "lit": "token"
        },
        "value": {
          "type": 3,
          "file": 2,
          "line": 24,
          "col": 14,
          "expr": "github.token"
        }
      },
      {
        "key": {
          "type": 0,
          "file": 2,
          "line": 25,
          "col": 3,
          "lit": "ssh-key"
        },
        "value": ""
      },
      {
        "key": {
          "type": 0,
          "file": 2,
          "line": 37,
          "col": 3,
          "lit": "ssh-known-hosts"
        },
        "value": ""
      },
      {
        "key": {
          "type": 0,
          "file": 2,
          "line": 42,
          "col": 3,
          "lit": "ssh-strict"
        },
        "value": {
          "type": 0,
          "file": 2,
          "line": 47,
          "col": 14,
          "lit": "true"
        }
      },
      {
        "key": {
          "type": 0,
          "file": 2,
          "line": 48,
          "col": 3,
          "lit": "ssh-user"
        },
        "value": {
          "type": 0,
          "file": 2,
          "line": 51,
          "col": 14,
          "lit": "git"
        }
      },
      {
        "key": {
          "type": 0,
          "file": 2,
          "line": 52,
          "col": 3,
          "lit": "persist-credentials"
        },
        "value": {
          "type": 0,
          "file": 2,
          "line": 54,
          "col": 14,
          "lit": "true"
        }
      },
      {
        "key": {
          "type": 0,
          "file": 2,
          "line": 55,
          "col": 3,
          "lit": "path"
        },
        "value": ""
      },
      {
        "key": {
          "type": 0,
          "file": 2,
          "line": 57,
          "col": 3,
          "lit": "clean"
        },
        "value": {
          "type": 0,
          "file": 2,
          "line": 59,
          "col": 14,
          "lit": "true"
        }
      },
      {
        "key": {
          "type": 0,
          "file": 2,
          "line": 60,
          "col": 3,
          "lit": "filter"
        },
        "value": {
          "type": 0,
          "file": 2,
          "line": 64,
          "col": 14,
          "lit": ""
        }
      },
      {
        "key": {
          "type": 0,
          "file": 2,
          "line": 65,
          "col": 3,
          "lit": "sparse-checkout"
        },
        "value": {
          "type": 0,
          "file": 2,
          "line": 69,
          "col": 14,
          "lit": ""
        }
      },
      {
        "key": {
          "type": 0,
          "file": 2,
          "line": 70,
          "col": 3,
          "lit": "sparse-checkout-cone-mode"
        },
        "value": {
          "type": 0,
          "file": 2,
          "line": 73,
          "col": 14,
          "lit": "true"
        }
      },
      {
        "key": {
          "type": 0,
          "file": 2,
          "line": 74,
          "col": 3,
          "lit": "fetch-depth"
        },
        "value": {
          "type": 0,
          "file": 2,
          "line": 76,
          "col": 14,
          "lit": "1"
        }
      },
      {
        "key": {
          "type": 0,
          "file": 2,
          "line": 77,
          "col": 3,
          "lit": "fetch-tags"
        },
        "value": {
          "type": 0,
          "file": 2,
          "line": 79,
          "col": 14,
          "lit": "false"
        }
      },
      {
        "key": {
          "type": 0,
          "file": 2,
          "line": 80,
          "col": 3,
          "lit": "show-progress"
        },
        "value": {
          "type": 0,
          "file": 2,
          "line": 82,
          "col": 14,
          "lit": "true"
        }
      },
      {
        "key": {
          "type": 0,
          "file": 2,
          "line": 83,
          "col": 3,
          "lit": "lfs"
        },
        "value": {
          "type": 0,
          "file": 2,
          "line": 85,
          "col": 14,
          "lit": "false"
        }
      },
      {
        "key": {
          "type": 0,
          "file": 2,
          "line": 86,
          "col": 3,
          "lit": "submodules"
        },
        "value": {
          "type": 0,
          "file": 2,
          "line": 94,
          "col": 14,
          "lit": "false"
        }
      },
      {
        "key": {
          "type": 0,
          "file": 2,
          "line": 95,
          "col": 3,
          "lit": "set-safe-directory"
        },
        "value": {
          "type": 0,
          "file": 2,
          "line": 97,
          "col": 14,
          "lit": "true"
        }
      },
      {
        "key": {
          "type": 0,
          "file": 2,
          "line": 98,
          "col": 3,
          "lit": "github-server-url"
        },
        "value": ""
      },
      {
        "key": {
          "type": 0,
          "file": 2,
          "line": 101,
          "col": 3,
          "lit": "allow-unsafe-pr-checkout"
        },
        "value": {
          "type": 0,
          "file": 2,
          "line": 109,
          "col": 14,
          "lit": "false"
        }
      }
    ]
  },
  "execution": {
    "executionType": "nodeJS",
    "hasPre": false,
    "hasPost": true,
    "script": "dist/index.js",
    "pre": null,
    "post": "dist/index.js",
    "nodeVersion": "node24",
    "cleanupCondition": "always()",
    "initCondition": "always()"
  },
  "deprecated": null
}
[2026-09-10 06:29:53Z INFO ActionManager] Action pre node.js file: N/A.
[2026-09-10 06:29:53Z INFO ActionManager] Action node.js file: dist/index.js.
[2026-09-10 06:29:53Z INFO ActionManager] Action post node.js file: dist/index.js.
[2026-09-10 06:29:53Z INFO HostContext] Well known directory 'Bin': 'C:\Users\Bhuwan\Desktop\New folder\actions-runner\bin'
[2026-09-10 06:29:53Z INFO HostContext] Well known directory 'Root': 'C:\Users\Bhuwan\Desktop\New folder\actions-runner'
[2026-09-10 06:29:53Z INFO HostContext] Well known directory 'Work': 'C:\Users\Bhuwan\Desktop\New folder\actions-runner\_work'
[2026-09-10 06:29:53Z INFO HostContext] Well known directory 'Temp': 'C:\Users\Bhuwan\Desktop\New folder\actions-runner\_work\_temp'
[2026-09-10 06:29:53Z INFO ExecutionContext] Write event payload to C:\Users\Bhuwan\Desktop\New folder\actions-runner\_work\_temp\_github_workflow\event.json
[2026-09-10 06:29:53Z INFO HostContext] Well known directory 'Bin': 'C:\Users\Bhuwan\Desktop\New folder\actions-runner\bin'
[2026-09-10 06:29:53Z INFO HostContext] Well known directory 'Root': 'C:\Users\Bhuwan\Desktop\New folder\actions-runner'
[2026-09-10 06:29:53Z INFO HostContext] Well known directory 'Work': 'C:\Users\Bhuwan\Desktop\New folder\actions-runner\_work'
[2026-09-10 06:29:53Z INFO HostContext] Well known directory 'Temp': 'C:\Users\Bhuwan\Desktop\New folder\actions-runner\_work\_temp'
[2026-09-10 06:29:53Z INFO ExtensionManager] Getting extensions for interface: 'GitHub.Runner.Worker.IFileCommandExtension'
[2026-09-10 06:29:53Z INFO ActionManifestManagerLegacy] Input 'repository': default value evaluate result: {
  "type": 0,
  "file": 2,
  "line": 6,
  "col": 14,
  "lit": "bhuwan1233/Github-action-project"
}
[2026-09-10 06:29:53Z INFO ActionManifestManagerLegacy] Input 'ref': default value evaluate result: ""
[2026-09-10 06:29:53Z INFO ActionManifestManagerLegacy] Input 'token': default value evaluate result: {
  "type": 0,
  "file": 2,
  "line": 24,
  "col": 14,
  "lit": "***"
}
[2026-09-10 06:29:53Z INFO ActionManifestManagerLegacy] Input 'ssh-key': default value evaluate result: ""
[2026-09-10 06:29:53Z INFO ActionManifestManagerLegacy] Input 'ssh-known-hosts': default value evaluate result: ""
[2026-09-10 06:29:53Z INFO ActionManifestManagerLegacy] Input 'ssh-strict': default value evaluate result: {
  "type": 0,
  "file": 2,
  "line": 47,
  "col": 14,
  "lit": "true"
}
[2026-09-10 06:29:53Z INFO ActionManifestManagerLegacy] Input 'ssh-user': default value evaluate result: {
  "type": 0,
  "file": 2,
  "line": 51,
  "col": 14,
  "lit": "git"
}
[2026-09-10 06:29:53Z INFO ActionManifestManagerLegacy] Input 'persist-credentials': default value evaluate result: {
  "type": 0,
  "file": 2,
  "line": 54,
  "col": 14,
  "lit": "true"
}
[2026-09-10 06:29:53Z INFO ActionManifestManagerLegacy] Input 'path': default value evaluate result: ""
[2026-09-10 06:29:53Z INFO ActionManifestManagerLegacy] Input 'clean': default value evaluate result: {
  "type": 0,
  "file": 2,
  "line": 59,
  "col": 14,
  "lit": "true"
}
[2026-09-10 06:29:53Z INFO ActionManifestManagerLegacy] Input 'filter': default value evaluate result: {
  "type": 0,
  "file": 2,
  "line": 64,
  "col": 14,
  "lit": ""
}
[2026-09-10 06:29:53Z INFO ActionManifestManagerLegacy] Input 'sparse-checkout': default value evaluate result: {
  "type": 0,
  "file": 2,
  "line": 69,
  "col": 14,
  "lit": ""
}
[2026-09-10 06:29:53Z INFO ActionManifestManagerLegacy] Input 'sparse-checkout-cone-mode': default value evaluate result: {
  "type": 0,
  "file": 2,
  "line": 73,
  "col": 14,
  "lit": "true"
}
[2026-09-10 06:29:53Z INFO ActionManifestManagerLegacy] Input 'fetch-depth': default value evaluate result: {
  "type": 0,
  "file": 2,
  "line": 76,
  "col": 14,
  "lit": "1"
}
[2026-09-10 06:29:53Z INFO ActionManifestManagerLegacy] Input 'fetch-tags': default value evaluate result: {
  "type": 0,
  "file": 2,
  "line": 79,
  "col": 14,
  "lit": "false"
}
[2026-09-10 06:29:53Z INFO ActionManifestManagerLegacy] Input 'show-progress': default value evaluate result: {
  "type": 0,
  "file": 2,
  "line": 82,
  "col": 14,
  "lit": "true"
}
[2026-09-10 06:29:53Z INFO ActionManifestManagerLegacy] Input 'lfs': default value evaluate result: {
  "type": 0,
  "file": 2,
  "line": 85,
  "col": 14,
  "lit": "false"
}
[2026-09-10 06:29:53Z INFO ActionManifestManagerLegacy] Input 'submodules': default value evaluate result: {
  "type": 0,
  "file": 2,
  "line": 94,
  "col": 14,
  "lit": "false"
}
[2026-09-10 06:29:53Z INFO ActionManifestManagerLegacy] Input 'set-safe-directory': default value evaluate result: {
  "type": 0,
  "file": 2,
  "line": 97,
  "col": 14,
  "lit": "true"
}
[2026-09-10 06:29:53Z INFO ActionManifestManagerLegacy] Input 'github-server-url': default value evaluate result: ""
[2026-09-10 06:29:53Z INFO ActionManifestManagerLegacy] Input 'allow-unsafe-pr-checkout': default value evaluate result: {
  "type": 0,
  "file": 2,
  "line": 109,
  "col": 14,
  "lit": "false"
}
[2026-09-10 06:29:53Z INFO ExtensionManager] Getting extensions for interface: 'GitHub.Runner.Worker.IActionCommandExtension'
[2026-09-10 06:29:53Z INFO ActionCommandManager] Register action command extension for command internal-set-repo-path
[2026-09-10 06:29:53Z INFO ActionCommandManager] Register action command extension for command set-env
[2026-09-10 06:29:53Z INFO ActionCommandManager] Register action command extension for command set-output
[2026-09-10 06:29:53Z INFO ActionCommandManager] Register action command extension for command save-state
[2026-09-10 06:29:53Z INFO ActionCommandManager] Register action command extension for command add-path
[2026-09-10 06:29:53Z INFO ActionCommandManager] Register action command extension for command add-mask
[2026-09-10 06:29:53Z INFO ActionCommandManager] Register action command extension for command add-matcher
[2026-09-10 06:29:53Z INFO ActionCommandManager] Register action command extension for command remove-matcher
[2026-09-10 06:29:53Z INFO ActionCommandManager] Register action command extension for command warning
[2026-09-10 06:29:53Z INFO ActionCommandManager] Register action command extension for command error
[2026-09-10 06:29:53Z INFO ActionCommandManager] Register action command extension for command notice
[2026-09-10 06:29:53Z INFO ActionCommandManager] Register action command extension for command debug
[2026-09-10 06:29:53Z INFO ActionCommandManager] Register action command extension for command group
[2026-09-10 06:29:53Z INFO ActionCommandManager] Register action command extension for command endgroup
[2026-09-10 06:29:53Z INFO ActionCommandManager] Register action command extension for command echo
[2026-09-10 06:29:53Z INFO HostContext] Well known directory 'Bin': 'C:\Users\Bhuwan\Desktop\New folder\actions-runner\bin'
[2026-09-10 06:29:53Z INFO HostContext] Well known directory 'Root': 'C:\Users\Bhuwan\Desktop\New folder\actions-runner'
[2026-09-10 06:29:53Z INFO HostContext] Well known directory 'Externals': 'C:\Users\Bhuwan\Desktop\New folder\actions-runner\externals'
[2026-09-10 06:29:53Z INFO ProcessInvokerWrapper] Starting process:
[2026-09-10 06:29:53Z INFO ProcessInvokerWrapper]   File name: 'C:\Users\Bhuwan\Desktop\New folder\actions-runner\externals\node24\bin\node.exe'
[2026-09-10 06:29:53Z INFO ProcessInvokerWrapper]   Arguments: '"C:\Users\Bhuwan\Desktop\New folder\actions-runner\_work\_actions\actions\checkout\v6\dist/index.js"'
[2026-09-10 06:29:53Z INFO ProcessInvokerWrapper]   Working directory: 'C:\Users\Bhuwan\Desktop\New folder\actions-runner\_work\Github-action-project\Github-action-project'
[2026-09-10 06:29:53Z INFO ProcessInvokerWrapper]   Require exit code zero: 'False'
[2026-09-10 06:29:53Z INFO ProcessInvokerWrapper]   Encoding web name: utf-8 ; code page: '65001'
[2026-09-10 06:29:53Z INFO ProcessInvokerWrapper]   Force kill process on cancellation: 'False'
[2026-09-10 06:29:53Z INFO ProcessInvokerWrapper]   Redirected STDIN: 'False'
[2026-09-10 06:29:53Z INFO ProcessInvokerWrapper]   Persist current code page: 'True'
[2026-09-10 06:29:53Z INFO ProcessInvokerWrapper]   Keep redirected STDIN open: 'False'
[2026-09-10 06:29:53Z INFO ProcessInvokerWrapper]   High priority process: 'False'
[2026-09-10 06:29:53Z INFO JobServerQueue] Try to append 1 batches web console lines for record '1a71e698-b5de-4cc5-8fed-deab1002de74', success rate: 1/1.
[2026-09-10 06:29:53Z INFO JobServerQueue] Try to upload 1 log files or attachments, success rate: 1/1.
[2026-09-10 06:29:53Z INFO ProcessInvokerWrapper] Process started with process id 30856, waiting for process exit.
[2026-09-10 06:29:54Z INFO ProcessInvokerWrapper] STDOUT/STDERR stream read finished.
[2026-09-10 06:29:54Z INFO ProcessInvokerWrapper] STDOUT/STDERR stream read finished.
[2026-09-10 06:29:54Z INFO ProcessInvokerWrapper] Finished process 30856 with exit code 0, and elapsed time 00:00:00.4413207.
[2026-09-10 06:29:54Z INFO CreateStepSummaryCommand] Step Summary file (C:\Users\Bhuwan\Desktop\New folder\actions-runner\_work\_temp\_runner_file_commands\step_summary_3ec20888-b67b-4d8c-8967-54e496b29efd) is empty; skipping attachment upload
[2026-09-10 06:29:54Z INFO StepsRunner] Step result: 
[2026-09-10 06:29:54Z INFO ExecutionContext] Publish step telemetry for current step {
  "action": "actions/checkout",
  "ref": "v6",
  "type": "node24",
  "stage": "Post",
  "stepId": "1a71e698-b5de-4cc5-8fed-deab1002de74",
  "result": "succeeded",
  "errorMessages": [],
  "executionTimeInSeconds": 1,
  "startTime": "2026-09-10T06:29:53.6562238Z",
  "finishTime": "2026-09-10T06:29:54.2979533Z"
}.
[2026-09-10 06:29:54Z INFO StepsRunner] No need for updating job result with current step result 'Succeeded'.
[2026-09-10 06:29:54Z INFO StepsRunner] Current state: job state = 'Failed'
[2026-09-10 06:29:54Z INFO JobRunner] Finalize job.
[2026-09-10 06:29:54Z INFO HostContext] Well known directory 'Bin': 'C:\Users\Bhuwan\Desktop\New folder\actions-runner\bin'
[2026-09-10 06:29:54Z INFO HostContext] Well known directory 'Root': 'C:\Users\Bhuwan\Desktop\New folder\actions-runner'
[2026-09-10 06:29:54Z INFO HostContext] Well known directory 'Diag': 'C:\Users\Bhuwan\Desktop\New folder\actions-runner\_diag'
[2026-09-10 06:29:54Z INFO HostContext] Well known directory 'Bin': 'C:\Users\Bhuwan\Desktop\New folder\actions-runner\bin'
[2026-09-10 06:29:54Z INFO HostContext] Well known directory 'Root': 'C:\Users\Bhuwan\Desktop\New folder\actions-runner'
[2026-09-10 06:29:54Z INFO HostContext] Well known directory 'Diag': 'C:\Users\Bhuwan\Desktop\New folder\actions-runner\_diag'
[2026-09-10 06:29:54Z INFO JobExtension] Initialize Env context
[2026-09-10 06:29:54Z INFO JobExtension] Initialize steps context
[2026-09-10 06:29:54Z INFO JobExtension] Total accessible running process: 290.
[2026-09-10 06:29:54Z INFO JobExtension] Inspecting process environment variables. PID: 31448 (dllhost)
[2026-09-10 06:29:54Z INFO JobServerQueue] Got a step log file to send to results service.
[2026-09-10 06:29:54Z INFO JobServerQueue] Starting upload of step log file to results service ResultsLog, C:\Users\Bhuwan\Desktop\New folder\actions-runner\_diag\blocks\4a61cfa6-15fb-4711-8f0e-9376ae3e094a_75ecf0a1-913e-4619-a6c2-88abc626e32c.1
[2026-09-10 06:29:54Z INFO JobServerQueue] Try to append 1 batches web console lines for record 'ec5c0eb4-72b4-41e5-9abf-7d172562b122', success rate: 1/1.
[2026-09-10 06:29:54Z INFO JobServerQueue] Try to upload 1 log files or attachments, success rate: 1/1.
[2026-09-10 06:29:55Z INFO JobExtension] Inspecting process environment variables. PID: 30072 (chrome)
[2026-09-10 06:29:55Z INFO JobExtension] Wait for all connectivity checks to finish.
[2026-09-10 06:29:55Z INFO JobExtension] Connectivity check result: {
  "endpointUrl": "https://broker.actions.githubusercontent.com/health",
  "endpointIPs": null,
  "startTime": "2026-09-10T06:29:35.1782525Z",
  "statusCode": "http_OK",
  "requestId": "34AD:3C94C2:114BEA2:1201AD3:6AA24E50",
  "httpRequestDurationInMs": 1063,
  "dnsResolutionDurationInMs": 0,
  "dnsError": null
}
[2026-09-10 06:29:55Z INFO JobExtension] Connectivity check result: {
  "endpointUrl": "https://token.actions.githubusercontent.com/ready",
  "endpointIPs": null,
  "startTime": "2026-09-10T06:29:35.1800405Z",
  "statusCode": "http_NoContent",
  "requestId": "9E87:EEC80:1782612:1B1D997:6AA24E50",
  "httpRequestDurationInMs": 1188,
  "dnsResolutionDurationInMs": 0,
  "dnsError": null
}
[2026-09-10 06:29:55Z INFO JobExtension] Connectivity check result: {
  "endpointUrl": "https://run.actions.githubusercontent.com/health",
  "endpointIPs": null,
  "startTime": "2026-09-10T06:29:35.1804841Z",
  "statusCode": "http_OK",
  "requestId": "83FA:6A19A:1156822:11A3DAE:6AA24E50",
  "httpRequestDurationInMs": 1042,
  "dnsResolutionDurationInMs": 0,
  "dnsError": null
}
[2026-09-10 06:29:55Z INFO ExecutionContext] Publish step telemetry for current step {
  "action": "complete_job",
  "type": "runner",
  "stage": "Post",
  "stepId": "ec5c0eb4-72b4-41e5-9abf-7d172562b122",
  "result": "succeeded",
  "errorMessages": [],
  "executionTimeInSeconds": 1,
  "startTime": "2026-09-10T06:29:54.3155581Z",
  "finishTime": "2026-09-10T06:29:55.0288337Z"
}.
[2026-09-10 06:29:55Z INFO JobRunner] Job result after all job steps finish: Failed
[2026-09-10 06:29:55Z INFO JobRunner] Completing the job execution context.
[2026-09-10 06:29:55Z INFO JobRunner] Shutting down the job server queue.
[2026-09-10 06:29:55Z INFO JobServerQueue] Fire signal to shutdown all queues.
[2026-09-10 06:29:55Z INFO JobServerQueue] Got a step log file to send to results service.
[2026-09-10 06:29:55Z INFO JobServerQueue] Starting upload of step log file to results service ResultsLog, C:\Users\Bhuwan\Desktop\New folder\actions-runner\_diag\blocks\4a61cfa6-15fb-4711-8f0e-9376ae3e094a_1a71e698-b5de-4cc5-8fed-deab1002de74.1
[2026-09-10 06:29:56Z INFO JobServerQueue] Tried to upload 2 file(s) to results, success rate: 2/2.
[2026-09-10 06:29:57Z INFO JobServerQueue] All queue process task stopped.
[2026-09-10 06:29:57Z INFO JobServerQueue] Web console line queue drained.
[2026-09-10 06:29:57Z INFO JobServerQueue] Uploading 2 files in one shot.
[2026-09-10 06:29:57Z INFO JobServerQueue] Try to upload 2 log files or attachments, success rate: 2/2.
[2026-09-10 06:29:57Z INFO JobServerQueue] File upload queue drained.
[2026-09-10 06:29:57Z INFO JobServerQueue] Starting results-based upload queue...
[2026-09-10 06:29:57Z INFO JobServerQueue] Uploading 2 file(s) in one shot through results service.
[2026-09-10 06:29:57Z INFO JobServerQueue] Got a step log file to send to results service.
[2026-09-10 06:29:57Z INFO JobServerQueue] Starting upload of step log file to results service ResultsLog, C:\Users\Bhuwan\Desktop\New folder\actions-runner\_diag\blocks\4a61cfa6-15fb-4711-8f0e-9376ae3e094a_ec5c0eb4-72b4-41e5-9abf-7d172562b122.1
[2026-09-10 06:29:57Z INFO JobServerQueue] Got a job log file to send to results service.
[2026-09-10 06:29:57Z INFO JobServerQueue] Starting upload of job log file to results service ResultsLog, C:\Users\Bhuwan\Desktop\New folder\actions-runner\_diag\blocks\4a61cfa6-15fb-4711-8f0e-9376ae3e094a_94124892-bf01-5677-a7f1-882b4b9c1493.1
[2026-09-10 06:29:59Z INFO JobServerQueue] Tried to upload 2 file(s) to results, success rate: 2/2.
[2026-09-10 06:29:59Z INFO JobServerQueue] Results upload queue drained.
[2026-09-10 06:29:59Z INFO JobServerQueue] Timeline update queue drained.
[2026-09-10 06:29:59Z INFO JobServerQueue] Disposing job server ...
[2026-09-10 06:29:59Z INFO JobServerQueue] Disposing results server ...
[2026-09-10 06:29:59Z INFO JobServerQueue] All queue process tasks have been stopped, and all queues are drained.
[2026-09-10 06:29:59Z INFO TempDirectoryManager] Cleaning runner temp folder: C:\Users\Bhuwan\Desktop\New folder\actions-runner\_work\_temp
[2026-09-10 06:29:59Z INFO HostContext] Well known directory 'Bin': 'C:\Users\Bhuwan\Desktop\New folder\actions-runner\bin'
[2026-09-10 06:29:59Z INFO HostContext] Well known directory 'Root': 'C:\Users\Bhuwan\Desktop\New folder\actions-runner'
[2026-09-10 06:29:59Z INFO HostContext] Well known directory 'Diag': 'C:\Users\Bhuwan\Desktop\New folder\actions-runner\_diag'
[2026-09-10 06:29:59Z INFO HostContext] Well known config file 'Telemetry': 'C:\Users\Bhuwan\Desktop\New folder\actions-runner\_diag\.telemetry'
[2026-09-10 06:29:59Z INFO JobRunner] Raising job completed against run service
[2026-09-10 06:30:01Z INFO Worker] Job completed.
