[2026-09-10 06:24:47Z INFO HostContext] No proxy settings were found based on environmental variables (http_proxy/https_proxy/HTTP_PROXY/HTTPS_PROXY)
[2026-09-10 06:24:47Z INFO HostContext] Well known directory 'Bin': 'C:\Users\Bhuwan\Desktop\New folder\actions-runner\bin'
[2026-09-10 06:24:47Z INFO HostContext] Well known directory 'Root': 'C:\Users\Bhuwan\Desktop\New folder\actions-runner'
[2026-09-10 06:24:47Z INFO HostContext] Well known config file 'Credentials': 'C:\Users\Bhuwan\Desktop\New folder\actions-runner\.credentials'
[2026-09-10 06:24:47Z INFO HostContext] Well known directory 'Bin': 'C:\Users\Bhuwan\Desktop\New folder\actions-runner\bin'
[2026-09-10 06:24:47Z INFO HostContext] Well known directory 'Root': 'C:\Users\Bhuwan\Desktop\New folder\actions-runner'
[2026-09-10 06:24:47Z INFO HostContext] Well known config file 'Runner': 'C:\Users\Bhuwan\Desktop\New folder\actions-runner\.runner'
[2026-09-10 06:24:47Z INFO Worker] Version: 2.337.0
[2026-09-10 06:24:47Z INFO Worker] Commit: 397b032cbf865e9c3ddfab89d533ec19325e1273
[2026-09-10 06:24:47Z INFO Worker] Culture: en-US
[2026-09-10 06:24:47Z INFO Worker] UI Culture: en-US
[2026-09-10 06:24:47Z INFO Worker] Waiting to receive the job message from the channel.
[2026-09-10 06:24:47Z INFO ProcessChannel] Receiving message of length 23875, with hash '8299ad789f6f374c154898aa229364c785dcf46ae359f0401a89c34c0129c018'
[2026-09-10 06:24:47Z INFO Worker] Message received.
[2026-09-10 06:24:48Z INFO Worker] Job message:
 {
  "fileTable": [
    ".github/workflows/cicd.yml"
  ],
  "mask": [
    {
      "type": "regex",
      "value": "***"
    },
    {
      "type": "regex",
      "value": "***"
    },
    {
      "type": "regex",
      "value": "***"
    },
    {
      "type": "regex",
      "value": "***"
    },
    {
      "type": "regex",
      "value": "***"
    },
    {
      "type": "regex",
      "value": "***"
    },
    {
      "type": "regex",
      "value": "***"
    },
    {
      "type": "regex",
      "value": "***"
    },
    {
      "type": "regex",
      "value": "***"
    },
    {
      "type": "regex",
      "value": "***"
    },
    {
      "type": "regex",
      "value": "***"
    },
    {
      "type": "regex",
      "value": "***"
    },
    {
      "type": "regex",
      "value": "***"
    },
    {
      "type": "regex",
      "value": "***"
    },
    {
      "type": "regex",
      "value": "***"
    },
    {
      "type": "regex",
      "value": "***"
    },
    {
      "type": "regex",
      "value": "***"
    },
    {
      "type": "regex",
      "value": "***"
    },
    {
      "type": "regex",
      "value": "***"
    },
    {
      "type": "regex",
      "value": "***"
    },
    {
      "type": "regex",
      "value": "***"
    },
    {
      "type": "regex",
      "value": "***"
    },
    {
      "type": "regex",
      "value": "***"
    },
    {
      "type": "regex",
      "value": "***"
    }
  ],
  "steps": [
    {
      "type": "action",
      "reference": {
        "type": "repository",
        "name": "actions/checkout",
        "ref": "v6",
        "repositoryType": "GitHub"
      },
      "displayNameToken": {
        "type": 0,
        "file": 1,
        "line": 15,
        "col": 15,
        "lit": "Checkout code"
      },
      "contextName": "__actions_checkout",
      "condition": "success()",
      "id": "b350f98b-f8bb-4a0c-9f0e-cfafda16ad02",
      "name": "__actions_checkout"
    },
    {
      "type": "action",
      "reference": {
        "type": "repository",
        "name": "actions/setup-java",
        "ref": "v5",
        "repositoryType": "GitHub"
      },
      "displayNameToken": {
        "type": 0,
        "file": 1,
        "line": 18,
        "col": 15,
        "lit": "Set up JDK 17"
      },
      "contextName": "__actions_setup-java",
      "inputs": {
        "type": 2,
        "file": 1,
        "line": 21,
        "col": 11,
        "map": [
          {
            "key": {
              "type": 0,
              "file": 1,
              "line": 21,
              "col": 11,
              "lit": "java-version"
            },
            "value": {
              "type": 0,
              "file": 1,
              "line": 21,
              "col": 25,
              "lit": "17"
            }
          },
          {
            "key": {
              "type": 0,
              "file": 1,
              "line": 22,
              "col": 11,
              "lit": "distribution"
            },
            "value": {
              "type": 0,
              "file": 1,
              "line": 22,
              "col": 25,
              "lit": "temurin"
            }
          },
          {
            "key": {
              "type": 0,
              "file": 1,
              "line": 23,
              "col": 11,
              "lit": "cache"
            },
            "value": {
              "type": 0,
              "file": 1,
              "line": 23,
              "col": 18,
              "lit": "maven"
            }
          }
        ]
      },
      "condition": "success()",
      "id": "4ad2d1ba-3899-4dda-93ca-7c386d82c607",
      "name": "__actions_setup-java"
    },
    {
      "type": "action",
      "reference": {
        "type": "script"
      },
      "displayNameToken": {
        "type": 0,
        "file": 1,
        "line": 25,
        "col": 15,
        "lit": "Check Java"
      },
      "contextName": "__run",
      "inputs": {
        "type": 2,
        "map": [
          {
            "key": "script",
            "value": {
              "type": 0,
              "file": 1,
              "line": 26,
              "col": 14,
              "lit": "java -version"
            }
          }
        ]
      },
      "condition": "success()",
      "id": "5fdd622a-bbb6-403a-946e-4fba30dde624",
      "name": "__run"
    },
    {
      "type": "action",
      "reference": {
        "type": "script"
      },
      "displayNameToken": {
        "type": 0,
        "file": 1,
        "line": 28,
        "col": 15,
        "lit": "Check Maven"
      },
      "contextName": "__run_2",
      "inputs": {
        "type": 2,
        "map": [
          {
            "key": "script",
            "value": {
              "type": 0,
              "file": 1,
              "line": 29,
              "col": 14,
              "lit": "mvn -version"
            }
          }
        ]
      },
      "condition": "success()",
      "id": "053477da-27bd-405f-94c8-a9b578509334",
      "name": "__run_2"
    },
    {
      "type": "action",
      "reference": {
        "type": "script"
      },
      "displayNameToken": {
        "type": 0,
        "file": 1,
        "line": 31,
        "col": 15,
        "lit": "Build with Maven"
      },
      "contextName": "__run_3",
      "inputs": {
        "type": 2,
        "map": [
          {
            "key": "script",
            "value": {
              "type": 0,
              "file": 1,
              "line": 32,
              "col": 14,
              "lit": "mvn compile"
            }
          }
        ]
      },
      "condition": "success()",
      "id": "e6b9ccaa-f6c5-49c9-9cb4-0e7e587620aa",
      "name": "__run_3"
    }
  ],
  "variables": {
    "Actions.EnableHttpRedirects": {
      "value": "true"
    },
    "DistributedTask.AddWarningToNode12Action": {
      "value": "true"
    },
    "DistributedTask.AddWarningToNode16Action": {
      "value": "true"
    },
    "DistributedTask.AllowRunnerContainerHooks": {
      "value": "true"
    },
    "DistributedTask.DeprecateStepOutputCommands": {
      "value": "true"
    },
    "DistributedTask.DetailUntarFailure": {
      "value": "true"
    },
    "DistributedTask.EnableCompositeActions": {
      "value": "true"
    },
    "DistributedTask.EnableJobServerQueueTelemetry": {
      "value": "true"
    },
    "DistributedTask.EnhancedAnnotations": {
      "value": "true"
    },
    "DistributedTask.ForceGithubJavascriptActionsToNode16": {
      "value": "true"
    },
    "DistributedTask.ForceGithubJavascriptActionsToNode20": {
      "value": "true"
    },
    "DistributedTask.LogTemplateErrorsAsDebugMessages": {
      "value": "true"
    },
    "DistributedTask.MarkJobAsFailedOnWorkerCrash": {
      "value": "true"
    },
    "DistributedTask.NewActionMetadata": {
      "value": "true"
    },
    "DistributedTask.UploadStepSummary": {
      "value": "true"
    },
    "DistributedTask.UseActionArchiveCache": {
      "value": "true"
    },
    "DistributedTask.UseWhich2": {
      "value": "true"
    },
    "RunService.FixEmbeddedIssues": {
      "value": "true"
    },
    "actions.runner.requirenode24": {
      "value": "false"
    },
    "actions.runner.usenode24bydefault": {
      "value": "true"
    },
    "actions.runner.warnonnode20": {
      "value": "true"
    },
    "actions_add_check_run_id_to_job_context": {
      "value": "true"
    },
    "actions_batch_action_resolution": {
      "value": "false"
    },
    "actions_cache_mode": {
      "value": "write"
    },
    "actions_container_action_runner_temp": {
      "value": "true"
    },
    "actions_display_helpful_actions_download_errors": {
      "value": "true"
    },
    "actions_runner_allow_artifacts_file": {
      "value": "false"
    },
    "actions_runner_compare_workflow_parser": {
      "value": "false"
    },
    "actions_runner_deprecate_linux_arm32": {
      "value": "true"
    },
    "actions_runner_emit_composite_markers": {
      "value": "true"
    },
    "actions_runner_kill_linux_arm32": {
      "value": "false"
    },
    "actions_runner_node20_removal_date": {
      "value": ""
    },
    "actions_runner_node24_default_date": {
      "value": "June 16th, 2026"
    },
    "actions_self_repository": {
      "value": "true"
    },
    "actions_service_container_command": {
      "value": "true"
    },
    "actions_set_orchestration_id_env_for_actions": {
      "value": "true"
    },
    "actions_skip_retry_complete_job_upon_known_errors": {
      "value": "true"
    },
    "actions_snapshot_preflight_hosted_runner_check": {
      "value": "false"
    },
    "actions_snapshot_preflight_image_gen_pool_check": {
      "value": "false"
    },
    "actions_use_bearer_token_for_codeload": {
      "value": "false"
    },
    "actions_uses_cache_service_v2": {
      "value": "true"
    },
    "github_token": {
      "value": "***",
      "isSecret": true
    },
    "system.from_run_service": {
      "value": "true"
    },
    "system.github.job": {
      "value": "compile"
    },
    "system.github.launch_endpoint": {
      "value": "https://launch.actions.githubusercontent.com"
    },
    "system.github.results_endpoint": {
      "value": "https://results-receiver.actions.githubusercontent.com/"
    },
    "system.github.results_upload_with_sdk": {
      "value": "true"
    },
    "system.github.token": {
      "value": "***",
      "isSecret": true
    },
    "system.github.token.permissions": {
      "value": "{\"Contents\":\"read\",\"Metadata\":\"read\",\"Packages\":\"read\"}"
    },
    "system.orchestrationId": {
      "value": "16515659-5e85-4f97-9d18-96e35b7cba62.compile.__default"
    },
    "system.phaseDisplayName": {
      "value": "compile"
    },
    "system.runner.lowdiskspacethreshold": {
      "value": "100"
    },
    "system.runnerEnvironment": {
      "value": "self-hosted"
    },
    "system.runnerGroupName": {
      "value": "Default"
    }
  },
  "messageType": "RunnerJobRequest",
  "plan": {
    "scopeIdentifier": "00000000-0000-0000-0000-000000000000",
    "planType": "actions",
    "version": 0,
    "planId": "16515659-5e85-4f97-9d18-96e35b7cba62",
    "planGroup": null,
    "artifactUri": null,
    "artifactLocation": null,
    "definition": null,
    "owner": null
  },
  "timeline": {
    "id": "16515659-5e85-4f97-9d18-96e35b7cba62",
    "changeId": 0,
    "location": null
  },
  "jobId": "1e2a0daf-c6d2-5c77-9df9-3e0156463677",
  "jobDisplayName": "compile",
  "jobName": "__default",
  "requestId": 0,
  "lockedUntil": "0001-01-01T00:00:00",
  "resources": {
    "endpoints": [
      {
        "data": {
          "ServerId": "",
          "ServerName": "",
          "CacheServerUrl": "https://artifactcache.actions.githubusercontent.com/fgpwAyjT6x6hl5EQmnS8Sh0eHJbJVIsJGuHTP7IkIRVJtP51yA/",
          "FeedStreamUrl": "wss://results-receiver.actions.githubusercontent.com/_ws/ingest.sock",
          "ResultsServiceUrl": "https://results-receiver.actions.githubusercontent.com/",
          "PipelinesServiceUrl": "https://pipelinesghubeus2.actions.githubusercontent.com/fgpwAyjT6x6hl5EQmnS8Sh0eHJbJVIsJGuHTP7IkIRVJtP51yA/",
          "GenerateIdTokenUrl": "",
          "ConnectivityChecks": "[\"https://broker.actions.githubusercontent.com/health\",\"https://token.actions.githubusercontent.com/ready\",\"https://run.actions.githubusercontent.com/health\"]",
          "ConnectivityAndDNSChecks": ""
        },
        "name": "SystemVssConnection",
        "url": "https://run-actions-3-azure-eastus.actions.githubusercontent.com/95/",
        "authorization": {
          "parameters": {
            "AccessToken": "***"
          },
          "scheme": "OAuth"
        },
        "isShared": false,
        "isReady": true
      }
    ]
  },
  "contextData": {
    "github": {
      "t": 2,
      "d": [
        {
          "k": "ref",
          "v": "refs/heads/main"
        },
        {
          "k": "sha",
          "v": "f7a4814c7ce6b72170778155ed25b884c3587c72"
        },
        {
          "k": "repository",
          "v": "bhuwan1233/Github-action-project"
        },
        {
          "k": "repository_owner",
          "v": "bhuwan1233"
        },
        {
          "k": "repository_owner_id",
          "v": "98870773"
        },
        {
          "k": "repositoryUrl",
          "v": "git://github.com/bhuwan1233/Github-action-project.git"
        },
        {
          "k": "run_id",
          "v": "34444727862"
        },
        {
          "k": "run_number",
          "v": "12"
        },
        {
          "k": "retention_days",
          "v": "90"
        },
        {
          "k": "run_attempt",
          "v": "1"
        },
        {
          "k": "artifact_cache_size_limit",
          "v": "10"
        },
        {
          "k": "repository_visibility",
          "v": "public"
        },
        {
          "k": "actor_id",
          "v": "98870773"
        },
        {
          "k": "actor",
          "v": "bhuwan1233"
        },
        {
          "k": "workflow",
          "v": "CICD pipeline"
        },
        {
          "k": "head_ref",
          "v": ""
        },
        {
          "k": "base_ref",
          "v": ""
        },
        {
          "k": "event_name",
          "v": "push"
        },
        {
          "k": "server_url",
          "v": "https://github.com"
        },
        {
          "k": "api_url",
          "v": "https://api.github.com"
        },
        {
          "k": "graphql_url",
          "v": "https://api.github.com/graphql"
        },
        {
          "k": "ref_name",
          "v": "main"
        },
        {
          "k": "ref_protected",
          "v": false
        },
        {
          "k": "ref_type",
          "v": "branch"
        },
        {
          "k": "secret_source",
          "v": "Actions"
        },
        {
          "k": "event",
          "v": {
            "t": 2,
            "d": [
              {
                "k": "after",
                "v": "f7a4814c7ce6b72170778155ed25b884c3587c72"
              },
              {
                "k": "base_ref",
                "v": null
              },
              {
                "k": "before",
                "v": "df0d204c773f646264550cb0dc27ffc8204dc474"
              },
              {
                "k": "commits",
                "v": {
                  "t": 1,
                  "a": [
                    {
                      "t": 2,
                      "d": [
                        {
                          "k": "author",
                          "v": {
                            "t": 2,
                            "d": [
                              {
                                "k": "email",
                                "v": "98870773+bhuwan1233@users.noreply.github.com"
                              },
                              {
                                "k": "name",
                                "v": "Bhuwan Bohara"
                              },
                              {
                                "k": "username",
                                "v": "bhuwan1233"
                              }
                            ]
                          }
                        },
                        {
                          "k": "committer",
                          "v": {
                            "t": 2,
                            "d": [
                              {
                                "k": "email",
                                "v": "noreply@github.com"
                              },
                              {
                                "k": "name",
                                "v": "GitHub"
                              },
                              {
                                "k": "username",
                                "v": "web-flow"
                              }
                            ]
                          }
                        },
                        {
                          "k": "distinct",
                          "v": true
                        },
                        {
                          "k": "id",
                          "v": "f7a4814c7ce6b72170778155ed25b884c3587c72"
                        },
                        {
                          "k": "message",
                          "v": "Update cicd.yml"
                        },
                        {
                          "k": "timestamp",
                          "v": "2026-09-10T12:04:53+05:45"
                        },
                        {
                          "k": "tree_id",
                          "v": "889f001dd410fabfb30b80e5a7cf1cce75b1aac2"
                        },
                        {
                          "k": "url",
                          "v": "https://github.com/bhuwan1233/Github-action-project/commit/f7a4814c7ce6b72170778155ed25b884c3587c72"
                        }
                      ]
                    }
                  ]
                }
              },
              {
                "k": "compare",
                "v": "https://github.com/bhuwan1233/Github-action-project/compare/df0d204c773f...f7a4814c7ce6"
              },
              {
                "k": "created",
                "v": false
              },
              {
                "k": "deleted",
                "v": false
              },
              {
                "k": "forced",
                "v": false
              },
              {
                "k": "head_commit",
                "v": {
                  "t": 2,
                  "d": [
                    {
                      "k": "author",
                      "v": {
                        "t": 2,
                        "d": [
                          {
                            "k": "email",
                            "v": "98870773+bhuwan1233@users.noreply.github.com"
                          },
                          {
                            "k": "name",
                            "v": "Bhuwan Bohara"
                          },
                          {
                            "k": "username",
                            "v": "bhuwan1233"
                          }
                        ]
                      }
                    },
                    {
                      "k": "committer",
                      "v": {
                        "t": 2,
                        "d": [
                          {
                            "k": "email",
                            "v": "noreply@github.com"
                          },
                          {
                            "k": "name",
                            "v": "GitHub"
                          },
                          {
                            "k": "username",
                            "v": "web-flow"
                          }
                        ]
                      }
                    },
                    {
                      "k": "distinct",
                      "v": true
                    },
                    {
                      "k": "id",
                      "v": "f7a4814c7ce6b72170778155ed25b884c3587c72"
                    },
                    {
                      "k": "message",
                      "v": "Update cicd.yml"
                    },
                    {
                      "k": "timestamp",
                      "v": "2026-09-10T12:04:53+05:45"
                    },
                    {
                      "k": "tree_id",
                      "v": "889f001dd410fabfb30b80e5a7cf1cce75b1aac2"
                    },
                    {
                      "k": "url",
                      "v": "https://github.com/bhuwan1233/Github-action-project/commit/f7a4814c7ce6b72170778155ed25b884c3587c72"
                    }
                  ]
                }
              },
              {
                "k": "pusher",
                "v": {
                  "t": 2,
                  "d": [
                    {
                      "k": "email",
                      "v": "98870773+bhuwan1233@users.noreply.github.com"
                    },
                    {
                      "k": "name",
                      "v": "bhuwan1233"
                    }
                  ]
                }
              },
              {
                "k": "ref",
                "v": "refs/heads/main"
              },
              {
                "k": "repository",
                "v": {
                  "t": 2,
                  "d": [
                    {
                      "k": "allow_forking",
                      "v": true
                    },
                    {
                      "k": "archive_url",
                      "v": "https://api.github.com/repos/bhuwan1233/Github-action-project/{archive_format}{/ref}"
                    },
                    {
                      "k": "archived",
                      "v": false
                    },
                    {
                      "k": "assignees_url",
                      "v": "https://api.github.com/repos/bhuwan1233/Github-action-project/assignees{/user}"
                    },
                    {
                      "k": "blobs_url",
                      "v": "https://api.github.com/repos/bhuwan1233/Github-action-project/git/blobs{/sha}"
                    },
                    {
                      "k": "branches_url",
                      "v": "https://api.github.com/repos/bhuwan1233/Github-action-project/branches{/branch}"
                    },
                    {
                      "k": "clone_url",
                      "v": "https://github.com/bhuwan1233/Github-action-project.git"
                    },
                    {
                      "k": "collaborators_url",
                      "v": "https://api.github.com/repos/bhuwan1233/Github-action-project/collaborators{/collaborator}"
                    },
                    {
                      "k": "comments_url",
                      "v": "https://api.github.com/repos/bhuwan1233/Github-action-project/comments{/number}"
                    },
                    {
                      "k": "commits_url",
                      "v": "https://api.github.com/repos/bhuwan1233/Github-action-project/commits{/sha}"
                    },
                    {
                      "k": "compare_url",
                      "v": "https://api.github.com/repos/bhuwan1233/Github-action-project/compare/{base}...{head}"
                    },
                    {
                      "k": "contents_url",
                      "v": "https://api.github.com/repos/bhuwan1233/Github-action-project/contents/{+path}"
                    },
                    {
                      "k": "contributors_url",
                      "v": "https://api.github.com/repos/bhuwan1233/Github-action-project/contributors"
                    },
                    {
                      "k": "created_at",
                      "v": 1788858498.0
                    },
                    {
                      "k": "default_branch",
                      "v": "main"
                    },
                    {
                      "k": "deployments_url",
                      "v": "https://api.github.com/repos/bhuwan1233/Github-action-project/deployments"
                    },
                    {
                      "k": "description",
                      "v": null
                    },
                    {
                      "k": "disabled",
                      "v": false
                    },
                    {
                      "k": "downloads_url",
                      "v": "https://api.github.com/repos/bhuwan1233/Github-action-project/downloads"
                    },
                    {
                      "k": "events_url",
                      "v": "https://api.github.com/repos/bhuwan1233/Github-action-project/events"
                    },
                    {
                      "k": "fork",
                      "v": false
                    },
                    {
                      "k": "forks",
                      "v": 0.0
                    },
                    {
                      "k": "forks_count",
                      "v": 0.0
                    },
                    {
                      "k": "forks_url",
                      "v": "https://api.github.com/repos/bhuwan1233/Github-action-project/forks"
                    },
                    {
                      "k": "full_name",
                      "v": "bhuwan1233/Github-action-project"
                    },
                    {
                      "k": "git_commits_url",
                      "v": "https://api.github.com/repos/bhuwan1233/Github-action-project/git/commits{/sha}"
                    },
                    {
                      "k": "git_refs_url",
                      "v": "https://api.github.com/repos/bhuwan1233/Github-action-project/git/refs{/sha}"
                    },
                    {
                      "k": "git_tags_url",
                      "v": "https://api.github.com/repos/bhuwan1233/Github-action-project/git/tags{/sha}"
                    },
                    {
                      "k": "git_url",
                      "v": "git://github.com/bhuwan1233/Github-action-project.git"
                    },
                    {
                      "k": "has_discussions",
                      "v": false
                    },
                    {
                      "k": "has_downloads",
                      "v": true
                    },
                    {
                      "k": "has_issues",
                      "v": true
                    },
                    {
                      "k": "has_pages",
                      "v": false
                    },
                    {
                      "k": "has_projects",
                      "v": true
                    },
                    {
                      "k": "has_pull_requests",
                      "v": true
                    },
                    {
                      "k": "has_wiki",
                      "v": true
                    },
                    {
                      "k": "homepage",
                      "v": null
                    },
                    {
                      "k": "hooks_url",
                      "v": "https://api.github.com/repos/bhuwan1233/Github-action-project/hooks"
                    },
                    {
                      "k": "html_url",
                      "v": "https://github.com/bhuwan1233/Github-action-project"
                    },
                    {
                      "k": "id",
                      "v": 1361157473.0
                    },
                    {
                      "k": "is_template",
                      "v": false
                    },
                    {
                      "k": "issue_comment_url",
                      "v": "https://api.github.com/repos/bhuwan1233/Github-action-project/issues/comments{/number}"
                    },
                    {
                      "k": "issue_events_url",
                      "v": "https://api.github.com/repos/bhuwan1233/Github-action-project/issues/events{/number}"
                    },
                    {
                      "k": "issues_url",
                      "v": "https://api.github.com/repos/bhuwan1233/Github-action-project/issues{/number}"
                    },
                    {
                      "k": "keys_url",
                      "v": "https://api.github.com/repos/bhuwan1233/Github-action-project/keys{/key_id}"
                    },
                    {
                      "k": "labels_url",
                      "v": "https://api.github.com/repos/bhuwan1233/Github-action-project/labels{/name}"
                    },
                    {
                      "k": "language",
                      "v": "HTML"
                    },
                    {
                      "k": "languages_url",
                      "v": "https://api.github.com/repos/bhuwan1233/Github-action-project/languages"
                    },
                    {
                      "k": "license",
                      "v": null
                    },
                    {
                      "k": "master_branch",
                      "v": "main"
                    },
                    {
                      "k": "merges_url",
                      "v": "https://api.github.com/repos/bhuwan1233/Github-action-project/merges"
                    },
                    {
                      "k": "milestones_url",
                      "v": "https://api.github.com/repos/bhuwan1233/Github-action-project/milestones{/number}"
                    },
                    {
                      "k": "mirror_url",
                      "v": null
                    },
                    {
                      "k": "name",
                      "v": "Github-action-project"
                    },
                    {
                      "k": "node_id",
                      "v": "R_kgDOUSGdYQ"
                    },
                    {
                      "k": "notifications_url",
                      "v": "https://api.github.com/repos/bhuwan1233/Github-action-project/notifications{?since,all,participating}"
                    },
                    {
                      "k": "open_issues",
                      "v": 0.0
                    },
                    {
                      "k": "open_issues_count",
                      "v": 0.0
                    },
                    {
                      "k": "owner",
                      "v": {
                        "t": 2,
                        "d": [
                          {
                            "k": "avatar_url",
                            "v": "https://avatars.githubusercontent.com/u/98870773?v=4"
                          },
                          {
                            "k": "email",
                            "v": "98870773+bhuwan1233@users.noreply.github.com"
                          },
                          {
                            "k": "events_url",
                            "v": "https://api.github.com/users/bhuwan1233/events{/privacy}"
                          },
                          {
                            "k": "followers_url",
                            "v": "https://api.github.com/users/bhuwan1233/followers"
                          },
                          {
                            "k": "following_url",
                            "v": "https://api.github.com/users/bhuwan1233/following{/other_user}"
                          },
                          {
                            "k": "gists_url",
                            "v": "https://api.github.com/users/bhuwan1233/gists{/gist_id}"
                          },
                          {
                            "k": "gravatar_id",
                            "v": ""
                          },
                          {
                            "k": "html_url",
                            "v": "https://github.com/bhuwan1233"
                          },
                          {
                            "k": "id",
                            "v": 98870773.0
                          },
                          {
                            "k": "login",
                            "v": "bhuwan1233"
                          },
                          {
                            "k": "name",
                            "v": "bhuwan1233"
                          },
                          {
                            "k": "node_id",
                            "v": "U_kgDOBeSl9Q"
                          },
                          {
                            "k": "organizations_url",
                            "v": "https://api.github.com/users/bhuwan1233/orgs"
                          },
                          {
                            "k": "received_events_url",
                            "v": "https://api.github.com/users/bhuwan1233/received_events"
                          },
                          {
                            "k": "repos_url",
                            "v": "https://api.github.com/users/bhuwan1233/repos"
                          },
                          {
                            "k": "site_admin",
                            "v": false
                          },
                          {
                            "k": "starred_url",
                            "v": "https://api.github.com/users/bhuwan1233/starred{/owner}{/repo}"
                          },
                          {
                            "k": "subscriptions_url",
                            "v": "https://api.github.com/users/bhuwan1233/subscriptions"
                          },
                          {
                            "k": "type",
                            "v": "User"
                          },
                          {
                            "k": "url",
                            "v": "https://api.github.com/users/bhuwan1233"
                          },
                          {
                            "k": "user_view_type",
                            "v": "public"
                          }
                        ]
                      }
                    },
                    {
                      "k": "private",
                      "v": false
                    },
                    {
                      "k": "pull_request_creation_policy",
                      "v": "all"
                    },
                    {
                      "k": "pulls_url",
                      "v": "https://api.github.com/repos/bhuwan1233/Github-action-project/pulls{/number}"
                    },
                    {
                      "k": "pushed_at",
                      "v": 1789021194.0
                    },
                    {
                      "k": "releases_url",
                      "v": "https://api.github.com/repos/bhuwan1233/Github-action-project/releases{/id}"
                    },
                    {
                      "k": "size",
                      "v": 526.0
                    },
                    {
                      "k": "ssh_url",
                      "v": "git@github.com:bhuwan1233/Github-action-project.git"
                    },
                    {
                      "k": "stargazers",
                      "v": 0.0
                    },
                    {
                      "k": "stargazers_count",
                      "v": 0.0
                    },
                    {
                      "k": "stargazers_url",
                      "v": "https://api.github.com/repos/bhuwan1233/Github-action-project/stargazers"
                    },
                    {
                      "k": "statuses_url",
                      "v": "https://api.github.com/repos/bhuwan1233/Github-action-project/statuses/{sha}"
                    },
                    {
                      "k": "subscribers_url",
                      "v": "https://api.github.com/repos/bhuwan1233/Github-action-project/subscribers"
                    },
                    {
                      "k": "subscription_url",
                      "v": "https://api.github.com/repos/bhuwan1233/Github-action-project/subscription"
                    },
                    {
                      "k": "svn_url",
                      "v": "https://github.com/bhuwan1233/Github-action-project"
                    },
                    {
                      "k": "tags_url",
                      "v": "https://api.github.com/repos/bhuwan1233/Github-action-project/tags"
                    },
                    {
                      "k": "teams_url",
                      "v": "https://api.github.com/repos/bhuwan1233/Github-action-project/teams"
                    },
                    {
                      "k": "topics",
                      "v": {
                        "t": 1
                      }
                    },
                    {
                      "k": "trees_url",
                      "v": "https://api.github.com/repos/bhuwan1233/Github-action-project/git/trees{/sha}"
                    },
                    {
                      "k": "updated_at",
                      "v": "2026-09-08T18:33:39Z"
                    },
                    {
                      "k": "url",
                      "v": "https://api.github.com/repos/bhuwan1233/Github-action-project"
                    },
                    {
                      "k": "visibility",
                      "v": "public"
                    },
                    {
                      "k": "watchers",
                      "v": 0.0
                    },
                    {
                      "k": "watchers_count",
                      "v": 0.0
                    },
                    {
                      "k": "web_commit_signoff_required",
                      "v": false
                    }
                  ]
                }
              },
              {
                "k": "sender",
                "v": {
                  "t": 2,
                  "d": [
                    {
                      "k": "avatar_url",
                      "v": "https://avatars.githubusercontent.com/u/98870773?v=4"
                    },
                    {
                      "k": "events_url",
                      "v": "https://api.github.com/users/bhuwan1233/events{/privacy}"
                    },
                    {
                      "k": "followers_url",
                      "v": "https://api.github.com/users/bhuwan1233/followers"
                    },
                    {
                      "k": "following_url",
                      "v": "https://api.github.com/users/bhuwan1233/following{/other_user}"
                    },
                    {
                      "k": "gists_url",
                      "v": "https://api.github.com/users/bhuwan1233/gists{/gist_id}"
                    },
                    {
                      "k": "gravatar_id",
                      "v": ""
                    },
                    {
                      "k": "html_url",
                      "v": "https://github.com/bhuwan1233"
                    },
                    {
                      "k": "id",
                      "v": 98870773.0
                    },
                    {
                      "k": "login",
                      "v": "bhuwan1233"
                    },
                    {
                      "k": "node_id",
                      "v": "U_kgDOBeSl9Q"
                    },
                    {
                      "k": "organizations_url",
                      "v": "https://api.github.com/users/bhuwan1233/orgs"
                    },
                    {
                      "k": "received_events_url",
                      "v": "https://api.github.com/users/bhuwan1233/received_events"
                    },
                    {
                      "k": "repos_url",
                      "v": "https://api.github.com/users/bhuwan1233/repos"
                    },
                    {
                      "k": "site_admin",
                      "v": false
                    },
                    {
                      "k": "starred_url",
                      "v": "https://api.github.com/users/bhuwan1233/starred{/owner}{/repo}"
                    },
                    {
                      "k": "subscriptions_url",
                      "v": "https://api.github.com/users/bhuwan1233/subscriptions"
                    },
                    {
                      "k": "type",
                      "v": "User"
                    },
                    {
                      "k": "url",
                      "v": "https://api.github.com/users/bhuwan1233"
                    },
                    {
                      "k": "user_view_type",
                      "v": "public"
                    }
                  ]
                }
              }
            ]
          }
        },
        {
          "k": "workflow_ref",
          "v": "bhuwan1233/Github-action-project/.github/workflows/cicd.yml@refs/heads/main"
        },
        {
          "k": "workflow_sha",
          "v": "f7a4814c7ce6b72170778155ed25b884c3587c72"
        },
        {
          "k": "repository_id",
          "v": "1361157473"
        },
        {
          "k": "triggering_actor",
          "v": "bhuwan1233"
        }
      ]
    },
    "inputs": {
      "t": 2
    },
    "job": {
      "t": 2,
      "d": [
        {
          "k": "check_run_id",
          "v": 102766949132.0
        },
        {
          "k": "workflow_ref",
          "v": "bhuwan1233/Github-action-project/.github/workflows/cicd.yml@refs/heads/main"
        },
        {
          "k": "workflow_sha",
          "v": "f7a4814c7ce6b72170778155ed25b884c3587c72"
        },
        {
          "k": "workflow_repository",
          "v": "bhuwan1233/Github-action-project"
        },
        {
          "k": "workflow_file_path",
          "v": ".github/workflows/cicd.yml"
        }
      ]
    },
    "matrix": null,
    "needs": {
      "t": 2
    },
    "strategy": {
      "t": 2,
      "d": [
        {
          "k": "fail-fast",
          "v": true
        },
        {
          "k": "job-index",
          "v": 0.0
        },
        {
          "k": "job-total",
          "v": 1.0
        },
        {
          "k": "max-parallel",
          "v": 1.0
        }
      ]
    },
    "vars": {
      "t": 2
    }
  },
  "billingOwnerId": "U_kgDOBeSl9Q"
}
[2026-09-10 06:24:48Z INFO JobRunner] Job ID 1e2a0daf-c6d2-5c77-9df9-3e0156463677
[2026-09-10 06:24:48Z INFO ConfigurationStore] currentAssemblyLocation: C:\Users\Bhuwan\Desktop\New folder\actions-runner\bin\Runner.Worker.dll
[2026-09-10 06:24:48Z INFO HostContext] Well known directory 'Bin': 'C:\Users\Bhuwan\Desktop\New folder\actions-runner\bin'
[2026-09-10 06:24:48Z INFO ConfigurationStore] binPath: C:\Users\Bhuwan\Desktop\New folder\actions-runner\bin
[2026-09-10 06:24:48Z INFO HostContext] Well known directory 'Bin': 'C:\Users\Bhuwan\Desktop\New folder\actions-runner\bin'
[2026-09-10 06:24:48Z INFO HostContext] Well known directory 'Root': 'C:\Users\Bhuwan\Desktop\New folder\actions-runner'
[2026-09-10 06:24:48Z INFO ConfigurationStore] RootFolder: C:\Users\Bhuwan\Desktop\New folder\actions-runner
[2026-09-10 06:24:48Z INFO HostContext] Well known directory 'Bin': 'C:\Users\Bhuwan\Desktop\New folder\actions-runner\bin'
[2026-09-10 06:24:48Z INFO HostContext] Well known directory 'Root': 'C:\Users\Bhuwan\Desktop\New folder\actions-runner'
[2026-09-10 06:24:48Z INFO HostContext] Well known config file 'Runner': 'C:\Users\Bhuwan\Desktop\New folder\actions-runner\.runner'
[2026-09-10 06:24:48Z INFO ConfigurationStore] ConfigFilePath: C:\Users\Bhuwan\Desktop\New folder\actions-runner\.runner
[2026-09-10 06:24:48Z INFO HostContext] Well known directory 'Bin': 'C:\Users\Bhuwan\Desktop\New folder\actions-runner\bin'
[2026-09-10 06:24:48Z INFO HostContext] Well known directory 'Root': 'C:\Users\Bhuwan\Desktop\New folder\actions-runner'
[2026-09-10 06:24:48Z INFO HostContext] Well known config file 'MigratedRunner': 'C:\Users\Bhuwan\Desktop\New folder\actions-runner\.runner_migrated'
[2026-09-10 06:24:48Z INFO ConfigurationStore] MigratedConfigFilePath: C:\Users\Bhuwan\Desktop\New folder\actions-runner\.runner_migrated
[2026-09-10 06:24:48Z INFO HostContext] Well known directory 'Bin': 'C:\Users\Bhuwan\Desktop\New folder\actions-runner\bin'
[2026-09-10 06:24:48Z INFO HostContext] Well known directory 'Root': 'C:\Users\Bhuwan\Desktop\New folder\actions-runner'
[2026-09-10 06:24:48Z INFO HostContext] Well known config file 'Credentials': 'C:\Users\Bhuwan\Desktop\New folder\actions-runner\.credentials'
[2026-09-10 06:24:48Z INFO ConfigurationStore] CredFilePath: C:\Users\Bhuwan\Desktop\New folder\actions-runner\.credentials
[2026-09-10 06:24:48Z INFO HostContext] Well known directory 'Bin': 'C:\Users\Bhuwan\Desktop\New folder\actions-runner\bin'
[2026-09-10 06:24:48Z INFO HostContext] Well known directory 'Root': 'C:\Users\Bhuwan\Desktop\New folder\actions-runner'
[2026-09-10 06:24:48Z INFO HostContext] Well known config file 'MigratedCredentials': 'C:\Users\Bhuwan\Desktop\New folder\actions-runner\.credentials_migrated'
[2026-09-10 06:24:48Z INFO ConfigurationStore] MigratedCredFilePath: C:\Users\Bhuwan\Desktop\New folder\actions-runner\.credentials_migrated
[2026-09-10 06:24:48Z INFO HostContext] Well known directory 'Bin': 'C:\Users\Bhuwan\Desktop\New folder\actions-runner\bin'
[2026-09-10 06:24:48Z INFO HostContext] Well known directory 'Root': 'C:\Users\Bhuwan\Desktop\New folder\actions-runner'
[2026-09-10 06:24:48Z INFO HostContext] Well known config file 'Service': 'C:\Users\Bhuwan\Desktop\New folder\actions-runner\.service'
[2026-09-10 06:24:48Z INFO ConfigurationStore] ServiceConfigFilePath: C:\Users\Bhuwan\Desktop\New folder\actions-runner\.service
[2026-09-10 06:24:48Z INFO ConfigurationStore] Read setting file: 406 chars
[2026-09-10 06:24:48Z INFO JobRunner] Initializing launch client
[2026-09-10 06:24:48Z INFO JobServerQueue] Initializing results client
[2026-09-10 06:24:48Z INFO ResultServer] Creating websocket client ...wss://results-receiver.actions.githubusercontent.com/_ws/ingest.sock
[2026-09-10 06:24:48Z INFO ResultServer] Attempting to start websocket client with delay 00:00:00.
[2026-09-10 06:24:48Z INFO JobServerQueue] Start process web console line queue.
[2026-09-10 06:24:48Z INFO JobServerQueue] Start process file upload queue.
[2026-09-10 06:24:48Z INFO JobServerQueue] Start results file upload queue.
[2026-09-10 06:24:48Z INFO JobServerQueue] Starting results-based upload queue...
[2026-09-10 06:24:48Z INFO JobServerQueue] Start process timeline update queue.
[2026-09-10 06:24:48Z INFO ExecutionContext] Initializing Job context
[2026-09-10 06:24:48Z INFO ExecutionContext] Initialize GitHub context
[2026-09-10 06:24:48Z INFO ExecutionContext] Initialize Env context
[2026-09-10 06:24:48Z INFO HostContext] Well known directory 'Bin': 'C:\Users\Bhuwan\Desktop\New folder\actions-runner\bin'
[2026-09-10 06:24:48Z INFO HostContext] Well known directory 'Root': 'C:\Users\Bhuwan\Desktop\New folder\actions-runner'
[2026-09-10 06:24:48Z INFO HostContext] Well known directory 'Diag': 'C:\Users\Bhuwan\Desktop\New folder\actions-runner\_diag'
[2026-09-10 06:24:48Z INFO HostContext] Well known directory 'Bin': 'C:\Users\Bhuwan\Desktop\New folder\actions-runner\bin'
[2026-09-10 06:24:48Z INFO HostContext] Well known directory 'Root': 'C:\Users\Bhuwan\Desktop\New folder\actions-runner'
[2026-09-10 06:24:48Z INFO HostContext] Well known directory 'Diag': 'C:\Users\Bhuwan\Desktop\New folder\actions-runner\_diag'
[2026-09-10 06:24:48Z INFO JobRunner] Starting the job execution context.
[2026-09-10 06:24:48Z INFO HostContext] Well known directory 'Bin': 'C:\Users\Bhuwan\Desktop\New folder\actions-runner\bin'
[2026-09-10 06:24:48Z INFO HostContext] Well known directory 'Root': 'C:\Users\Bhuwan\Desktop\New folder\actions-runner'
[2026-09-10 06:24:48Z INFO HostContext] Well known directory 'Work': 'C:\Users\Bhuwan\Desktop\New folder\actions-runner\_work'
[2026-09-10 06:24:48Z INFO JobRunner] Validating directory permissions for: 'C:\Users\Bhuwan\Desktop\New folder\actions-runner\_work'
[2026-09-10 06:24:48Z INFO HostContext] Well known directory 'Bin': 'C:\Users\Bhuwan\Desktop\New folder\actions-runner\bin'
[2026-09-10 06:24:48Z INFO HostContext] Well known directory 'Root': 'C:\Users\Bhuwan\Desktop\New folder\actions-runner'
[2026-09-10 06:24:48Z INFO HostContext] Well known directory 'Work': 'C:\Users\Bhuwan\Desktop\New folder\actions-runner\_work'
[2026-09-10 06:24:48Z INFO HostContext] Well known directory 'Tools': 'C:\Users\Bhuwan\Desktop\New folder\actions-runner\_work\_tool'
[2026-09-10 06:24:48Z INFO HostContext] Well known directory 'Bin': 'C:\Users\Bhuwan\Desktop\New folder\actions-runner\bin'
[2026-09-10 06:24:48Z INFO HostContext] Well known directory 'Root': 'C:\Users\Bhuwan\Desktop\New folder\actions-runner'
[2026-09-10 06:24:48Z INFO HostContext] Well known directory 'Work': 'C:\Users\Bhuwan\Desktop\New folder\actions-runner\_work'
[2026-09-10 06:24:48Z INFO HostContext] Well known directory 'Temp': 'C:\Users\Bhuwan\Desktop\New folder\actions-runner\_work\_temp'
[2026-09-10 06:24:48Z INFO JobRunner] Getting job extension.
[2026-09-10 06:24:48Z INFO JobRunner] Initialize job. Getting all job steps.
[2026-09-10 06:24:48Z INFO HostContext] Well known directory 'Bin': 'C:\Users\Bhuwan\Desktop\New folder\actions-runner\bin'
[2026-09-10 06:24:48Z INFO HostContext] Well known directory 'Root': 'C:\Users\Bhuwan\Desktop\New folder\actions-runner'
[2026-09-10 06:24:48Z INFO HostContext] Well known directory 'Diag': 'C:\Users\Bhuwan\Desktop\New folder\actions-runner\_diag'
[2026-09-10 06:24:48Z INFO HostContext] Well known directory 'Bin': 'C:\Users\Bhuwan\Desktop\New folder\actions-runner\bin'
[2026-09-10 06:24:48Z INFO HostContext] Well known directory 'Root': 'C:\Users\Bhuwan\Desktop\New folder\actions-runner'
[2026-09-10 06:24:48Z INFO HostContext] Well known directory 'Diag': 'C:\Users\Bhuwan\Desktop\New folder\actions-runner\_diag'
[2026-09-10 06:24:48Z INFO HostContext] Well known directory 'Bin': 'C:\Users\Bhuwan\Desktop\New folder\actions-runner\bin'
[2026-09-10 06:24:48Z INFO HostContext] Well known directory 'Root': 'C:\Users\Bhuwan\Desktop\New folder\actions-runner'
[2026-09-10 06:24:48Z INFO HostContext] Well known config file 'Credentials': 'C:\Users\Bhuwan\Desktop\New folder\actions-runner\.credentials'
[2026-09-10 06:24:48Z INFO HostContext] Well known directory 'Bin': 'C:\Users\Bhuwan\Desktop\New folder\actions-runner\bin'
[2026-09-10 06:24:48Z INFO HostContext] Well known directory 'Root': 'C:\Users\Bhuwan\Desktop\New folder\actions-runner'
[2026-09-10 06:24:48Z INFO HostContext] Well known config file 'SetupInfo': 'C:\Users\Bhuwan\Desktop\New folder\actions-runner\.setup_info'
[2026-09-10 06:24:48Z INFO HostContext] Well known directory 'Bin': 'C:\Users\Bhuwan\Desktop\New folder\actions-runner\bin'
[2026-09-10 06:24:48Z INFO HostContext] Well known directory 'Root': 'C:\Users\Bhuwan\Desktop\New folder\actions-runner'
[2026-09-10 06:24:48Z INFO HostContext] Well known directory 'Work': 'C:\Users\Bhuwan\Desktop\New folder\actions-runner\_work'
[2026-09-10 06:24:48Z INFO PipelineDirectoryManager] Loading tracking config if exists: C:\Users\Bhuwan\Desktop\New folder\actions-runner\_work\_PipelineMapping\bhuwan1233/Github-action-project\PipelineFolder.json
[2026-09-10 06:24:48Z INFO PipelineDirectoryManager] Updating job run properties.
[2026-09-10 06:24:48Z INFO HostContext] Well known directory 'Bin': 'C:\Users\Bhuwan\Desktop\New folder\actions-runner\bin'
[2026-09-10 06:24:48Z INFO HostContext] Well known directory 'Root': 'C:\Users\Bhuwan\Desktop\New folder\actions-runner'
[2026-09-10 06:24:48Z INFO HostContext] Well known directory 'Work': 'C:\Users\Bhuwan\Desktop\New folder\actions-runner\_work'
[2026-09-10 06:24:48Z INFO HostContext] Well known directory 'Bin': 'C:\Users\Bhuwan\Desktop\New folder\actions-runner\bin'
[2026-09-10 06:24:48Z INFO HostContext] Well known directory 'Root': 'C:\Users\Bhuwan\Desktop\New folder\actions-runner'
[2026-09-10 06:24:48Z INFO HostContext] Well known directory 'Work': 'C:\Users\Bhuwan\Desktop\New folder\actions-runner\_work'
[2026-09-10 06:24:48Z INFO HostContext] Well known directory 'Bin': 'C:\Users\Bhuwan\Desktop\New folder\actions-runner\bin'
[2026-09-10 06:24:48Z INFO HostContext] Well known directory 'Root': 'C:\Users\Bhuwan\Desktop\New folder\actions-runner'
[2026-09-10 06:24:48Z INFO HostContext] Well known directory 'Work': 'C:\Users\Bhuwan\Desktop\New folder\actions-runner\_work'
[2026-09-10 06:24:48Z INFO JobExtension] Downloading actions
[2026-09-10 06:24:48Z INFO HostContext] Well known directory 'Bin': 'C:\Users\Bhuwan\Desktop\New folder\actions-runner\bin'
[2026-09-10 06:24:48Z INFO HostContext] Well known directory 'Root': 'C:\Users\Bhuwan\Desktop\New folder\actions-runner'
[2026-09-10 06:24:48Z INFO HostContext] Well known directory 'Work': 'C:\Users\Bhuwan\Desktop\New folder\actions-runner\_work'
[2026-09-10 06:24:48Z INFO HostContext] Well known directory 'Actions': 'C:\Users\Bhuwan\Desktop\New folder\actions-runner\_work\_actions'
[2026-09-10 06:24:49Z INFO Worker] Listening for cancel message from the channel.
[2026-09-10 06:24:49Z INFO Worker] Waiting for the job to complete or for a cancel message from the channel.
[2026-09-10 06:24:50Z INFO ResultServer] Successfully started websocket client.
[2026-09-10 06:24:50Z INFO JobServerQueue] Try to append 1 batches web console lines for record 'a2602f24-72ba-44fe-bb15-38865478f832', success rate: 1/1.
[2026-09-10 06:24:50Z INFO JobServerQueue] Job timeline record has been updated for the first time.
[2026-09-10 06:24:50Z INFO JobServerQueue] Try to append 1 batches web console lines for record 'a2602f24-72ba-44fe-bb15-38865478f832', success rate: 1/1.
[2026-09-10 06:24:50Z INFO HostContext] Well known directory 'Bin': 'C:\Users\Bhuwan\Desktop\New folder\actions-runner\bin'
[2026-09-10 06:24:50Z INFO HostContext] Well known directory 'Root': 'C:\Users\Bhuwan\Desktop\New folder\actions-runner'
[2026-09-10 06:24:50Z INFO HostContext] Well known directory 'Work': 'C:\Users\Bhuwan\Desktop\New folder\actions-runner\_work'
[2026-09-10 06:24:50Z INFO HostContext] Well known directory 'Actions': 'C:\Users\Bhuwan\Desktop\New folder\actions-runner\_work\_actions'
[2026-09-10 06:24:50Z INFO HostContext] Well known directory 'Bin': 'C:\Users\Bhuwan\Desktop\New folder\actions-runner\bin'
[2026-09-10 06:24:50Z INFO HostContext] Well known directory 'Root': 'C:\Users\Bhuwan\Desktop\New folder\actions-runner'
[2026-09-10 06:24:50Z INFO HostContext] Well known directory 'Work': 'C:\Users\Bhuwan\Desktop\New folder\actions-runner\_work'
[2026-09-10 06:24:50Z INFO HostContext] Well known directory 'Actions': 'C:\Users\Bhuwan\Desktop\New folder\actions-runner\_work\_actions'
[2026-09-10 06:24:50Z INFO ActionManager] Save archive 'https://codeload.github.com/actions/checkout/zip/d23441a48e516b6c34aea4fa41551a30e30af803' into C:\Users\Bhuwan\Desktop\New folder\actions-runner\_work\_actions\_temp_cfc342c8-4d5e-4862-ab4d-919391afc036\52723b77-f75f-45ad-99f1-20bc6d9ad53a.zip.
[2026-09-10 06:24:50Z INFO ActionManager] Using Basic token for action archive download.
[2026-09-10 06:24:50Z INFO JobServerQueue] Try to append 1 batches web console lines for record 'a2602f24-72ba-44fe-bb15-38865478f832', success rate: 1/1.
[2026-09-10 06:24:52Z INFO ActionManager] Request URL: https://codeload.github.com/actions/checkout/zip/d23441a48e516b6c34aea4fa41551a30e30af803 X-GitHub-Request-Id: 9DFF:1B9FAC:EA12E:258962:6AA24D34 Http Status: OK
[2026-09-10 06:24:53Z INFO ActionManager] Finished getting action repository.
[2026-09-10 06:24:53Z INFO HostContext] Well known directory 'Bin': 'C:\Users\Bhuwan\Desktop\New folder\actions-runner\bin'
[2026-09-10 06:24:53Z INFO HostContext] Well known directory 'Root': 'C:\Users\Bhuwan\Desktop\New folder\actions-runner'
[2026-09-10 06:24:53Z INFO HostContext] Well known directory 'Work': 'C:\Users\Bhuwan\Desktop\New folder\actions-runner\_work'
[2026-09-10 06:24:53Z INFO HostContext] Well known directory 'Actions': 'C:\Users\Bhuwan\Desktop\New folder\actions-runner\_work\_actions'
[2026-09-10 06:24:53Z INFO HostContext] Well known directory 'Bin': 'C:\Users\Bhuwan\Desktop\New folder\actions-runner\bin'
[2026-09-10 06:24:53Z INFO HostContext] Well known directory 'Root': 'C:\Users\Bhuwan\Desktop\New folder\actions-runner'
[2026-09-10 06:24:53Z INFO HostContext] Well known directory 'Work': 'C:\Users\Bhuwan\Desktop\New folder\actions-runner\_work'
[2026-09-10 06:24:53Z INFO HostContext] Well known directory 'Actions': 'C:\Users\Bhuwan\Desktop\New folder\actions-runner\_work\_actions'
[2026-09-10 06:24:53Z INFO ActionManager] Save archive 'https://codeload.github.com/actions/setup-java/zip/b6effb05e454b25005698d916606bdc6ffcbf961' into C:\Users\Bhuwan\Desktop\New folder\actions-runner\_work\_actions\_temp_6b94a2b3-56e0-46fe-b8eb-bc9b19ab21bc\640b5bb3-12ae-4655-9007-1f3a0e886335.zip.
[2026-09-10 06:24:53Z INFO ActionManager] Using Basic token for action archive download.
[2026-09-10 06:24:54Z INFO JobServerQueue] Try to append 1 batches web console lines for record 'a2602f24-72ba-44fe-bb15-38865478f832', success rate: 1/1.
[2026-09-10 06:24:59Z INFO ActionManager] Request URL: https://codeload.github.com/actions/setup-java/zip/b6effb05e454b25005698d916606bdc6ffcbf961 X-GitHub-Request-Id: 8A42:693F0:184077:42398F:6AA24D37 Http Status: OK
[2026-09-10 06:25:01Z INFO ActionManager] Finished getting action repository.
[2026-09-10 06:25:02Z INFO HostContext] Well known directory 'Bin': 'C:\Users\Bhuwan\Desktop\New folder\actions-runner\bin'
[2026-09-10 06:25:02Z INFO HostContext] Well known directory 'Root': 'C:\Users\Bhuwan\Desktop\New folder\actions-runner'
[2026-09-10 06:25:02Z INFO HostContext] Well known directory 'Work': 'C:\Users\Bhuwan\Desktop\New folder\actions-runner\_work'
[2026-09-10 06:25:02Z INFO HostContext] Well known directory 'Actions': 'C:\Users\Bhuwan\Desktop\New folder\actions-runner\_work\_actions'
[2026-09-10 06:25:02Z INFO ActionManifestManagerLegacy] Load schema file with definitions: [
  "null",
  "boolean",
  "number",
  "string",
  "sequence",
  "mapping",
  "any",
  "action-root",
  "inputs",
  "input",
  "outputs",
  "output-definition",
  "runs",
  "container-runs",
  "container-runs-args",
  "container-runs-env",
  "node-runs",
  "plugin-runs",
  "composite-runs",
  "composite-steps",
  "composite-step",
  "run-step",
  "uses-step",
  "container-runs-context",
  "output-value",
  "input-default-context",
  "non-empty-string",
  "string-steps-context",
  "boolean-steps-context",
  "step-env",
  "step-if",
  "step-with"
]
[2026-09-10 06:25:02Z INFO ActionManifestManager] Load schema file with definitions: [
  "null",
  "boolean",
  "number",
  "string",
  "sequence",
  "mapping",
  "any",
  "action-root",
  "inputs",
  "input",
  "outputs",
  "output-definition",
  "runs",
  "container-runs",
  "container-runs-args",
  "container-runs-env",
  "node-runs",
  "plugin-runs",
  "composite-runs",
  "composite-steps",
  "composite-step",
  "run-step",
  "uses-step",
  "container-runs-context",
  "output-value",
  "input-default-context",
  "non-empty-string",
  "string-steps-context",
  "boolean-steps-context",
  "step-env",
  "step-if",
  "step-with"
]
[2026-09-10 06:25:02Z INFO HostContext] Well known directory 'Bin': 'C:\Users\Bhuwan\Desktop\New folder\actions-runner\bin'
[2026-09-10 06:25:02Z INFO HostContext] Well known directory 'Root': 'C:\Users\Bhuwan\Desktop\New folder\actions-runner'
[2026-09-10 06:25:02Z INFO HostContext] Well known directory 'Work': 'C:\Users\Bhuwan\Desktop\New folder\actions-runner\_work'
[2026-09-10 06:25:02Z INFO HostContext] Well known directory 'Actions': 'C:\Users\Bhuwan\Desktop\New folder\actions-runner\_work\_actions'
[2026-09-10 06:25:02Z INFO ActionManifestManagerLegacy] Loaded action.yml file: {
  "name": "Checkout",
  "description": "Checkout a Git repository at a particular version",
  "inputs": {
    "type": 2,
    "map": [
      {
        "key": {
          "type": 0,
          "file": 2,
          "line": 4,
          "col": 3,
          "lit": "repository"
        },
        "value": {
          "type": 3,
          "file": 2,
          "line": 6,
          "col": 14,
          "expr": "github.repository"
        }
      },
      {
        "key": {
          "type": 0,
          "file": 2,
          "line": 7,
          "col": 3,
          "lit": "ref"
        },
        "value": ""
      },
      {
        "key": {
          "type": 0,
          "file": 2,
          "line": 12,
          "col": 3,
          "lit": "token"
        },
        "value": {
          "type": 3,
          "file": 2,
          "line": 24,
          "col": 14,
          "expr": "github.token"
        }
      },
      {
        "key": {
          "type": 0,
          "file": 2,
          "line": 25,
          "col": 3,
          "lit": "ssh-key"
        },
        "value": ""
      },
      {
        "key": {
          "type": 0,
          "file": 2,
          "line": 37,
          "col": 3,
          "lit": "ssh-known-hosts"
        },
        "value": ""
      },
      {
        "key": {
          "type": 0,
          "file": 2,
          "line": 42,
          "col": 3,
          "lit": "ssh-strict"
        },
        "value": {
          "type": 0,
          "file": 2,
          "line": 47,
          "col": 14,
          "lit": "true"
        }
      },
      {
        "key": {
          "type": 0,
          "file": 2,
          "line": 48,
          "col": 3,
          "lit": "ssh-user"
        },
        "value": {
          "type": 0,
          "file": 2,
          "line": 51,
          "col": 14,
          "lit": "git"
        }
      },
      {
        "key": {
          "type": 0,
          "file": 2,
          "line": 52,
          "col": 3,
          "lit": "persist-credentials"
        },
        "value": {
          "type": 0,
          "file": 2,
          "line": 54,
          "col": 14,
          "lit": "true"
        }
      },
      {
        "key": {
          "type": 0,
          "file": 2,
          "line": 55,
          "col": 3,
          "lit": "path"
        },
        "value": ""
      },
      {
        "key": {
          "type": 0,
          "file": 2,
          "line": 57,
          "col": 3,
          "lit": "clean"
        },
        "value": {
          "type": 0,
          "file": 2,
          "line": 59,
          "col": 14,
          "lit": "true"
        }
      },
      {
        "key": {
          "type": 0,
          "file": 2,
          "line": 60,
          "col": 3,
          "lit": "filter"
        },
        "value": {
          "type": 0,
          "file": 2,
          "line": 64,
          "col": 14,
          "lit": ""
        }
      },
      {
        "key": {
          "type": 0,
          "file": 2,
          "line": 65,
          "col": 3,
          "lit": "sparse-checkout"
        },
        "value": {
          "type": 0,
          "file": 2,
          "line": 69,
          "col": 14,
          "lit": ""
        }
      },
      {
        "key": {
          "type": 0,
          "file": 2,
          "line": 70,
          "col": 3,
          "lit": "sparse-checkout-cone-mode"
        },
        "value": {
          "type": 0,
          "file": 2,
          "line": 73,
          "col": 14,
          "lit": "true"
        }
      },
      {
        "key": {
          "type": 0,
          "file": 2,
          "line": 74,
          "col": 3,
          "lit": "fetch-depth"
        },
        "value": {
          "type": 0,
          "file": 2,
          "line": 76,
          "col": 14,
          "lit": "1"
        }
      },
      {
        "key": {
          "type": 0,
          "file": 2,
          "line": 77,
          "col": 3,
          "lit": "fetch-tags"
        },
        "value": {
          "type": 0,
          "file": 2,
          "line": 79,
          "col": 14,
          "lit": "false"
        }
      },
      {
        "key": {
          "type": 0,
          "file": 2,
          "line": 80,
          "col": 3,
          "lit": "show-progress"
        },
        "value": {
          "type": 0,
          "file": 2,
          "line": 82,
          "col": 14,
          "lit": "true"
        }
      },
      {
        "key": {
          "type": 0,
          "file": 2,
          "line": 83,
          "col": 3,
          "lit": "lfs"
        },
        "value": {
          "type": 0,
          "file": 2,
          "line": 85,
          "col": 14,
          "lit": "false"
        }
      },
      {
        "key": {
          "type": 0,
          "file": 2,
          "line": 86,
          "col": 3,
          "lit": "submodules"
        },
        "value": {
          "type": 0,
          "file": 2,
          "line": 94,
          "col": 14,
          "lit": "false"
        }
      },
      {
        "key": {
          "type": 0,
          "file": 2,
          "line": 95,
          "col": 3,
          "lit": "set-safe-directory"
        },
        "value": {
          "type": 0,
          "file": 2,
          "line": 97,
          "col": 14,
          "lit": "true"
        }
      },
      {
        "key": {
          "type": 0,
          "file": 2,
          "line": 98,
          "col": 3,
          "lit": "github-server-url"
        },
        "value": ""
      },
      {
        "key": {
          "type": 0,
          "file": 2,
          "line": 101,
          "col": 3,
          "lit": "allow-unsafe-pr-checkout"
        },
        "value": {
          "type": 0,
          "file": 2,
          "line": 109,
          "col": 14,
          "lit": "false"
        }
      }
    ]
  },
  "execution": {
    "executionType": "nodeJS",
    "hasPre": false,
    "hasPost": true,
    "script": "dist/index.js",
    "pre": null,
    "post": "dist/index.js",
    "nodeVersion": "node24",
    "cleanupCondition": "always()",
    "initCondition": "always()"
  },
  "deprecated": null
}
[2026-09-10 06:25:02Z INFO ActionManager] Action node.js file: dist/index.js, no more preparation.
[2026-09-10 06:25:02Z INFO HostContext] Well known directory 'Bin': 'C:\Users\Bhuwan\Desktop\New folder\actions-runner\bin'
[2026-09-10 06:25:02Z INFO HostContext] Well known directory 'Root': 'C:\Users\Bhuwan\Desktop\New folder\actions-runner'
[2026-09-10 06:25:02Z INFO HostContext] Well known directory 'Work': 'C:\Users\Bhuwan\Desktop\New folder\actions-runner\_work'
[2026-09-10 06:25:02Z INFO HostContext] Well known directory 'Actions': 'C:\Users\Bhuwan\Desktop\New folder\actions-runner\_work\_actions'
[2026-09-10 06:25:02Z INFO ActionManager] Load action that reference repository from 'C:\Users\Bhuwan\Desktop\New folder\actions-runner\_work\_actions\actions\checkout\v6'
[2026-09-10 06:25:02Z INFO HostContext] Well known directory 'Bin': 'C:\Users\Bhuwan\Desktop\New folder\actions-runner\bin'
[2026-09-10 06:25:02Z INFO HostContext] Well known directory 'Root': 'C:\Users\Bhuwan\Desktop\New folder\actions-runner'
[2026-09-10 06:25:02Z INFO HostContext] Well known directory 'Work': 'C:\Users\Bhuwan\Desktop\New folder\actions-runner\_work'
[2026-09-10 06:25:02Z INFO HostContext] Well known directory 'Actions': 'C:\Users\Bhuwan\Desktop\New folder\actions-runner\_work\_actions'
[2026-09-10 06:25:02Z INFO ActionManifestManagerLegacy] Loaded action.yml file: {
  "name": "Checkout",
  "description": "Checkout a Git repository at a particular version",
  "inputs": {
    "type": 2,
    "map": [
      {
        "key": {
          "type": 0,
          "file": 2,
          "line": 4,
          "col": 3,
          "lit": "repository"
        },
        "value": {
          "type": 3,
          "file": 2,
          "line": 6,
          "col": 14,
          "expr": "github.repository"
        }
      },
      {
        "key": {
          "type": 0,
          "file": 2,
          "line": 7,
          "col": 3,
          "lit": "ref"
        },
        "value": ""
      },
      {
        "key": {
          "type": 0,
          "file": 2,
          "line": 12,
          "col": 3,
          "lit": "token"
        },
        "value": {
          "type": 3,
          "file": 2,
          "line": 24,
          "col": 14,
          "expr": "github.token"
        }
      },
      {
        "key": {
          "type": 0,
          "file": 2,
          "line": 25,
          "col": 3,
          "lit": "ssh-key"
        },
        "value": ""
      },
      {
        "key": {
          "type": 0,
          "file": 2,
          "line": 37,
          "col": 3,
          "lit": "ssh-known-hosts"
        },
        "value": ""
      },
      {
        "key": {
          "type": 0,
          "file": 2,
          "line": 42,
          "col": 3,
          "lit": "ssh-strict"
        },
        "value": {
          "type": 0,
          "file": 2,
          "line": 47,
          "col": 14,
          "lit": "true"
        }
      },
      {
        "key": {
          "type": 0,
          "file": 2,
          "line": 48,
          "col": 3,
          "lit": "ssh-user"
        },
        "value": {
          "type": 0,
          "file": 2,
          "line": 51,
          "col": 14,
          "lit": "git"
        }
      },
      {
        "key": {
          "type": 0,
          "file": 2,
          "line": 52,
          "col": 3,
          "lit": "persist-credentials"
        },
        "value": {
          "type": 0,
          "file": 2,
          "line": 54,
          "col": 14,
          "lit": "true"
        }
      },
      {
        "key": {
          "type": 0,
          "file": 2,
          "line": 55,
          "col": 3,
          "lit": "path"
        },
        "value": ""
      },
      {
        "key": {
          "type": 0,
          "file": 2,
          "line": 57,
          "col": 3,
          "lit": "clean"
        },
        "value": {
          "type": 0,
          "file": 2,
          "line": 59,
          "col": 14,
          "lit": "true"
        }
      },
      {
        "key": {
          "type": 0,
          "file": 2,
          "line": 60,
          "col": 3,
          "lit": "filter"
        },
        "value": {
          "type": 0,
          "file": 2,
          "line": 64,
          "col": 14,
          "lit": ""
        }
      },
      {
        "key": {
          "type": 0,
          "file": 2,
          "line": 65,
          "col": 3,
          "lit": "sparse-checkout"
        },
        "value": {
          "type": 0,
          "file": 2,
          "line": 69,
          "col": 14,
          "lit": ""
        }
      },
      {
        "key": {
          "type": 0,
          "file": 2,
          "line": 70,
          "col": 3,
          "lit": "sparse-checkout-cone-mode"
        },
        "value": {
          "type": 0,
          "file": 2,
          "line": 73,
          "col": 14,
          "lit": "true"
        }
      },
      {
        "key": {
          "type": 0,
          "file": 2,
          "line": 74,
          "col": 3,
          "lit": "fetch-depth"
        },
        "value": {
          "type": 0,
          "file": 2,
          "line": 76,
          "col": 14,
          "lit": "1"
        }
      },
      {
        "key": {
          "type": 0,
          "file": 2,
          "line": 77,
          "col": 3,
          "lit": "fetch-tags"
        },
        "value": {
          "type": 0,
          "file": 2,
          "line": 79,
          "col": 14,
          "lit": "false"
        }
      },
      {
        "key": {
          "type": 0,
          "file": 2,
          "line": 80,
          "col": 3,
          "lit": "show-progress"
        },
        "value": {
          "type": 0,
          "file": 2,
          "line": 82,
          "col": 14,
          "lit": "true"
        }
      },
      {
        "key": {
          "type": 0,
          "file": 2,
          "line": 83,
          "col": 3,
          "lit": "lfs"
        },
        "value": {
          "type": 0,
          "file": 2,
          "line": 85,
          "col": 14,
          "lit": "false"
        }
      },
      {
        "key": {
          "type": 0,
          "file": 2,
          "line": 86,
          "col": 3,
          "lit": "submodules"
        },
        "value": {
          "type": 0,
          "file": 2,
          "line": 94,
          "col": 14,
          "lit": "false"
        }
      },
      {
        "key": {
          "type": 0,
          "file": 2,
          "line": 95,
          "col": 3,
          "lit": "set-safe-directory"
        },
        "value": {
          "type": 0,
          "file": 2,
          "line": 97,
          "col": 14,
          "lit": "true"
        }
      },
      {
        "key": {
          "type": 0,
          "file": 2,
          "line": 98,
          "col": 3,
          "lit": "github-server-url"
        },
        "value": ""
      },
      {
        "key": {
          "type": 0,
          "file": 2,
          "line": 101,
          "col": 3,
          "lit": "allow-unsafe-pr-checkout"
        },
        "value": {
          "type": 0,
          "file": 2,
          "line": 109,
          "col": 14,
          "lit": "false"
        }
      }
    ]
  },
  "execution": {
    "executionType": "nodeJS",
    "hasPre": false,
    "hasPost": true,
    "script": "dist/index.js",
    "pre": null,
    "post": "dist/index.js",
    "nodeVersion": "node24",
    "cleanupCondition": "always()",
    "initCondition": "always()"
  },
  "deprecated": null
}
[2026-09-10 06:25:02Z INFO ActionManager] Action pre node.js file: N/A.
[2026-09-10 06:25:02Z INFO ActionManager] Action node.js file: dist/index.js.
[2026-09-10 06:25:02Z INFO ActionManager] Action post node.js file: dist/index.js.
[2026-09-10 06:25:02Z INFO HostContext] Well known directory 'Bin': 'C:\Users\Bhuwan\Desktop\New folder\actions-runner\bin'
[2026-09-10 06:25:02Z INFO HostContext] Well known directory 'Root': 'C:\Users\Bhuwan\Desktop\New folder\actions-runner'
[2026-09-10 06:25:02Z INFO HostContext] Well known directory 'Work': 'C:\Users\Bhuwan\Desktop\New folder\actions-runner\_work'
[2026-09-10 06:25:02Z INFO HostContext] Well known directory 'Actions': 'C:\Users\Bhuwan\Desktop\New folder\actions-runner\_work\_actions'
[2026-09-10 06:25:02Z INFO HostContext] Well known directory 'Bin': 'C:\Users\Bhuwan\Desktop\New folder\actions-runner\bin'
[2026-09-10 06:25:02Z INFO HostContext] Well known directory 'Root': 'C:\Users\Bhuwan\Desktop\New folder\actions-runner'
[2026-09-10 06:25:02Z INFO HostContext] Well known directory 'Work': 'C:\Users\Bhuwan\Desktop\New folder\actions-runner\_work'
[2026-09-10 06:25:02Z INFO HostContext] Well known directory 'Actions': 'C:\Users\Bhuwan\Desktop\New folder\actions-runner\_work\_actions'
[2026-09-10 06:25:02Z INFO ActionManifestManagerLegacy] Ignore action property author.
[2026-09-10 06:25:02Z INFO ActionManifestManagerLegacy] Loaded action.yml file: {
  "name": "Setup Java JDK",
  "description": "Set up a specific version of the Java JDK and add the command-line tools to the PATH",
  "inputs": {
    "type": 2,
    "map": [
      {
        "key": {
          "type": 0,
          "file": 3,
          "line": 6,
          "col": 3,
          "lit": "java-version"
        },
        "value": ""
      },
      {
        "key": {
          "type": 0,
          "file": 3,
          "line": 9,
          "col": 3,
          "lit": "java-version-file"
        },
        "value": ""
      },
      {
        "key": {
          "type": 0,
          "file": 3,
          "line": 12,
          "col": 3,
          "lit": "distribution"
        },
        "value": ""
      },
      {
        "key": {
          "type": 0,
          "file": 3,
          "line": 15,
          "col": 3,
          "lit": "java-package"
        },
        "value": {
          "type": 0,
          "file": 3,
          "line": 18,
          "col": 14,
          "lit": "jdk"
        }
      },
      {
        "key": {
          "type": 0,
          "file": 3,
          "line": 19,
          "col": 3,
          "lit": "architecture"
        },
        "value": ""
      },
      {
        "key": {
          "type": 0,
          "file": 3,
          "line": 22,
          "col": 3,
          "lit": "jdk-file"
        },
        "value": ""
      },
      {
        "key": {
          "type": 0,
          "file": 3,
          "line": 25,
          "col": 3,
          "lit": "jdkFile"
        },
        "value": ""
      },
      {
        "key": {
          "type": 0,
          "file": 3,
          "line": 29,
          "col": 3,
          "lit": "check-latest"
        },
        "value": {
          "type": 0,
          "file": 3,
          "line": 32,
          "col": 14,
          "lit": "false"
        }
      },
      {
        "key": {
          "type": 0,
          "file": 3,
          "line": 33,
          "col": 3,
          "lit": "set-default"
        },
        "value": {
          "type": 0,
          "file": 3,
          "line": 36,
          "col": 14,
          "lit": "true"
        }
      },
      {
        "key": {
          "type": 0,
          "file": 3,
          "line": 37,
          "col": 3,
          "lit": "verify-signature"
        },
        "value": {
          "type": 0,
          "file": 3,
          "line": 40,
          "col": 14,
          "lit": "false"
        }
      },
      {
        "key": {
          "type": 0,
          "file": 3,
          "line": 41,
          "col": 3,
          "lit": "verify-signature-public-key"
        },
        "value": ""
      },
      {
        "key": {
          "type": 0,
          "file": 3,
          "line": 44,
          "col": 3,
          "lit": "server-id"
        },
        "value": {
          "type": 0,
          "file": 3,
          "line": 48,
          "col": 14,
          "lit": "github"
        }
      },
      {
        "key": {
          "type": 0,
          "file": 3,
          "line": 49,
          "col": 3,
          "lit": "server-username"
        },
        "value": {
          "type": 0,
          "file": 3,
          "line": 53,
          "col": 14,
          "lit": "GITHUB_ACTOR"
        }
      },
      {
        "key": {
          "type": 0,
          "file": 3,
          "line": 54,
          "col": 3,
          "lit": "server-password"
        },
        "value": {
          "type": 0,
          "file": 3,
          "line": 58,
          "col": 14,
          "lit": "GITHUB_TOKEN"
        }
      },
      {
        "key": {
          "type": 0,
          "file": 3,
          "line": 59,
          "col": 3,
          "lit": "settings-path"
        },
        "value": ""
      },
      {
        "key": {
          "type": 0,
          "file": 3,
          "line": 62,
          "col": 3,
          "lit": "overwrite-settings"
        },
        "value": {
          "type": 0,
          "file": 3,
          "line": 65,
          "col": 14,
          "lit": "true"
        }
      },
      {
        "key": {
          "type": 0,
          "file": 3,
          "line": 66,
          "col": 3,
          "lit": "gpg-private-key"
        },
        "value": {
          "type": 0,
          "file": 3,
          "line": 69,
          "col": 14,
          "lit": ""
        }
      },
      {
        "key": {
          "type": 0,
          "file": 3,
          "line": 70,
          "col": 3,
          "lit": "gpg-passphrase"
        },
        "value": ""
      },
      {
        "key": {
          "type": 0,
          "file": 3,
          "line": 73,
          "col": 3,
          "lit": "cache"
        },
        "value": ""
      },
      {
        "key": {
          "type": 0,
          "file": 3,
          "line": 76,
          "col": 3,
          "lit": "cache-dependency-path"
        },
        "value": ""
      },
      {
        "key": {
          "type": 0,
          "file": 3,
          "line": 79,
          "col": 3,
          "lit": "job-status"
        },
        "value": {
          "type": 3,
          "file": 3,
          "line": 82,
          "col": 14,
          "expr": "job.status"
        }
      },
      {
        "key": {
          "type": 0,
          "file": 3,
          "line": 83,
          "col": 3,
          "lit": "token"
        },
        "value": {
          "type": 3,
          "file": 3,
          "line": 86,
          "col": 14,
          "expr": "github.server_url == 'https://github.com' && github.token || ''"
        }
      },
      {
        "key": {
          "type": 0,
          "file": 3,
          "line": 87,
          "col": 3,
          "lit": "mvn-toolchain-id"
        },
        "value": ""
      },
      {
        "key": {
          "type": 0,
          "file": 3,
          "line": 90,
          "col": 3,
          "lit": "mvn-toolchain-vendor"
        },
        "value": ""
      },
      {
        "key": {
          "type": 0,
          "file": 3,
          "line": 93,
          "col": 3,
          "lit": "show-download-progress"
        },
        "value": {
          "type": 0,
          "file": 3,
          "line": 96,
          "col": 14,
          "lit": "false"
        }
      }
    ]
  },
  "execution": {
    "executionType": "nodeJS",
    "hasPre": false,
    "hasPost": true,
    "script": "dist/setup/index.js",
    "pre": null,
    "post": "dist/cleanup/index.js",
    "nodeVersion": "node24",
    "cleanupCondition": "always()",
    "initCondition": "always()"
  },
  "deprecated": {
    "jdkFile": "The `jdkFile` input is deprecated. Use `jdk-file` instead."
  }
}
[2026-09-10 06:25:02Z INFO ActionManager] Action node.js file: dist/setup/index.js, no more preparation.
[2026-09-10 06:25:02Z INFO HostContext] Well known directory 'Bin': 'C:\Users\Bhuwan\Desktop\New folder\actions-runner\bin'
[2026-09-10 06:25:02Z INFO HostContext] Well known directory 'Root': 'C:\Users\Bhuwan\Desktop\New folder\actions-runner'
[2026-09-10 06:25:02Z INFO HostContext] Well known directory 'Work': 'C:\Users\Bhuwan\Desktop\New folder\actions-runner\_work'
[2026-09-10 06:25:02Z INFO HostContext] Well known directory 'Actions': 'C:\Users\Bhuwan\Desktop\New folder\actions-runner\_work\_actions'
[2026-09-10 06:25:02Z INFO ActionManager] Load action that reference repository from 'C:\Users\Bhuwan\Desktop\New folder\actions-runner\_work\_actions\actions\setup-java\v5'
[2026-09-10 06:25:02Z INFO HostContext] Well known directory 'Bin': 'C:\Users\Bhuwan\Desktop\New folder\actions-runner\bin'
[2026-09-10 06:25:02Z INFO HostContext] Well known directory 'Root': 'C:\Users\Bhuwan\Desktop\New folder\actions-runner'
[2026-09-10 06:25:02Z INFO HostContext] Well known directory 'Work': 'C:\Users\Bhuwan\Desktop\New folder\actions-runner\_work'
[2026-09-10 06:25:02Z INFO HostContext] Well known directory 'Actions': 'C:\Users\Bhuwan\Desktop\New folder\actions-runner\_work\_actions'
[2026-09-10 06:25:02Z INFO ActionManifestManagerLegacy] Ignore action property author.
[2026-09-10 06:25:02Z INFO ActionManifestManagerLegacy] Loaded action.yml file: {
  "name": "Setup Java JDK",
  "description": "Set up a specific version of the Java JDK and add the command-line tools to the PATH",
  "inputs": {
    "type": 2,
    "map": [
      {
        "key": {
          "type": 0,
          "file": 3,
          "line": 6,
          "col": 3,
          "lit": "java-version"
        },
        "value": ""
      },
      {
        "key": {
          "type": 0,
          "file": 3,
          "line": 9,
          "col": 3,
          "lit": "java-version-file"
        },
        "value": ""
      },
      {
        "key": {
          "type": 0,
          "file": 3,
          "line": 12,
          "col": 3,
          "lit": "distribution"
        },
        "value": ""
      },
      {
        "key": {
          "type": 0,
          "file": 3,
          "line": 15,
          "col": 3,
          "lit": "java-package"
        },
        "value": {
          "type": 0,
          "file": 3,
          "line": 18,
          "col": 14,
          "lit": "jdk"
        }
      },
      {
        "key": {
          "type": 0,
          "file": 3,
          "line": 19,
          "col": 3,
          "lit": "architecture"
        },
        "value": ""
      },
      {
        "key": {
          "type": 0,
          "file": 3,
          "line": 22,
          "col": 3,
          "lit": "jdk-file"
        },
        "value": ""
      },
      {
        "key": {
          "type": 0,
          "file": 3,
          "line": 25,
          "col": 3,
          "lit": "jdkFile"
        },
        "value": ""
      },
      {
        "key": {
          "type": 0,
          "file": 3,
          "line": 29,
          "col": 3,
          "lit": "check-latest"
        },
        "value": {
          "type": 0,
          "file": 3,
          "line": 32,
          "col": 14,
          "lit": "false"
        }
      },
      {
        "key": {
          "type": 0,
          "file": 3,
          "line": 33,
          "col": 3,
          "lit": "set-default"
        },
        "value": {
          "type": 0,
          "file": 3,
          "line": 36,
          "col": 14,
          "lit": "true"
        }
      },
      {
        "key": {
          "type": 0,
          "file": 3,
          "line": 37,
          "col": 3,
          "lit": "verify-signature"
        },
        "value": {
          "type": 0,
          "file": 3,
          "line": 40,
          "col": 14,
          "lit": "false"
        }
      },
      {
        "key": {
          "type": 0,
          "file": 3,
          "line": 41,
          "col": 3,
          "lit": "verify-signature-public-key"
        },
        "value": ""
      },
      {
        "key": {
          "type": 0,
          "file": 3,
          "line": 44,
          "col": 3,
          "lit": "server-id"
        },
        "value": {
          "type": 0,
          "file": 3,
          "line": 48,
          "col": 14,
          "lit": "github"
        }
      },
      {
        "key": {
          "type": 0,
          "file": 3,
          "line": 49,
          "col": 3,
          "lit": "server-username"
        },
        "value": {
          "type": 0,
          "file": 3,
          "line": 53,
          "col": 14,
          "lit": "GITHUB_ACTOR"
        }
      },
      {
        "key": {
          "type": 0,
          "file": 3,
          "line": 54,
          "col": 3,
          "lit": "server-password"
        },
        "value": {
          "type": 0,
          "file": 3,
          "line": 58,
          "col": 14,
          "lit": "GITHUB_TOKEN"
        }
      },
      {
        "key": {
          "type": 0,
          "file": 3,
          "line": 59,
          "col": 3,
          "lit": "settings-path"
        },
        "value": ""
      },
      {
        "key": {
          "type": 0,
          "file": 3,
          "line": 62,
          "col": 3,
          "lit": "overwrite-settings"
        },
        "value": {
          "type": 0,
          "file": 3,
          "line": 65,
          "col": 14,
          "lit": "true"
        }
      },
      {
        "key": {
          "type": 0,
          "file": 3,
          "line": 66,
          "col": 3,
          "lit": "gpg-private-key"
        },
        "value": {
          "type": 0,
          "file": 3,
          "line": 69,
          "col": 14,
          "lit": ""
        }
      },
      {
        "key": {
          "type": 0,
          "file": 3,
          "line": 70,
          "col": 3,
          "lit": "gpg-passphrase"
        },
        "value": ""
      },
      {
        "key": {
          "type": 0,
          "file": 3,
          "line": 73,
          "col": 3,
          "lit": "cache"
        },
        "value": ""
      },
      {
        "key": {
          "type": 0,
          "file": 3,
          "line": 76,
          "col": 3,
          "lit": "cache-dependency-path"
        },
        "value": ""
      },
      {
        "key": {
          "type": 0,
          "file": 3,
          "line": 79,
          "col": 3,
          "lit": "job-status"
        },
        "value": {
          "type": 3,
          "file": 3,
          "line": 82,
          "col": 14,
          "expr": "job.status"
        }
      },
      {
        "key": {
          "type": 0,
          "file": 3,
          "line": 83,
          "col": 3,
          "lit": "token"
        },
        "value": {
          "type": 3,
          "file": 3,
          "line": 86,
          "col": 14,
          "expr": "github.server_url == 'https://github.com' && github.token || ''"
        }
      },
      {
        "key": {
          "type": 0,
          "file": 3,
          "line": 87,
          "col": 3,
          "lit": "mvn-toolchain-id"
        },
        "value": ""
      },
      {
        "key": {
          "type": 0,
          "file": 3,
          "line": 90,
          "col": 3,
          "lit": "mvn-toolchain-vendor"
        },
        "value": ""
      },
      {
        "key": {
          "type": 0,
          "file": 3,
          "line": 93,
          "col": 3,
          "lit": "show-download-progress"
        },
        "value": {
          "type": 0,
          "file": 3,
          "line": 96,
          "col": 14,
          "lit": "false"
        }
      }
    ]
  },
  "execution": {
    "executionType": "nodeJS",
    "hasPre": false,
    "hasPost": true,
    "script": "dist/setup/index.js",
    "pre": null,
    "post": "dist/cleanup/index.js",
    "nodeVersion": "node24",
    "cleanupCondition": "always()",
    "initCondition": "always()"
  },
  "deprecated": {
    "jdkFile": "The `jdkFile` input is deprecated. Use `jdk-file` instead."
  }
}
[2026-09-10 06:25:02Z INFO ActionManager] Action pre node.js file: N/A.
[2026-09-10 06:25:02Z INFO ActionManager] Action node.js file: dist/setup/index.js.
[2026-09-10 06:25:02Z INFO ActionManager] Action post node.js file: dist/cleanup/index.js.
[2026-09-10 06:25:02Z INFO JobExtension] Adding .
[2026-09-10 06:25:02Z INFO JobExtension] Adding .
[2026-09-10 06:25:02Z INFO JobExtension] Adding .
[2026-09-10 06:25:02Z INFO JobExtension] Adding .
[2026-09-10 06:25:02Z INFO JobExtension] Adding .
[2026-09-10 06:25:02Z INFO HostContext] Well known directory 'Bin': 'C:\Users\Bhuwan\Desktop\New folder\actions-runner\bin'
[2026-09-10 06:25:02Z INFO HostContext] Well known directory 'Root': 'C:\Users\Bhuwan\Desktop\New folder\actions-runner'
[2026-09-10 06:25:02Z INFO HostContext] Well known directory 'Diag': 'C:\Users\Bhuwan\Desktop\New folder\actions-runner\_diag'
[2026-09-10 06:25:02Z INFO HostContext] Well known directory 'Bin': 'C:\Users\Bhuwan\Desktop\New folder\actions-runner\bin'
[2026-09-10 06:25:02Z INFO HostContext] Well known directory 'Root': 'C:\Users\Bhuwan\Desktop\New folder\actions-runner'
[2026-09-10 06:25:02Z INFO HostContext] Well known directory 'Diag': 'C:\Users\Bhuwan\Desktop\New folder\actions-runner\_diag'
[2026-09-10 06:25:02Z INFO HostContext] Well known directory 'Bin': 'C:\Users\Bhuwan\Desktop\New folder\actions-runner\bin'
[2026-09-10 06:25:02Z INFO HostContext] Well known directory 'Root': 'C:\Users\Bhuwan\Desktop\New folder\actions-runner'
[2026-09-10 06:25:02Z INFO HostContext] Well known directory 'Diag': 'C:\Users\Bhuwan\Desktop\New folder\actions-runner\_diag'
[2026-09-10 06:25:02Z INFO HostContext] Well known directory 'Bin': 'C:\Users\Bhuwan\Desktop\New folder\actions-runner\bin'
[2026-09-10 06:25:02Z INFO HostContext] Well known directory 'Root': 'C:\Users\Bhuwan\Desktop\New folder\actions-runner'
[2026-09-10 06:25:02Z INFO HostContext] Well known directory 'Diag': 'C:\Users\Bhuwan\Desktop\New folder\actions-runner\_diag'
[2026-09-10 06:25:02Z INFO HostContext] Well known directory 'Bin': 'C:\Users\Bhuwan\Desktop\New folder\actions-runner\bin'
[2026-09-10 06:25:02Z INFO HostContext] Well known directory 'Root': 'C:\Users\Bhuwan\Desktop\New folder\actions-runner'
[2026-09-10 06:25:02Z INFO HostContext] Well known directory 'Diag': 'C:\Users\Bhuwan\Desktop\New folder\actions-runner\_diag'
[2026-09-10 06:25:02Z INFO HostContext] Well known directory 'Bin': 'C:\Users\Bhuwan\Desktop\New folder\actions-runner\bin'
[2026-09-10 06:25:02Z INFO HostContext] Well known directory 'Root': 'C:\Users\Bhuwan\Desktop\New folder\actions-runner'
[2026-09-10 06:25:02Z INFO HostContext] Well known directory 'Diag': 'C:\Users\Bhuwan\Desktop\New folder\actions-runner\_diag'
[2026-09-10 06:25:02Z INFO HostContext] Well known directory 'Bin': 'C:\Users\Bhuwan\Desktop\New folder\actions-runner\bin'
[2026-09-10 06:25:02Z INFO HostContext] Well known directory 'Root': 'C:\Users\Bhuwan\Desktop\New folder\actions-runner'
[2026-09-10 06:25:02Z INFO HostContext] Well known directory 'Diag': 'C:\Users\Bhuwan\Desktop\New folder\actions-runner\_diag'
[2026-09-10 06:25:02Z INFO HostContext] Well known directory 'Bin': 'C:\Users\Bhuwan\Desktop\New folder\actions-runner\bin'
[2026-09-10 06:25:02Z INFO HostContext] Well known directory 'Root': 'C:\Users\Bhuwan\Desktop\New folder\actions-runner'
[2026-09-10 06:25:02Z INFO HostContext] Well known directory 'Diag': 'C:\Users\Bhuwan\Desktop\New folder\actions-runner\_diag'
[2026-09-10 06:25:02Z INFO HostContext] Well known directory 'Bin': 'C:\Users\Bhuwan\Desktop\New folder\actions-runner\bin'
[2026-09-10 06:25:02Z INFO HostContext] Well known directory 'Root': 'C:\Users\Bhuwan\Desktop\New folder\actions-runner'
[2026-09-10 06:25:02Z INFO HostContext] Well known directory 'Diag': 'C:\Users\Bhuwan\Desktop\New folder\actions-runner\_diag'
[2026-09-10 06:25:02Z INFO HostContext] Well known directory 'Bin': 'C:\Users\Bhuwan\Desktop\New folder\actions-runner\bin'
[2026-09-10 06:25:02Z INFO HostContext] Well known directory 'Root': 'C:\Users\Bhuwan\Desktop\New folder\actions-runner'
[2026-09-10 06:25:02Z INFO HostContext] Well known directory 'Diag': 'C:\Users\Bhuwan\Desktop\New folder\actions-runner\_diag'
[2026-09-10 06:25:02Z INFO JobExtension] Total accessible running process: 286.
[2026-09-10 06:25:02Z INFO HostContext] Well known directory 'Bin': 'C:\Users\Bhuwan\Desktop\New folder\actions-runner\bin'
[2026-09-10 06:25:02Z INFO HostContext] Well known directory 'Root': 'C:\Users\Bhuwan\Desktop\New folder\actions-runner'
[2026-09-10 06:25:02Z INFO HostContext] Well known directory 'Work': 'C:\Users\Bhuwan\Desktop\New folder\actions-runner\_work'
[2026-09-10 06:25:02Z INFO JobExtension] Start checking server connectivity.
[2026-09-10 06:25:02Z INFO JobExtension] Check server connectivity for https://broker.actions.githubusercontent.com/health.
[2026-09-10 06:25:02Z INFO JobExtension] Check server connectivity for https://token.actions.githubusercontent.com/ready.
[2026-09-10 06:25:02Z INFO JobExtension] Check server connectivity for https://run.actions.githubusercontent.com/health.
[2026-09-10 06:25:02Z INFO JobExtension] Start checking service connectivity in background.
[2026-09-10 06:25:02Z INFO ExecutionContext] Publish step telemetry for current step {
  "action": "setup_job",
  "type": "runner",
  "stage": "Pre",
  "stepId": "a2602f24-72ba-44fe-bb15-38865478f832",
  "result": "succeeded",
  "errorMessages": [],
  "executionTimeInSeconds": 15,
  "startTime": "2026-09-10T06:24:48.4342931Z",
  "finishTime": "2026-09-10T06:25:02.5918171Z"
}.
[2026-09-10 06:25:02Z INFO JobRunner] Total job steps: 5.
[2026-09-10 06:25:02Z INFO JobRunner] Run all job steps.
[2026-09-10 06:25:02Z INFO DapDebugger] DapDebugger initialized
[2026-09-10 06:25:02Z INFO StepsRunner] Processing step: DisplayName='Checkout code'
[2026-09-10 06:25:02Z INFO StepsRunner] Evaluating: success()
[2026-09-10 06:25:02Z INFO StepsRunner] Result: true
[2026-09-10 06:25:02Z INFO StepsRunner] Starting the step.
[2026-09-10 06:25:02Z INFO HostContext] Well known directory 'Bin': 'C:\Users\Bhuwan\Desktop\New folder\actions-runner\bin'
[2026-09-10 06:25:02Z INFO HostContext] Well known directory 'Root': 'C:\Users\Bhuwan\Desktop\New folder\actions-runner'
[2026-09-10 06:25:02Z INFO HostContext] Well known directory 'Work': 'C:\Users\Bhuwan\Desktop\New folder\actions-runner\_work'
[2026-09-10 06:25:02Z INFO StepsRunner] Which2: 'chcp'
[2026-09-10 06:25:02Z INFO StepsRunner] chcp: command not found. Make sure 'chcp' is installed and its location included in the 'Path' environment variable.
[2026-09-10 06:25:02Z WARN StepsRunner] 'chcp 65001' failed with exception chcp: command not found
[2026-09-10 06:25:02Z INFO HostContext] Well known directory 'Bin': 'C:\Users\Bhuwan\Desktop\New folder\actions-runner\bin'
[2026-09-10 06:25:02Z INFO HostContext] Well known directory 'Root': 'C:\Users\Bhuwan\Desktop\New folder\actions-runner'
[2026-09-10 06:25:02Z INFO HostContext] Well known directory 'Work': 'C:\Users\Bhuwan\Desktop\New folder\actions-runner\_work'
[2026-09-10 06:25:02Z INFO HostContext] Well known directory 'Actions': 'C:\Users\Bhuwan\Desktop\New folder\actions-runner\_work\_actions'
[2026-09-10 06:25:02Z INFO ActionManager] Load action that reference repository from 'C:\Users\Bhuwan\Desktop\New folder\actions-runner\_work\_actions\actions\checkout\v6'
[2026-09-10 06:25:02Z INFO HostContext] Well known directory 'Bin': 'C:\Users\Bhuwan\Desktop\New folder\actions-runner\bin'
[2026-09-10 06:25:02Z INFO HostContext] Well known directory 'Root': 'C:\Users\Bhuwan\Desktop\New folder\actions-runner'
[2026-09-10 06:25:02Z INFO HostContext] Well known directory 'Work': 'C:\Users\Bhuwan\Desktop\New folder\actions-runner\_work'
[2026-09-10 06:25:02Z INFO HostContext] Well known directory 'Actions': 'C:\Users\Bhuwan\Desktop\New folder\actions-runner\_work\_actions'
[2026-09-10 06:25:02Z INFO ActionManifestManagerLegacy] Loaded action.yml file: {
  "name": "Checkout",
  "description": "Checkout a Git repository at a particular version",
  "inputs": {
    "type": 2,
    "map": [
      {
        "key": {
          "type": 0,
          "file": 2,
          "line": 4,
          "col": 3,
          "lit": "repository"
        },
        "value": {
          "type": 3,
          "file": 2,
          "line": 6,
          "col": 14,
          "expr": "github.repository"
        }
      },
      {
        "key": {
          "type": 0,
          "file": 2,
          "line": 7,
          "col": 3,
          "lit": "ref"
        },
        "value": ""
      },
      {
        "key": {
          "type": 0,
          "file": 2,
          "line": 12,
          "col": 3,
          "lit": "token"
        },
        "value": {
          "type": 3,
          "file": 2,
          "line": 24,
          "col": 14,
          "expr": "github.token"
        }
      },
      {
        "key": {
          "type": 0,
          "file": 2,
          "line": 25,
          "col": 3,
          "lit": "ssh-key"
        },
        "value": ""
      },
      {
        "key": {
          "type": 0,
          "file": 2,
          "line": 37,
          "col": 3,
          "lit": "ssh-known-hosts"
        },
        "value": ""
      },
      {
        "key": {
          "type": 0,
          "file": 2,
          "line": 42,
          "col": 3,
          "lit": "ssh-strict"
        },
        "value": {
          "type": 0,
          "file": 2,
          "line": 47,
          "col": 14,
          "lit": "true"
        }
      },
      {
        "key": {
          "type": 0,
          "file": 2,
          "line": 48,
          "col": 3,
          "lit": "ssh-user"
        },
        "value": {
          "type": 0,
          "file": 2,
          "line": 51,
          "col": 14,
          "lit": "git"
        }
      },
      {
        "key": {
          "type": 0,
          "file": 2,
          "line": 52,
          "col": 3,
          "lit": "persist-credentials"
        },
        "value": {
          "type": 0,
          "file": 2,
          "line": 54,
          "col": 14,
          "lit": "true"
        }
      },
      {
        "key": {
          "type": 0,
          "file": 2,
          "line": 55,
          "col": 3,
          "lit": "path"
        },
        "value": ""
      },
      {
        "key": {
          "type": 0,
          "file": 2,
          "line": 57,
          "col": 3,
          "lit": "clean"
        },
        "value": {
          "type": 0,
          "file": 2,
          "line": 59,
          "col": 14,
          "lit": "true"
        }
      },
      {
        "key": {
          "type": 0,
          "file": 2,
          "line": 60,
          "col": 3,
          "lit": "filter"
        },
        "value": {
          "type": 0,
          "file": 2,
          "line": 64,
          "col": 14,
          "lit": ""
        }
      },
      {
        "key": {
          "type": 0,
          "file": 2,
          "line": 65,
          "col": 3,
          "lit": "sparse-checkout"
        },
        "value": {
          "type": 0,
          "file": 2,
          "line": 69,
          "col": 14,
          "lit": ""
        }
      },
      {
        "key": {
          "type": 0,
          "file": 2,
          "line": 70,
          "col": 3,
          "lit": "sparse-checkout-cone-mode"
        },
        "value": {
          "type": 0,
          "file": 2,
          "line": 73,
          "col": 14,
          "lit": "true"
        }
      },
      {
        "key": {
          "type": 0,
          "file": 2,
          "line": 74,
          "col": 3,
          "lit": "fetch-depth"
        },
        "value": {
          "type": 0,
          "file": 2,
          "line": 76,
          "col": 14,
          "lit": "1"
        }
      },
      {
        "key": {
          "type": 0,
          "file": 2,
          "line": 77,
          "col": 3,
          "lit": "fetch-tags"
        },
        "value": {
          "type": 0,
          "file": 2,
          "line": 79,
          "col": 14,
          "lit": "false"
        }
      },
      {
        "key": {
          "type": 0,
          "file": 2,
          "line": 80,
          "col": 3,
          "lit": "show-progress"
        },
        "value": {
          "type": 0,
          "file": 2,
          "line": 82,
          "col": 14,
          "lit": "true"
        }
      },
      {
        "key": {
          "type": 0,
          "file": 2,
          "line": 83,
          "col": 3,
          "lit": "lfs"
        },
        "value": {
          "type": 0,
          "file": 2,
          "line": 85,
          "col": 14,
          "lit": "false"
        }
      },
      {
        "key": {
          "type": 0,
          "file": 2,
          "line": 86,
          "col": 3,
          "lit": "submodules"
        },
        "value": {
          "type": 0,
          "file": 2,
          "line": 94,
          "col": 14,
          "lit": "false"
        }
      },
      {
        "key": {
          "type": 0,
          "file": 2,
          "line": 95,
          "col": 3,
          "lit": "set-safe-directory"
        },
        "value": {
          "type": 0,
          "file": 2,
          "line": 97,
          "col": 14,
          "lit": "true"
        }
      },
      {
        "key": {
          "type": 0,
          "file": 2,
          "line": 98,
          "col": 3,
          "lit": "github-server-url"
        },
        "value": ""
      },
      {
        "key": {
          "type": 0,
          "file": 2,
          "line": 101,
          "col": 3,
          "lit": "allow-unsafe-pr-checkout"
        },
        "value": {
          "type": 0,
          "file": 2,
          "line": 109,
          "col": 14,
          "lit": "false"
        }
      }
    ]
  },
  "execution": {
    "executionType": "nodeJS",
    "hasPre": false,
    "hasPost": true,
    "script": "dist/index.js",
    "pre": null,
    "post": "dist/index.js",
    "nodeVersion": "node24",
    "cleanupCondition": "always()",
    "initCondition": "always()"
  },
  "deprecated": null
}
[2026-09-10 06:25:02Z INFO ActionManager] Action pre node.js file: N/A.
[2026-09-10 06:25:02Z INFO ActionManager] Action node.js file: dist/index.js.
[2026-09-10 06:25:02Z INFO ActionManager] Action post node.js file: dist/index.js.
[2026-09-10 06:25:02Z INFO JobServerQueue] Try to append 1 batches web console lines for record 'a2602f24-72ba-44fe-bb15-38865478f832', success rate: 1/1.
[2026-09-10 06:25:02Z INFO ExecutionContext] Reserve record order 7 to 12 for post job actions.
[2026-09-10 06:25:02Z INFO HostContext] Well known directory 'Bin': 'C:\Users\Bhuwan\Desktop\New folder\actions-runner\bin'
[2026-09-10 06:25:02Z INFO HostContext] Well known directory 'Root': 'C:\Users\Bhuwan\Desktop\New folder\actions-runner'
[2026-09-10 06:25:02Z INFO HostContext] Well known directory 'Diag': 'C:\Users\Bhuwan\Desktop\New folder\actions-runner\_diag'
[2026-09-10 06:25:02Z INFO HostContext] Well known directory 'Bin': 'C:\Users\Bhuwan\Desktop\New folder\actions-runner\bin'
[2026-09-10 06:25:02Z INFO HostContext] Well known directory 'Root': 'C:\Users\Bhuwan\Desktop\New folder\actions-runner'
[2026-09-10 06:25:02Z INFO HostContext] Well known directory 'Diag': 'C:\Users\Bhuwan\Desktop\New folder\actions-runner\_diag'
[2026-09-10 06:25:02Z INFO HostContext] Well known directory 'Bin': 'C:\Users\Bhuwan\Desktop\New folder\actions-runner\bin'
[2026-09-10 06:25:02Z INFO HostContext] Well known directory 'Root': 'C:\Users\Bhuwan\Desktop\New folder\actions-runner'
[2026-09-10 06:25:02Z INFO HostContext] Well known directory 'Work': 'C:\Users\Bhuwan\Desktop\New folder\actions-runner\_work'
[2026-09-10 06:25:02Z INFO HostContext] Well known directory 'Temp': 'C:\Users\Bhuwan\Desktop\New folder\actions-runner\_work\_temp'
[2026-09-10 06:25:02Z INFO ExecutionContext] Write event payload to C:\Users\Bhuwan\Desktop\New folder\actions-runner\_work\_temp\_github_workflow\event.json
[2026-09-10 06:25:02Z INFO HostContext] Well known directory 'Bin': 'C:\Users\Bhuwan\Desktop\New folder\actions-runner\bin'
[2026-09-10 06:25:02Z INFO HostContext] Well known directory 'Root': 'C:\Users\Bhuwan\Desktop\New folder\actions-runner'
[2026-09-10 06:25:02Z INFO HostContext] Well known directory 'Work': 'C:\Users\Bhuwan\Desktop\New folder\actions-runner\_work'
[2026-09-10 06:25:02Z INFO HostContext] Well known directory 'Temp': 'C:\Users\Bhuwan\Desktop\New folder\actions-runner\_work\_temp'
[2026-09-10 06:25:02Z INFO ExtensionManager] Getting extensions for interface: 'GitHub.Runner.Worker.IFileCommandExtension'
[2026-09-10 06:25:02Z INFO ExtensionManager] Creating instance: GitHub.Runner.Worker.AddPathFileCommand, Runner.Worker
[2026-09-10 06:25:02Z INFO ExtensionManager] Creating instance: GitHub.Runner.Worker.SetEnvFileCommand, Runner.Worker
[2026-09-10 06:25:02Z INFO ExtensionManager] Creating instance: GitHub.Runner.Worker.CreateStepSummaryCommand, Runner.Worker
[2026-09-10 06:25:02Z INFO ExtensionManager] Creating instance: GitHub.Runner.Worker.SaveStateFileCommand, Runner.Worker
[2026-09-10 06:25:02Z INFO ExtensionManager] Creating instance: GitHub.Runner.Worker.SetOutputFileCommand, Runner.Worker
[2026-09-10 06:25:02Z INFO ExtensionManager] Creating instance: GitHub.Runner.Worker.CreateArtifactsFileCommand, Runner.Worker
[2026-09-10 06:25:02Z INFO ExtensionManager] Creating instance: GitHub.Runner.Worker.ArtifactsListFileCommand, Runner.Worker
[2026-09-10 06:25:02Z INFO ActionManifestManagerLegacy] Input 'repository': default value evaluate result: {
  "type": 0,
  "file": 2,
  "line": 6,
  "col": 14,
  "lit": "bhuwan1233/Github-action-project"
}
[2026-09-10 06:25:02Z INFO ActionManifestManagerLegacy] Input 'ref': default value evaluate result: ""
[2026-09-10 06:25:02Z INFO ActionManifestManagerLegacy] Input 'token': default value evaluate result: {
  "type": 0,
  "file": 2,
  "line": 24,
  "col": 14,
  "lit": "***"
}
[2026-09-10 06:25:02Z INFO ActionManifestManagerLegacy] Input 'ssh-key': default value evaluate result: ""
[2026-09-10 06:25:02Z INFO ActionManifestManagerLegacy] Input 'ssh-known-hosts': default value evaluate result: ""
[2026-09-10 06:25:02Z INFO ActionManifestManagerLegacy] Input 'ssh-strict': default value evaluate result: {
  "type": 0,
  "file": 2,
  "line": 47,
  "col": 14,
  "lit": "true"
}
[2026-09-10 06:25:02Z INFO ActionManifestManagerLegacy] Input 'ssh-user': default value evaluate result: {
  "type": 0,
  "file": 2,
  "line": 51,
  "col": 14,
  "lit": "git"
}
[2026-09-10 06:25:02Z INFO ActionManifestManagerLegacy] Input 'persist-credentials': default value evaluate result: {
  "type": 0,
  "file": 2,
  "line": 54,
  "col": 14,
  "lit": "true"
}
[2026-09-10 06:25:02Z INFO ActionManifestManagerLegacy] Input 'path': default value evaluate result: ""
[2026-09-10 06:25:02Z INFO ActionManifestManagerLegacy] Input 'clean': default value evaluate result: {
  "type": 0,
  "file": 2,
  "line": 59,
  "col": 14,
  "lit": "true"
}
[2026-09-10 06:25:02Z INFO ActionManifestManagerLegacy] Input 'filter': default value evaluate result: {
  "type": 0,
  "file": 2,
  "line": 64,
  "col": 14,
  "lit": ""
}
[2026-09-10 06:25:02Z INFO ActionManifestManagerLegacy] Input 'sparse-checkout': default value evaluate result: {
  "type": 0,
  "file": 2,
  "line": 69,
  "col": 14,
  "lit": ""
}
[2026-09-10 06:25:02Z INFO ActionManifestManagerLegacy] Input 'sparse-checkout-cone-mode': default value evaluate result: {
  "type": 0,
  "file": 2,
  "line": 73,
  "col": 14,
  "lit": "true"
}
[2026-09-10 06:25:02Z INFO ActionManifestManagerLegacy] Input 'fetch-depth': default value evaluate result: {
  "type": 0,
  "file": 2,
  "line": 76,
  "col": 14,
  "lit": "1"
}
[2026-09-10 06:25:02Z INFO ActionManifestManagerLegacy] Input 'fetch-tags': default value evaluate result: {
  "type": 0,
  "file": 2,
  "line": 79,
  "col": 14,
  "lit": "false"
}
[2026-09-10 06:25:02Z INFO ActionManifestManagerLegacy] Input 'show-progress': default value evaluate result: {
  "type": 0,
  "file": 2,
  "line": 82,
  "col": 14,
  "lit": "true"
}
[2026-09-10 06:25:02Z INFO ActionManifestManagerLegacy] Input 'lfs': default value evaluate result: {
  "type": 0,
  "file": 2,
  "line": 85,
  "col": 14,
  "lit": "false"
}
[2026-09-10 06:25:02Z INFO ActionManifestManagerLegacy] Input 'submodules': default value evaluate result: {
  "type": 0,
  "file": 2,
  "line": 94,
  "col": 14,
  "lit": "false"
}
[2026-09-10 06:25:02Z INFO ActionManifestManagerLegacy] Input 'set-safe-directory': default value evaluate result: {
  "type": 0,
  "file": 2,
  "line": 97,
  "col": 14,
  "lit": "true"
}
[2026-09-10 06:25:02Z INFO ActionManifestManagerLegacy] Input 'github-server-url': default value evaluate result: ""
[2026-09-10 06:25:02Z INFO ActionManifestManagerLegacy] Input 'allow-unsafe-pr-checkout': default value evaluate result: {
  "type": 0,
  "file": 2,
  "line": 109,
  "col": 14,
  "lit": "false"
}
[2026-09-10 06:25:02Z INFO ExtensionManager] Getting extensions for interface: 'GitHub.Runner.Worker.IActionCommandExtension'
[2026-09-10 06:25:02Z INFO ExtensionManager] Creating instance: GitHub.Runner.Worker.InternalPluginSetRepoPathCommandExtension, Runner.Worker
[2026-09-10 06:25:02Z INFO ExtensionManager] Creating instance: GitHub.Runner.Worker.SetEnvCommandExtension, Runner.Worker
[2026-09-10 06:25:02Z INFO ExtensionManager] Creating instance: GitHub.Runner.Worker.SetOutputCommandExtension, Runner.Worker
[2026-09-10 06:25:02Z INFO ExtensionManager] Creating instance: GitHub.Runner.Worker.SaveStateCommandExtension, Runner.Worker
[2026-09-10 06:25:02Z INFO ExtensionManager] Creating instance: GitHub.Runner.Worker.AddPathCommandExtension, Runner.Worker
[2026-09-10 06:25:02Z INFO ExtensionManager] Creating instance: GitHub.Runner.Worker.AddMaskCommandExtension, Runner.Worker
[2026-09-10 06:25:02Z INFO ExtensionManager] Creating instance: GitHub.Runner.Worker.AddMatcherCommandExtension, Runner.Worker
[2026-09-10 06:25:02Z INFO ExtensionManager] Creating instance: GitHub.Runner.Worker.RemoveMatcherCommandExtension, Runner.Worker
[2026-09-10 06:25:02Z INFO ExtensionManager] Creating instance: GitHub.Runner.Worker.WarningCommandExtension, Runner.Worker
[2026-09-10 06:25:02Z INFO ExtensionManager] Creating instance: GitHub.Runner.Worker.ErrorCommandExtension, Runner.Worker
[2026-09-10 06:25:02Z INFO ExtensionManager] Creating instance: GitHub.Runner.Worker.NoticeCommandExtension, Runner.Worker
[2026-09-10 06:25:02Z INFO ExtensionManager] Creating instance: GitHub.Runner.Worker.DebugCommandExtension, Runner.Worker
[2026-09-10 06:25:02Z INFO ExtensionManager] Creating instance: GitHub.Runner.Worker.GroupCommandExtension, Runner.Worker
[2026-09-10 06:25:02Z INFO ExtensionManager] Creating instance: GitHub.Runner.Worker.EndGroupCommandExtension, Runner.Worker
[2026-09-10 06:25:02Z INFO ExtensionManager] Creating instance: GitHub.Runner.Worker.EchoCommandExtension, Runner.Worker
[2026-09-10 06:25:02Z INFO ActionCommandManager] Register action command extension for command internal-set-repo-path
[2026-09-10 06:25:02Z INFO ActionCommandManager] Register action command extension for command set-env
[2026-09-10 06:25:02Z INFO ActionCommandManager] Register action command extension for command set-output
[2026-09-10 06:25:02Z INFO ActionCommandManager] Register action command extension for command save-state
[2026-09-10 06:25:02Z INFO ActionCommandManager] Register action command extension for command add-path
[2026-09-10 06:25:02Z INFO ActionCommandManager] Register action command extension for command add-mask
[2026-09-10 06:25:02Z INFO ActionCommandManager] Register action command extension for command add-matcher
[2026-09-10 06:25:02Z INFO ActionCommandManager] Register action command extension for command remove-matcher
[2026-09-10 06:25:02Z INFO ActionCommandManager] Register action command extension for command warning
[2026-09-10 06:25:02Z INFO ActionCommandManager] Register action command extension for command error
[2026-09-10 06:25:02Z INFO ActionCommandManager] Register action command extension for command notice
[2026-09-10 06:25:02Z INFO ActionCommandManager] Register action command extension for command debug
[2026-09-10 06:25:02Z INFO ActionCommandManager] Register action command extension for command group
[2026-09-10 06:25:02Z INFO ActionCommandManager] Register action command extension for command endgroup
[2026-09-10 06:25:02Z INFO ActionCommandManager] Register action command extension for command echo
[2026-09-10 06:25:02Z INFO HostContext] Well known directory 'Bin': 'C:\Users\Bhuwan\Desktop\New folder\actions-runner\bin'
[2026-09-10 06:25:02Z INFO HostContext] Well known directory 'Root': 'C:\Users\Bhuwan\Desktop\New folder\actions-runner'
[2026-09-10 06:25:02Z INFO HostContext] Well known directory 'Externals': 'C:\Users\Bhuwan\Desktop\New folder\actions-runner\externals'
[2026-09-10 06:25:02Z INFO ProcessInvokerWrapper] Starting process:
[2026-09-10 06:25:02Z INFO ProcessInvokerWrapper]   File name: 'C:\Users\Bhuwan\Desktop\New folder\actions-runner\externals\node24\bin\node.exe'
[2026-09-10 06:25:02Z INFO ProcessInvokerWrapper]   Arguments: '"C:\Users\Bhuwan\Desktop\New folder\actions-runner\_work\_actions\actions\checkout\v6\dist/index.js"'
[2026-09-10 06:25:02Z INFO ProcessInvokerWrapper]   Working directory: 'C:\Users\Bhuwan\Desktop\New folder\actions-runner\_work\Github-action-project\Github-action-project'
[2026-09-10 06:25:02Z INFO ProcessInvokerWrapper]   Require exit code zero: 'False'
[2026-09-10 06:25:02Z INFO ProcessInvokerWrapper]   Encoding web name: utf-8 ; code page: '65001'
[2026-09-10 06:25:02Z INFO ProcessInvokerWrapper]   Force kill process on cancellation: 'False'
[2026-09-10 06:25:02Z INFO ProcessInvokerWrapper]   Redirected STDIN: 'False'
[2026-09-10 06:25:02Z INFO ProcessInvokerWrapper]   Persist current code page: 'True'
[2026-09-10 06:25:02Z INFO ProcessInvokerWrapper]   Keep redirected STDIN open: 'False'
[2026-09-10 06:25:02Z INFO ProcessInvokerWrapper]   High priority process: 'False'
[2026-09-10 06:25:02Z INFO JobServerQueue] Try to append 1 batches web console lines for record 'b350f98b-f8bb-4a0c-9f0e-cfafda16ad02', success rate: 1/1.
[2026-09-10 06:25:03Z INFO ProcessInvokerWrapper] Process started with process id 25052, waiting for process exit.
[2026-09-10 06:25:03Z INFO JobServerQueue] Got a step log file to send to results service.
[2026-09-10 06:25:03Z INFO JobServerQueue] Starting upload of step log file to results service ResultsLog, C:\Users\Bhuwan\Desktop\New folder\actions-runner\_diag\blocks\16515659-5e85-4f97-9d18-96e35b7cba62_a2602f24-72ba-44fe-bb15-38865478f832.1
[2026-09-10 06:25:03Z INFO JobServerQueue] Try to upload 1 log files or attachments, success rate: 1/1.
[2026-09-10 06:25:04Z INFO JobServerQueue] Try to append 1 batches web console lines for record 'b350f98b-f8bb-4a0c-9f0e-cfafda16ad02', success rate: 1/1.
[2026-09-10 06:25:04Z INFO JobServerQueue] Try to append 1 batches web console lines for record 'b350f98b-f8bb-4a0c-9f0e-cfafda16ad02', success rate: 1/1.
[2026-09-10 06:25:05Z INFO JobServerQueue] Tried to upload 1 file(s) to results, success rate: 1/1.
[2026-09-10 06:25:06Z INFO JobServerQueue] Try to append 1 batches web console lines for record 'b350f98b-f8bb-4a0c-9f0e-cfafda16ad02', success rate: 1/1.
[2026-09-10 06:25:07Z INFO ProcessInvokerWrapper] STDOUT/STDERR stream read finished.
[2026-09-10 06:25:07Z INFO ProcessInvokerWrapper] STDOUT/STDERR stream read finished.
[2026-09-10 06:25:07Z INFO ProcessInvokerWrapper] Finished process 25052 with exit code 1, and elapsed time 00:00:04.2331052.
[2026-09-10 06:25:07Z INFO CreateStepSummaryCommand] Step Summary file (C:\Users\Bhuwan\Desktop\New folder\actions-runner\_work\_temp\_runner_file_commands\step_summary_89fa553d-9129-4f92-8518-c93ea33150d7) is empty; skipping attachment upload
[2026-09-10 06:25:07Z INFO JobServerQueue] Try to append 1 batches web console lines for record 'b350f98b-f8bb-4a0c-9f0e-cfafda16ad02', success rate: 1/1.
[2026-09-10 06:25:07Z INFO StepsRunner] Step result: Failed
[2026-09-10 06:25:07Z INFO ExecutionContext] Publish step telemetry for current step {
  "action": "actions/checkout",
  "ref": "v6",
  "type": "node24",
  "stage": "Main",
  "stepId": "b350f98b-f8bb-4a0c-9f0e-cfafda16ad02",
  "stepContextName": "__actions_checkout",
  "hasPreStep": false,
  "hasPostStep": true,
  "result": "failed",
  "errorMessages": [
    "Unable to locate executable file: powershell. Please verify either the file path exists or the file can be found within a directory specified by the PATH environment variable. Also verify the file has a valid extension for an executable file."
  ],
  "executionTimeInSeconds": 5,
  "startTime": "2026-09-10T06:25:02.6386067Z",
  "finishTime": "2026-09-10T06:25:07.1310624Z"
}.
[2026-09-10 06:25:07Z INFO StepsRunner] Update job result with current step result 'Failed'.
[2026-09-10 06:25:07Z INFO StepsRunner] Current state: job state = 'Failed'
[2026-09-10 06:25:07Z INFO StepsRunner] Processing step: DisplayName='Set up JDK 17'
[2026-09-10 06:25:07Z INFO StepsRunner] Evaluating: success()
[2026-09-10 06:25:07Z INFO StepsRunner] Result: false
[2026-09-10 06:25:07Z INFO StepsRunner] Skipping step due to condition evaluation.
[2026-09-10 06:25:07Z INFO StepsRunner] No need for updating job result with current step result 'Skipped'.
[2026-09-10 06:25:07Z INFO StepsRunner] Current state: job state = 'Failed'
[2026-09-10 06:25:07Z INFO StepsRunner] Processing step: DisplayName='Check Java'
[2026-09-10 06:25:07Z INFO StepsRunner] Evaluating: success()
[2026-09-10 06:25:07Z INFO StepsRunner] Result: false
[2026-09-10 06:25:07Z INFO StepsRunner] Skipping step due to condition evaluation.
[2026-09-10 06:25:07Z INFO StepsRunner] No need for updating job result with current step result 'Skipped'.
[2026-09-10 06:25:07Z INFO StepsRunner] Current state: job state = 'Failed'
[2026-09-10 06:25:07Z INFO StepsRunner] Processing step: DisplayName='Check Maven'
[2026-09-10 06:25:07Z INFO StepsRunner] Evaluating: success()
[2026-09-10 06:25:07Z INFO StepsRunner] Result: false
[2026-09-10 06:25:07Z INFO StepsRunner] Skipping step due to condition evaluation.
[2026-09-10 06:25:07Z INFO StepsRunner] No need for updating job result with current step result 'Skipped'.
[2026-09-10 06:25:07Z INFO StepsRunner] Current state: job state = 'Failed'
[2026-09-10 06:25:07Z INFO StepsRunner] Processing step: DisplayName='Build with Maven'
[2026-09-10 06:25:07Z INFO StepsRunner] Evaluating: success()
[2026-09-10 06:25:07Z INFO StepsRunner] Result: false
[2026-09-10 06:25:07Z INFO StepsRunner] Skipping step due to condition evaluation.
[2026-09-10 06:25:07Z INFO StepsRunner] No need for updating job result with current step result 'Skipped'.
[2026-09-10 06:25:07Z INFO StepsRunner] Current state: job state = 'Failed'
[2026-09-10 06:25:07Z INFO StepsRunner] Processing step: DisplayName='Post Checkout code'
[2026-09-10 06:25:07Z INFO StepsRunner] Evaluating: always()
[2026-09-10 06:25:07Z INFO StepsRunner] Result: true
[2026-09-10 06:25:07Z INFO StepsRunner] Starting the step.
[2026-09-10 06:25:07Z INFO HostContext] Well known directory 'Bin': 'C:\Users\Bhuwan\Desktop\New folder\actions-runner\bin'
[2026-09-10 06:25:07Z INFO HostContext] Well known directory 'Root': 'C:\Users\Bhuwan\Desktop\New folder\actions-runner'
[2026-09-10 06:25:07Z INFO HostContext] Well known directory 'Work': 'C:\Users\Bhuwan\Desktop\New folder\actions-runner\_work'
[2026-09-10 06:25:07Z INFO StepsRunner] Which2: 'chcp'
[2026-09-10 06:25:07Z INFO StepsRunner] chcp: command not found. Make sure 'chcp' is installed and its location included in the 'Path' environment variable.
[2026-09-10 06:25:07Z WARN StepsRunner] 'chcp 65001' failed with exception chcp: command not found
[2026-09-10 06:25:07Z INFO HostContext] Well known directory 'Bin': 'C:\Users\Bhuwan\Desktop\New folder\actions-runner\bin'
[2026-09-10 06:25:07Z INFO HostContext] Well known directory 'Root': 'C:\Users\Bhuwan\Desktop\New folder\actions-runner'
[2026-09-10 06:25:07Z INFO HostContext] Well known directory 'Work': 'C:\Users\Bhuwan\Desktop\New folder\actions-runner\_work'
[2026-09-10 06:25:07Z INFO HostContext] Well known directory 'Actions': 'C:\Users\Bhuwan\Desktop\New folder\actions-runner\_work\_actions'
[2026-09-10 06:25:07Z INFO ActionManager] Load action that reference repository from 'C:\Users\Bhuwan\Desktop\New folder\actions-runner\_work\_actions\actions\checkout\v6'
[2026-09-10 06:25:07Z INFO HostContext] Well known directory 'Bin': 'C:\Users\Bhuwan\Desktop\New folder\actions-runner\bin'
[2026-09-10 06:25:07Z INFO HostContext] Well known directory 'Root': 'C:\Users\Bhuwan\Desktop\New folder\actions-runner'
[2026-09-10 06:25:07Z INFO HostContext] Well known directory 'Work': 'C:\Users\Bhuwan\Desktop\New folder\actions-runner\_work'
[2026-09-10 06:25:07Z INFO HostContext] Well known directory 'Actions': 'C:\Users\Bhuwan\Desktop\New folder\actions-runner\_work\_actions'
[2026-09-10 06:25:07Z INFO ActionManifestManagerLegacy] Loaded action.yml file: {
  "name": "Checkout",
  "description": "Checkout a Git repository at a particular version",
  "inputs": {
    "type": 2,
    "map": [
      {
        "key": {
          "type": 0,
          "file": 2,
          "line": 4,
          "col": 3,
          "lit": "repository"
        },
        "value": {
          "type": 3,
          "file": 2,
          "line": 6,
          "col": 14,
          "expr": "github.repository"
        }
      },
      {
        "key": {
          "type": 0,
          "file": 2,
          "line": 7,
          "col": 3,
          "lit": "ref"
        },
        "value": ""
      },
      {
        "key": {
          "type": 0,
          "file": 2,
          "line": 12,
          "col": 3,
          "lit": "token"
        },
        "value": {
          "type": 3,
          "file": 2,
          "line": 24,
          "col": 14,
          "expr": "github.token"
        }
      },
      {
        "key": {
          "type": 0,
          "file": 2,
          "line": 25,
          "col": 3,
          "lit": "ssh-key"
        },
        "value": ""
      },
      {
        "key": {
          "type": 0,
          "file": 2,
          "line": 37,
          "col": 3,
          "lit": "ssh-known-hosts"
        },
        "value": ""
      },
      {
        "key": {
          "type": 0,
          "file": 2,
          "line": 42,
          "col": 3,
          "lit": "ssh-strict"
        },
        "value": {
          "type": 0,
          "file": 2,
          "line": 47,
          "col": 14,
          "lit": "true"
        }
      },
      {
        "key": {
          "type": 0,
          "file": 2,
          "line": 48,
          "col": 3,
          "lit": "ssh-user"
        },
        "value": {
          "type": 0,
          "file": 2,
          "line": 51,
          "col": 14,
          "lit": "git"
        }
      },
      {
        "key": {
          "type": 0,
          "file": 2,
          "line": 52,
          "col": 3,
          "lit": "persist-credentials"
        },
        "value": {
          "type": 0,
          "file": 2,
          "line": 54,
          "col": 14,
          "lit": "true"
        }
      },
      {
        "key": {
          "type": 0,
          "file": 2,
          "line": 55,
          "col": 3,
          "lit": "path"
        },
        "value": ""
      },
      {
        "key": {
          "type": 0,
          "file": 2,
          "line": 57,
          "col": 3,
          "lit": "clean"
        },
        "value": {
          "type": 0,
          "file": 2,
          "line": 59,
          "col": 14,
          "lit": "true"
        }
      },
      {
        "key": {
          "type": 0,
          "file": 2,
          "line": 60,
          "col": 3,
          "lit": "filter"
        },
        "value": {
          "type": 0,
          "file": 2,
          "line": 64,
          "col": 14,
          "lit": ""
        }
      },
      {
        "key": {
          "type": 0,
          "file": 2,
          "line": 65,
          "col": 3,
          "lit": "sparse-checkout"
        },
        "value": {
          "type": 0,
          "file": 2,
          "line": 69,
          "col": 14,
          "lit": ""
        }
      },
      {
        "key": {
          "type": 0,
          "file": 2,
          "line": 70,
          "col": 3,
          "lit": "sparse-checkout-cone-mode"
        },
        "value": {
          "type": 0,
          "file": 2,
          "line": 73,
          "col": 14,
          "lit": "true"
        }
      },
      {
        "key": {
          "type": 0,
          "file": 2,
          "line": 74,
          "col": 3,
          "lit": "fetch-depth"
        },
        "value": {
          "type": 0,
          "file": 2,
          "line": 76,
          "col": 14,
          "lit": "1"
        }
      },
      {
        "key": {
          "type": 0,
          "file": 2,
          "line": 77,
          "col": 3,
          "lit": "fetch-tags"
        },
        "value": {
          "type": 0,
          "file": 2,
          "line": 79,
          "col": 14,
          "lit": "false"
        }
      },
      {
        "key": {
          "type": 0,
          "file": 2,
          "line": 80,
          "col": 3,
          "lit": "show-progress"
        },
        "value": {
          "type": 0,
          "file": 2,
          "line": 82,
          "col": 14,
          "lit": "true"
        }
      },
      {
        "key": {
          "type": 0,
          "file": 2,
          "line": 83,
          "col": 3,
          "lit": "lfs"
        },
        "value": {
          "type": 0,
          "file": 2,
          "line": 85,
          "col": 14,
          "lit": "false"
        }
      },
      {
        "key": {
          "type": 0,
          "file": 2,
          "line": 86,
          "col": 3,
          "lit": "submodules"
        },
        "value": {
          "type": 0,
          "file": 2,
          "line": 94,
          "col": 14,
          "lit": "false"
        }
      },
      {
        "key": {
          "type": 0,
          "file": 2,
          "line": 95,
          "col": 3,
          "lit": "set-safe-directory"
        },
        "value": {
          "type": 0,
          "file": 2,
          "line": 97,
          "col": 14,
          "lit": "true"
        }
      },
      {
        "key": {
          "type": 0,
          "file": 2,
          "line": 98,
          "col": 3,
          "lit": "github-server-url"
        },
        "value": ""
      },
      {
        "key": {
          "type": 0,
          "file": 2,
          "line": 101,
          "col": 3,
          "lit": "allow-unsafe-pr-checkout"
        },
        "value": {
          "type": 0,
          "file": 2,
          "line": 109,
          "col": 14,
          "lit": "false"
        }
      }
    ]
  },
  "execution": {
    "executionType": "nodeJS",
    "hasPre": false,
    "hasPost": true,
    "script": "dist/index.js",
    "pre": null,
    "post": "dist/index.js",
    "nodeVersion": "node24",
    "cleanupCondition": "always()",
    "initCondition": "always()"
  },
  "deprecated": null
}
[2026-09-10 06:25:07Z INFO ActionManager] Action pre node.js file: N/A.
[2026-09-10 06:25:07Z INFO ActionManager] Action node.js file: dist/index.js.
[2026-09-10 06:25:07Z INFO ActionManager] Action post node.js file: dist/index.js.
[2026-09-10 06:25:07Z INFO HostContext] Well known directory 'Bin': 'C:\Users\Bhuwan\Desktop\New folder\actions-runner\bin'
[2026-09-10 06:25:07Z INFO HostContext] Well known directory 'Root': 'C:\Users\Bhuwan\Desktop\New folder\actions-runner'
[2026-09-10 06:25:07Z INFO HostContext] Well known directory 'Work': 'C:\Users\Bhuwan\Desktop\New folder\actions-runner\_work'
[2026-09-10 06:25:07Z INFO HostContext] Well known directory 'Temp': 'C:\Users\Bhuwan\Desktop\New folder\actions-runner\_work\_temp'
[2026-09-10 06:25:07Z INFO ExecutionContext] Write event payload to C:\Users\Bhuwan\Desktop\New folder\actions-runner\_work\_temp\_github_workflow\event.json
[2026-09-10 06:25:07Z INFO HostContext] Well known directory 'Bin': 'C:\Users\Bhuwan\Desktop\New folder\actions-runner\bin'
[2026-09-10 06:25:07Z INFO HostContext] Well known directory 'Root': 'C:\Users\Bhuwan\Desktop\New folder\actions-runner'
[2026-09-10 06:25:07Z INFO HostContext] Well known directory 'Work': 'C:\Users\Bhuwan\Desktop\New folder\actions-runner\_work'
[2026-09-10 06:25:07Z INFO HostContext] Well known directory 'Temp': 'C:\Users\Bhuwan\Desktop\New folder\actions-runner\_work\_temp'
[2026-09-10 06:25:07Z INFO ExtensionManager] Getting extensions for interface: 'GitHub.Runner.Worker.IFileCommandExtension'
[2026-09-10 06:25:07Z INFO ActionManifestManagerLegacy] Input 'repository': default value evaluate result: {
  "type": 0,
  "file": 2,
  "line": 6,
  "col": 14,
  "lit": "bhuwan1233/Github-action-project"
}
[2026-09-10 06:25:07Z INFO ActionManifestManagerLegacy] Input 'ref': default value evaluate result: ""
[2026-09-10 06:25:07Z INFO ActionManifestManagerLegacy] Input 'token': default value evaluate result: {
  "type": 0,
  "file": 2,
  "line": 24,
  "col": 14,
  "lit": "***"
}
[2026-09-10 06:25:07Z INFO ActionManifestManagerLegacy] Input 'ssh-key': default value evaluate result: ""
[2026-09-10 06:25:07Z INFO ActionManifestManagerLegacy] Input 'ssh-known-hosts': default value evaluate result: ""
[2026-09-10 06:25:07Z INFO ActionManifestManagerLegacy] Input 'ssh-strict': default value evaluate result: {
  "type": 0,
  "file": 2,
  "line": 47,
  "col": 14,
  "lit": "true"
}
[2026-09-10 06:25:07Z INFO ActionManifestManagerLegacy] Input 'ssh-user': default value evaluate result: {
  "type": 0,
  "file": 2,
  "line": 51,
  "col": 14,
  "lit": "git"
}
[2026-09-10 06:25:07Z INFO ActionManifestManagerLegacy] Input 'persist-credentials': default value evaluate result: {
  "type": 0,
  "file": 2,
  "line": 54,
  "col": 14,
  "lit": "true"
}
[2026-09-10 06:25:07Z INFO ActionManifestManagerLegacy] Input 'path': default value evaluate result: ""
[2026-09-10 06:25:07Z INFO ActionManifestManagerLegacy] Input 'clean': default value evaluate result: {
  "type": 0,
  "file": 2,
  "line": 59,
  "col": 14,
  "lit": "true"
}
[2026-09-10 06:25:07Z INFO ActionManifestManagerLegacy] Input 'filter': default value evaluate result: {
  "type": 0,
  "file": 2,
  "line": 64,
  "col": 14,
  "lit": ""
}
[2026-09-10 06:25:07Z INFO ActionManifestManagerLegacy] Input 'sparse-checkout': default value evaluate result: {
  "type": 0,
  "file": 2,
  "line": 69,
  "col": 14,
  "lit": ""
}
[2026-09-10 06:25:07Z INFO ActionManifestManagerLegacy] Input 'sparse-checkout-cone-mode': default value evaluate result: {
  "type": 0,
  "file": 2,
  "line": 73,
  "col": 14,
  "lit": "true"
}
[2026-09-10 06:25:07Z INFO ActionManifestManagerLegacy] Input 'fetch-depth': default value evaluate result: {
  "type": 0,
  "file": 2,
  "line": 76,
  "col": 14,
  "lit": "1"
}
[2026-09-10 06:25:07Z INFO ActionManifestManagerLegacy] Input 'fetch-tags': default value evaluate result: {
  "type": 0,
  "file": 2,
  "line": 79,
  "col": 14,
  "lit": "false"
}
[2026-09-10 06:25:07Z INFO ActionManifestManagerLegacy] Input 'show-progress': default value evaluate result: {
  "type": 0,
  "file": 2,
  "line": 82,
  "col": 14,
  "lit": "true"
}
[2026-09-10 06:25:07Z INFO ActionManifestManagerLegacy] Input 'lfs': default value evaluate result: {
  "type": 0,
  "file": 2,
  "line": 85,
  "col": 14,
  "lit": "false"
}
[2026-09-10 06:25:07Z INFO ActionManifestManagerLegacy] Input 'submodules': default value evaluate result: {
  "type": 0,
  "file": 2,
  "line": 94,
  "col": 14,
  "lit": "false"
}
[2026-09-10 06:25:07Z INFO ActionManifestManagerLegacy] Input 'set-safe-directory': default value evaluate result: {
  "type": 0,
  "file": 2,
  "line": 97,
  "col": 14,
  "lit": "true"
}
[2026-09-10 06:25:07Z INFO ActionManifestManagerLegacy] Input 'github-server-url': default value evaluate result: ""
[2026-09-10 06:25:07Z INFO ActionManifestManagerLegacy] Input 'allow-unsafe-pr-checkout': default value evaluate result: {
  "type": 0,
  "file": 2,
  "line": 109,
  "col": 14,
  "lit": "false"
}
[2026-09-10 06:25:07Z INFO ExtensionManager] Getting extensions for interface: 'GitHub.Runner.Worker.IActionCommandExtension'
[2026-09-10 06:25:07Z INFO ActionCommandManager] Register action command extension for command internal-set-repo-path
[2026-09-10 06:25:07Z INFO ActionCommandManager] Register action command extension for command set-env
[2026-09-10 06:25:07Z INFO ActionCommandManager] Register action command extension for command set-output
[2026-09-10 06:25:07Z INFO ActionCommandManager] Register action command extension for command save-state
[2026-09-10 06:25:07Z INFO ActionCommandManager] Register action command extension for command add-path
[2026-09-10 06:25:07Z INFO ActionCommandManager] Register action command extension for command add-mask
[2026-09-10 06:25:07Z INFO ActionCommandManager] Register action command extension for command add-matcher
[2026-09-10 06:25:07Z INFO ActionCommandManager] Register action command extension for command remove-matcher
[2026-09-10 06:25:07Z INFO ActionCommandManager] Register action command extension for command warning
[2026-09-10 06:25:07Z INFO ActionCommandManager] Register action command extension for command error
[2026-09-10 06:25:07Z INFO ActionCommandManager] Register action command extension for command notice
[2026-09-10 06:25:07Z INFO ActionCommandManager] Register action command extension for command debug
[2026-09-10 06:25:07Z INFO ActionCommandManager] Register action command extension for command group
[2026-09-10 06:25:07Z INFO ActionCommandManager] Register action command extension for command endgroup
[2026-09-10 06:25:07Z INFO ActionCommandManager] Register action command extension for command echo
[2026-09-10 06:25:07Z INFO HostContext] Well known directory 'Bin': 'C:\Users\Bhuwan\Desktop\New folder\actions-runner\bin'
[2026-09-10 06:25:07Z INFO HostContext] Well known directory 'Root': 'C:\Users\Bhuwan\Desktop\New folder\actions-runner'
[2026-09-10 06:25:07Z INFO HostContext] Well known directory 'Externals': 'C:\Users\Bhuwan\Desktop\New folder\actions-runner\externals'
[2026-09-10 06:25:07Z INFO ProcessInvokerWrapper] Starting process:
[2026-09-10 06:25:07Z INFO ProcessInvokerWrapper]   File name: 'C:\Users\Bhuwan\Desktop\New folder\actions-runner\externals\node24\bin\node.exe'
[2026-09-10 06:25:07Z INFO ProcessInvokerWrapper]   Arguments: '"C:\Users\Bhuwan\Desktop\New folder\actions-runner\_work\_actions\actions\checkout\v6\dist/index.js"'
[2026-09-10 06:25:07Z INFO ProcessInvokerWrapper]   Working directory: 'C:\Users\Bhuwan\Desktop\New folder\actions-runner\_work\Github-action-project\Github-action-project'
[2026-09-10 06:25:07Z INFO ProcessInvokerWrapper]   Require exit code zero: 'False'
[2026-09-10 06:25:07Z INFO ProcessInvokerWrapper]   Encoding web name: utf-8 ; code page: '65001'
[2026-09-10 06:25:07Z INFO ProcessInvokerWrapper]   Force kill process on cancellation: 'False'
[2026-09-10 06:25:07Z INFO ProcessInvokerWrapper]   Redirected STDIN: 'False'
[2026-09-10 06:25:07Z INFO ProcessInvokerWrapper]   Persist current code page: 'True'
[2026-09-10 06:25:07Z INFO ProcessInvokerWrapper]   Keep redirected STDIN open: 'False'
[2026-09-10 06:25:07Z INFO ProcessInvokerWrapper]   High priority process: 'False'
[2026-09-10 06:25:07Z INFO ProcessInvokerWrapper] Process started with process id 18660, waiting for process exit.
[2026-09-10 06:25:07Z INFO JobServerQueue] Try to append 1 batches web console lines for record '35666125-2b0e-40df-aed9-bf71da6ed56f', success rate: 1/1.
[2026-09-10 06:25:07Z INFO JobServerQueue] Try to upload 1 log files or attachments, success rate: 1/1.
[2026-09-10 06:25:07Z INFO ProcessInvokerWrapper] STDOUT/STDERR stream read finished.
[2026-09-10 06:25:07Z INFO ProcessInvokerWrapper] STDOUT/STDERR stream read finished.
[2026-09-10 06:25:07Z INFO ProcessInvokerWrapper] Finished process 18660 with exit code 0, and elapsed time 00:00:00.4268694.
[2026-09-10 06:25:07Z INFO CreateStepSummaryCommand] Step Summary file (C:\Users\Bhuwan\Desktop\New folder\actions-runner\_work\_temp\_runner_file_commands\step_summary_62a1758a-2a80-4863-b89b-c055159d64b7) is empty; skipping attachment upload
[2026-09-10 06:25:07Z INFO StepsRunner] Step result: 
[2026-09-10 06:25:07Z INFO ExecutionContext] Publish step telemetry for current step {
  "action": "actions/checkout",
  "ref": "v6",
  "type": "node24",
  "stage": "Post",
  "stepId": "35666125-2b0e-40df-aed9-bf71da6ed56f",
  "result": "succeeded",
  "errorMessages": [],
  "executionTimeInSeconds": 1,
  "startTime": "2026-09-10T06:25:07.1489589Z",
  "finishTime": "2026-09-10T06:25:07.6364428Z"
}.
[2026-09-10 06:25:07Z INFO StepsRunner] No need for updating job result with current step result 'Succeeded'.
[2026-09-10 06:25:07Z INFO StepsRunner] Current state: job state = 'Failed'
[2026-09-10 06:25:07Z INFO JobRunner] Finalize job.
[2026-09-10 06:25:07Z INFO HostContext] Well known directory 'Bin': 'C:\Users\Bhuwan\Desktop\New folder\actions-runner\bin'
[2026-09-10 06:25:07Z INFO HostContext] Well known directory 'Root': 'C:\Users\Bhuwan\Desktop\New folder\actions-runner'
[2026-09-10 06:25:07Z INFO HostContext] Well known directory 'Diag': 'C:\Users\Bhuwan\Desktop\New folder\actions-runner\_diag'
[2026-09-10 06:25:07Z INFO HostContext] Well known directory 'Bin': 'C:\Users\Bhuwan\Desktop\New folder\actions-runner\bin'
[2026-09-10 06:25:07Z INFO HostContext] Well known directory 'Root': 'C:\Users\Bhuwan\Desktop\New folder\actions-runner'
[2026-09-10 06:25:07Z INFO HostContext] Well known directory 'Diag': 'C:\Users\Bhuwan\Desktop\New folder\actions-runner\_diag'
[2026-09-10 06:25:07Z INFO JobExtension] Initialize Env context
[2026-09-10 06:25:07Z INFO JobExtension] Initialize steps context
[2026-09-10 06:25:07Z INFO JobExtension] Total accessible running process: 286.
[2026-09-10 06:25:07Z INFO JobExtension] Wait for all connectivity checks to finish.
[2026-09-10 06:25:07Z INFO JobExtension] Connectivity check result: {
  "endpointUrl": "https://broker.actions.githubusercontent.com/health",
  "endpointIPs": null,
  "startTime": "2026-09-10T06:25:02.5825119Z",
  "statusCode": "http_OK",
  "requestId": "DED2:2A6E7A:1127615:1173B20:6AA24D40",
  "httpRequestDurationInMs": 964,
  "dnsResolutionDurationInMs": 0,
  "dnsError": null
}
[2026-09-10 06:25:07Z INFO JobExtension] Connectivity check result: {
  "endpointUrl": "https://token.actions.githubusercontent.com/ready",
  "endpointIPs": null,
  "startTime": "2026-09-10T06:25:02.5847808Z",
  "statusCode": "http_NoContent",
  "requestId": "3A4C:333E97:AB18E4:C3B4B6:6AA24D40",
  "httpRequestDurationInMs": 1200,
  "dnsResolutionDurationInMs": 0,
  "dnsError": null
}
[2026-09-10 06:25:07Z INFO JobExtension] Connectivity check result: {
  "endpointUrl": "https://run.actions.githubusercontent.com/health",
  "endpointIPs": null,
  "startTime": "2026-09-10T06:25:02.5852179Z",
  "statusCode": "http_OK",
  "requestId": "3FAA:1BF562:1137FE4:11EA7BC:6AA24D40",
  "httpRequestDurationInMs": 954,
  "dnsResolutionDurationInMs": 0,
  "dnsError": null
}
[2026-09-10 06:25:07Z INFO ExecutionContext] Publish step telemetry for current step {
  "action": "complete_job",
  "type": "runner",
  "stage": "Post",
  "stepId": "0bfce689-0e48-49d3-9c71-47f09dfc5d59",
  "result": "succeeded",
  "errorMessages": [],
  "executionTimeInSeconds": 1,
  "startTime": "2026-09-10T06:25:07.6516916Z",
  "finishTime": "2026-09-10T06:25:07.6857603Z"
}.
[2026-09-10 06:25:07Z INFO JobRunner] Job result after all job steps finish: Failed
[2026-09-10 06:25:07Z INFO JobRunner] Completing the job execution context.
[2026-09-10 06:25:07Z INFO JobRunner] Shutting down the job server queue.
[2026-09-10 06:25:07Z INFO JobServerQueue] Fire signal to shutdown all queues.
[2026-09-10 06:25:08Z INFO JobServerQueue] All queue process task stopped.
[2026-09-10 06:25:08Z INFO JobServerQueue] Try to append 1 batches web console lines for record '0bfce689-0e48-49d3-9c71-47f09dfc5d59', success rate: 1/1.
[2026-09-10 06:25:08Z INFO JobServerQueue] Web console line queue drained.
[2026-09-10 06:25:08Z INFO JobServerQueue] Uploading 3 files in one shot.
[2026-09-10 06:25:08Z INFO JobServerQueue] Try to upload 3 log files or attachments, success rate: 3/3.
[2026-09-10 06:25:08Z INFO JobServerQueue] File upload queue drained.
[2026-09-10 06:25:08Z INFO JobServerQueue] Starting results-based upload queue...
[2026-09-10 06:25:08Z INFO JobServerQueue] Uploading 4 file(s) in one shot through results service.
[2026-09-10 06:25:08Z INFO JobServerQueue] Got a step log file to send to results service.
[2026-09-10 06:25:08Z INFO JobServerQueue] Starting upload of step log file to results service ResultsLog, C:\Users\Bhuwan\Desktop\New folder\actions-runner\_diag\blocks\16515659-5e85-4f97-9d18-96e35b7cba62_b350f98b-f8bb-4a0c-9f0e-cfafda16ad02.1
[2026-09-10 06:25:09Z INFO JobServerQueue] Got a step log file to send to results service.
[2026-09-10 06:25:09Z INFO JobServerQueue] Starting upload of step log file to results service ResultsLog, C:\Users\Bhuwan\Desktop\New folder\actions-runner\_diag\blocks\16515659-5e85-4f97-9d18-96e35b7cba62_35666125-2b0e-40df-aed9-bf71da6ed56f.1
[2026-09-10 06:25:10Z INFO JobServerQueue] Got a step log file to send to results service.
[2026-09-10 06:25:10Z INFO JobServerQueue] Starting upload of step log file to results service ResultsLog, C:\Users\Bhuwan\Desktop\New folder\actions-runner\_diag\blocks\16515659-5e85-4f97-9d18-96e35b7cba62_0bfce689-0e48-49d3-9c71-47f09dfc5d59.1
[2026-09-10 06:25:11Z INFO JobServerQueue] Got a job log file to send to results service.
[2026-09-10 06:25:11Z INFO JobServerQueue] Starting upload of job log file to results service ResultsLog, C:\Users\Bhuwan\Desktop\New folder\actions-runner\_diag\blocks\16515659-5e85-4f97-9d18-96e35b7cba62_1e2a0daf-c6d2-5c77-9df9-3e0156463677.1
[2026-09-10 06:25:12Z INFO JobServerQueue] Tried to upload 4 file(s) to results, success rate: 4/4.
[2026-09-10 06:25:12Z INFO JobServerQueue] Results upload queue drained.
[2026-09-10 06:25:12Z INFO JobServerQueue] Timeline update queue drained.
[2026-09-10 06:25:12Z INFO JobServerQueue] Disposing job server ...
[2026-09-10 06:25:12Z INFO JobServerQueue] Disposing results server ...
[2026-09-10 06:25:12Z INFO JobServerQueue] All queue process tasks have been stopped, and all queues are drained.
[2026-09-10 06:25:12Z INFO TempDirectoryManager] Cleaning runner temp folder: C:\Users\Bhuwan\Desktop\New folder\actions-runner\_work\_temp
[2026-09-10 06:25:12Z INFO HostContext] Well known directory 'Bin': 'C:\Users\Bhuwan\Desktop\New folder\actions-runner\bin'
[2026-09-10 06:25:12Z INFO HostContext] Well known directory 'Root': 'C:\Users\Bhuwan\Desktop\New folder\actions-runner'
[2026-09-10 06:25:12Z INFO HostContext] Well known directory 'Diag': 'C:\Users\Bhuwan\Desktop\New folder\actions-runner\_diag'
[2026-09-10 06:25:12Z INFO HostContext] Well known config file 'Telemetry': 'C:\Users\Bhuwan\Desktop\New folder\actions-runner\_diag\.telemetry'
[2026-09-10 06:25:12Z INFO JobRunner] Raising job completed against run service
[2026-09-10 06:25:13Z INFO Worker] Job completed.
